Task_ID,Success,Latency_ms,Bytes,Attempts,Error
2,True,686.28,1048576,1,
6,True,661.89,1048576,1,
5,True,672.91,1048576,1,
4,True,678.81,1048576,1,
8,True,623.97,1048576,1,
3,True,691.10,1048576,1,
7,True,623.92,1048576,1,
1,True,712.56,1048576,1,
10,True,683.14,1048576,1,
9,True,688.25,1048576,1,
15,True,676.08,1048576,1,
12,True,686.02,1048576,1,
13,True,685.20,1048576,1,
14,True,685.20,1048576,1,
16,True,683.15,1048576,1,
11,True,697.86,1048576,1,
17,True,592.91,1048576,1,
18,True,593.37,1048576,1,
19,True,593.94,1048576,1,
20,True,593.96,1048576,1,
21,True,594.15,1048576,1,
22,True,595.59,1048576,1,
24,True,592.41,1048576,1,
23,True,597.16,1048576,1,
32,True,550.99,1048576,1,
29,True,560.98,1048576,1,
27,True,568.35,1048576,1,
31,True,559.44,1048576,1,
30,True,563.94,1048576,1,
28,True,571.27,1048576,1,
26,True,579.14,1048576,1,
25,True,585.25,1048576,1,
33,True,578.20,1048576,1,
35,True,578.05,1048576,1,
34,True,582.10,1048576,1,
36,True,580.05,1048576,1,
38,True,578.97,1048576,1,
39,True,579.96,1048576,1,
37,True,585.07,1048576,1,
40,True,580.39,1048576,1,
45,True,548.58,1048576,1,
41,True,562.90,1048576,1,
47,True,550.12,1048576,1,
42,True,563.49,1048576,1,
43,True,562.66,1048576,1,
46,True,559.15,1048576,1,
44,True,566.76,1048576,1,
48,True,561.94,1048576,1,
49,True,584.42,1048576,1,
51,True,581.59,1048576,1,
50,True,585.67,1048576,1,
52,True,583.49,1048576,1,
54,True,580.35,1048576,1,
53,True,586.18,1048576,1,
56,True,576.79,1048576,1,
55,True,586.15,1048576,1,
64,True,608.75,1048576,1,
61,True,619.41,1048576,1,
62,True,619.74,1048576,1,
60,True,626.62,1048576,1,
63,True,624.18,1048576,1,
59,True,638.73,1048576,1,
58,True,644.20,1048576,1,
57,True,648.99,1048576,1,
72,True,833.67,1048576,1,
67,True,854.52,1048576,1,
69,True,851.98,1048576,1,
71,True,846.95,1048576,1,
70,True,854.47,1048576,1,
65,True,875.15,1048576,1,
66,True,878.58,1048576,1,
68,True,876.47,1048576,1,
73,True,855.20,1048576,1,
78,True,840.63,1048576,1,
74,True,858.79,1048576,1,
75,True,858.06,1048576,1,
80,True,839.98,1048576,1,
79,True,846.66,1048576,1,
76,True,861.71,1048576,1,
77,True,863.62,1048576,1,
81,True,749.19,1048576,1,
82,True,747.27,1048576,1,
85,True,741.95,1048576,1,
83,True,750.35,1048576,1,
84,True,750.48,1048576,1,
88,True,738.57,1048576,1,
86,True,752.07,1048576,1,
87,True,751.76,1048576,1,
89,True,605.05,1048576,1,
90,True,607.14,1048576,1,
93,True,601.32,1048576,1,
91,True,610.05,1048576,1,
96,True,598.00,1048576,1,
92,True,615.14,1048576,1,
94,True,610.64,1048576,1,
95,True,610.64,1048576,1,
97,True,652.77,1048576,1,
100,True,644.14,1048576,1,
99,True,652.17,1048576,1,
103,True,641.73,1048576,1,
104,True,640.67,1048576,1,
98,True,665.00,1048576,1,
101,True,658.37,1048576,1,
102,True,661.92,1048576,1,
106,True,658.90,1048576,1,
105,True,664.01,1048576,1,
109,True,654.02,1048576,1,
111,True,648.71,1048576,1,
108,True,663.39,1048576,1,
112,True,647.00,1048576,1,
110,True,659.00,1048576,1,
107,True,673.33,1048576,1,
116,True,628.93,1048576,1,
118,True,625.39,1048576,1,
113,True,640.47,1048576,1,
115,True,636.93,1048576,1,
119,True,630.60,1048576,1,
114,True,644.06,1048576,1,
120,True,634.20,1048576,1,
117,True,644.14,1048576,1,
121,True,632.79,1048576,1,
125,True,628.25,1048576,1,
128,True,620.03,1048576,1,
123,True,637.75,1048576,1,
122,True,642.65,1048576,1,
127,True,630.57,1048576,1,
124,True,645.75,1048576,1,
126,True,644.17,1048576,1,
129,True,676.24,1048576,1,
136,True,658.58,1048576,1,
130,True,679.01,1048576,1,
132,True,676.52,1048576,1,
133,True,676.20,1048576,1,
131,True,685.86,1048576,1,
135,True,675.67,1048576,1,
134,True,683.12,1048576,1,
137,True,609.79,1048576,1,
144,True,591.89,1048576,1,
139,True,608.24,1048576,1,
141,True,604.89,1048576,1,
143,True,601.88,1048576,1,
138,True,619.94,1048576,1,
140,True,617.99,1048576,1,
142,True,613.18,1048576,1,
145,True,631.03,1048576,1,
148,True,625.46,1048576,1,
146,True,632.15,1048576,1,
149,True,628.79,1048576,1,
150,True,627.52,1048576,1,
152,True,625.94,1048576,1,
151,True,631.06,1048576,1,
147,True,653.44,1048576,1,
153,True,744.27,1048576,1,
156,True,737.84,1048576,1,
160,True,723.18,1048576,1,
158,True,739.93,1048576,1,
155,True,752.35,1048576,1,
159,True,742.35,1048576,1,
154,True,762.53,1048576,1,
157,True,762.11,1048576,1,
161,True,649.02,1048576,1,
162,True,650.12,1048576,1,
167,True,633.80,1048576,1,
164,True,645.47,1048576,1,
166,True,642.04,1048576,1,
165,True,647.97,1048576,1,
168,True,633.85,1048576,1,
163,True,657.66,1048576,1,
169,True,573.02,1048576,1,
175,True,563.49,1048576,1,
176,True,563.90,1048576,1,
172,True,574.54,1048576,1,
173,True,574.59,1048576,1,
174,True,574.64,1048576,1,
170,True,585.07,1048576,1,
171,True,587.19,1048576,1,
177,True,609.77,1048576,1,
180,True,603.83,1048576,1,
178,True,610.44,1048576,1,
179,True,610.20,1048576,1,
184,True,599.53,1048576,1,
183,True,605.29,1048576,1,
182,True,608.91,1048576,1,
181,True,615.23,1048576,1,
192,True,597.02,1048576,1,
185,True,614.69,1048576,1,
188,True,610.51,1048576,1,
191,True,605.91,1048576,1,
189,True,611.56,1048576,1,
190,True,610.89,1048576,1,
187,True,618.16,1048576,1,
186,True,624.80,1048576,1,
195,True,616.20,1048576,1,
196,True,617.19,1048576,1,
200,True,610.95,1048576,1,
197,True,619.62,1048576,1,
199,True,620.23,1048576,1,
198,True,623.54,1048576,1,
194,True,632.08,1048576,1,
193,True,638.70,1048576,1,
206,True,644.29,1048576,1,
202,True,657.10,1048576,1,
208,True,644.50,1048576,1,
207,True,651.62,1048576,1,
204,True,662.01,1048576,1,
201,True,670.20,1048576,1,
205,True,664.15,1048576,1,
203,True,672.12,1048576,1,
216,True,573.38,1048576,1,
214,True,581.83,1048576,1,
215,True,579.00,1048576,1,
213,True,587.28,1048576,1,
210,True,601.98,1048576,1,
209,True,607.91,1048576,1,
211,True,605.54,1048576,1,
212,True,604.87,1048576,1,
218,True,644.56,1048576,1,
223,True,630.81,1048576,1,
222,True,636.26,1048576,1,
219,True,648.77,1048576,1,
220,True,645.11,1048576,1,
224,True,637.49,1048576,1,
217,True,659.04,1048576,1,
221,True,651.04,1048576,1,
226,True,604.24,1048576,1,
232,True,592.18,1048576,1,
228,True,604.39,1048576,1,
225,True,611.80,1048576,1,
227,True,610.19,1048576,1,
229,True,608.15,1048576,1,
230,True,607.09,1048576,1,
231,True,606.75,1048576,1,
233,True,600.50,1048576,1,
234,True,600.73,1048576,1,
236,True,599.02,1048576,1,
238,True,596.59,1048576,1,
239,True,596.66,1048576,1,
235,True,605.76,1048576,1,
240,True,598.50,1048576,1,
237,True,605.44,1048576,1,
243,True,575.27,1048576,1,
242,True,578.57,1048576,1,
247,True,571.67,1048576,1,
246,True,576.10,1048576,1,
244,True,581.59,1048576,1,
248,True,576.29,1048576,1,
241,True,592.06,1048576,1,
245,True,586.53,1048576,1,
250,True,591.82,1048576,1,
253,True,587.78,1048576,1,
251,True,593.76,1048576,1,
256,True,584.60,1048576,1,
252,True,594.85,1048576,1,
249,True,602.30,1048576,1,
255,True,592.78,1048576,1,
254,True,598.14,1048576,1,
263,True,699.46,1048576,1,
259,True,709.35,1048576,1,
264,True,701.21,1048576,1,
260,True,711.92,1048576,1,
261,True,713.78,1048576,1,
262,True,714.32,1048576,1,
257,True,725.67,1048576,1,
258,True,732.29,1048576,1,
271,True,564.03,1048576,1,
267,True,576.21,1048576,1,
270,True,570.77,1048576,1,
268,True,577.75,1048576,1,
265,True,586.02,1048576,1,
269,True,578.33,1048576,1,
272,True,567.70,1048576,1,
266,True,591.89,1048576,1,
273,True,621.41,1048576,1,
278,True,614.02,1048576,1,
277,True,617.72,1048576,1,
280,True,612.07,1048576,1,
279,True,617.19,1048576,1,
276,True,628.58,1048576,1,
274,True,636.41,1048576,1,
275,True,637.18,1048576,1,
283,True,598.83,1048576,1,
281,True,606.88,1048576,1,
287,True,592.55,1048576,1,
288,True,592.69,1048576,1,
282,True,614.01,1048576,1,
285,True,610.63,1048576,1,
284,True,616.07,1048576,1,
286,True,611.66,1048576,1,
290,True,578.93,1048576,1,
289,True,587.36,1048576,1,
292,True,580.17,1048576,1,
291,True,585.01,1048576,1,
295,True,574.08,1048576,1,
296,True,574.50,1048576,1,
293,True,584.64,1048576,1,
294,True,585.77,1048576,1,
297,True,581.83,1048576,1,
299,True,578.52,1048576,1,
301,True,577.34,1048576,1,
303,True,574.53,1048576,1,
302,True,579.59,1048576,1,
304,True,576.16,1048576,1,
298,True,595.37,1048576,1,
300,True,593.41,1048576,1,
305,True,664.58,1048576,1,
306,True,666.20,1048576,1,
310,True,659.64,1048576,1,
312,True,656.00,1048576,1,
309,True,668.32,1048576,1,
308,True,673.93,1048576,1,
311,True,666.81,1048576,1,
307,True,684.08,1048576,1,
313,True,604.98,1048576,1,
315,True,598.55,1048576,1,
320,True,583.32,1048576,1,
317,True,596.93,1048576,1,
319,True,594.98,1048576,1,
314,True,611.58,1048576,1,
316,True,606.81,1048576,1,
318,True,603.18,1048576,1,
322,True,570.02,1048576,1,
327,True,560.99,1048576,1,
325,True,568.07,1048576,1,
323,True,576.24,1048576,1,
328,True,566.40,1048576,1,
324,True,577.19,1048576,1,
326,True,574.01,1048576,1,
321,True,589.84,1048576,1,
333,True,591.75,1048576,1,
336,True,586.08,1048576,1,
330,True,602.93,1048576,1,
329,True,608.05,1048576,1,
332,True,602.86,1048576,1,
331,True,606.82,1048576,1,
334,True,602.66,1048576,1,
335,True,607.78,1048576,1,
339,True,606.90,1048576,1,
337,True,612.34,1048576,1,
341,True,605.51,1048576,1,
338,True,614.66,1048576,1,
344,True,599.26,1048576,1,
340,True,613.75,1048576,1,
343,True,608.76,1048576,1,
342,True,612.74,1048576,1,
348,True,617.90,1048576,1,
351,True,615.68,1048576,1,
347,True,624.67,1048576,1,
349,True,622.82,1048576,1,
346,True,630.19,1048576,1,
352,True,621.08,1048576,1,
350,True,629.34,1048576,1,
345,True,640.32,1048576,1,
353,True,586.28,1048576,1,
359,True,573.79,1048576,1,
360,True,574.15,1048576,1,
358,True,582.74,1048576,1,
355,True,590.27,1048576,1,
357,True,590.05,1048576,1,
356,True,593.76,1048576,1,
354,True,599.72,1048576,1,
361,True,599.92,1048576,1,
368,True,587.19,1048576,1,
366,True,593.94,1048576,1,
365,True,599.03,1048576,1,
367,True,596.36,1048576,1,
364,True,605.91,1048576,1,
362,True,612.89,1048576,1,
363,True,614.41,1048576,1,
369,True,660.11,1048576,1,
370,True,658.61,1048576,1,
372,True,655.43,1048576,1,
373,True,655.82,1048576,1,
374,True,656.47,1048576,1,
375,True,655.66,1048576,1,
376,True,653.68,1048576,1,
371,True,667.45,1048576,1,
378,True,563.13,1048576,1,
379,True,563.54,1048576,1,
377,True,573.45,1048576,1,
382,True,565.02,1048576,1,
383,True,566.70,1048576,1,
384,True,567.41,1048576,1,
381,True,574.38,1048576,1,
380,True,579.10,1048576,1,
386,True,674.86,1048576,1,
391,True,664.94,1048576,1,
389,True,672.07,1048576,1,
390,True,673.93,1048576,1,
385,True,692.72,1048576,1,
388,True,685.66,1048576,1,
392,True,678.60,1048576,1,
387,True,693.02,1048576,1,
396,True,620.66,1048576,1,
393,True,632.10,1048576,1,
395,True,628.74,1048576,1,
397,True,624.03,1048576,1,
399,True,618.97,1048576,1,
394,True,636.13,1048576,1,
400,True,619.95,1048576,1,
398,True,627.86,1048576,1,
406,True,588.94,1048576,1,
407,True,590.75,1048576,1,
402,True,602.34,1048576,1,
403,True,603.11,1048576,1,
401,True,609.09,1048576,1,
408,True,599.88,1048576,1,
405,True,608.10,1048576,1,
404,True,614.05,1048576,1,
413,True,616.35,1048576,1,
410,True,626.54,1048576,1,
414,True,616.71,1048576,1,
415,True,617.83,1048576,1,
416,True,615.49,1048576,1,
412,True,629.59,1048576,1,
409,True,641.16,1048576,1,
411,True,637.99,1048576,1,
419,True,633.43,1048576,1,
418,True,637.70,1048576,1,
417,True,642.12,1048576,1,
424,True,627.79,1048576,1,
420,True,639.52,1048576,1,
422,True,640.37,1048576,1,
421,True,644.93,1048576,1,
423,True,642.65,1048576,1,
427,True,604.53,1048576,1,
428,True,605.21,1048576,1,
432,True,596.49,1048576,1,
426,True,615.54,1048576,1,
430,True,606.52,1048576,1,
429,True,612.89,1048576,1,
431,True,612.72,1048576,1,
425,True,630.67,1048576,1,
435,True,634.88,1048576,1,
433,True,642.93,1048576,1,
439,True,624.92,1048576,1,
434,True,644.17,1048576,1,
440,True,629.51,1048576,1,
438,True,641.23,1048576,1,
436,True,647.23,1048576,1,
437,True,650.79,1048576,1,
447,True,603.63,1048576,1,
442,True,618.30,1048576,1,
448,True,601.59,1048576,1,
441,True,624.13,1048576,1,
444,True,620.04,1048576,1,
445,True,617.48,1048576,1,
443,True,629.15,1048576,1,
446,True,622.46,1048576,1,
449,True,698.54,1048576,1,
451,True,696.77,1048576,1,
452,True,696.96,1048576,1,
456,True,688.02,1048576,1,
450,True,705.14,1048576,1,
455,True,694.16,1048576,1,
454,True,702.52,1048576,1,
453,True,706.03,1048576,1,
458,True,636.75,1048576,1,
457,True,642.37,1048576,1,
460,True,638.12,1048576,1,
461,True,638.34,1048576,1,
463,True,634.96,1048576,1,
459,True,646.05,1048576,1,
464,True,636.22,1048576,1,
462,True,643.15,1048576,1,
465,True,618.02,1048576,1,
472,True,605.21,1048576,1,
469,True,612.42,1048576,1,
470,True,612.74,1048576,1,
471,True,613.17,1048576,1,
467,True,622.34,1048576,1,
468,True,621.69,1048576,1,
466,True,629.22,1048576,1,
479,True,630.67,1048576,1,
474,True,642.65,1048576,1,
475,True,641.98,1048576,1,
477,True,640.06,1048576,1,
480,True,634.93,1048576,1,
473,True,652.43,1048576,1,
476,True,648.90,1048576,1,
478,True,649.47,1048576,1,
488,True,569.07,1048576,1,
483,True,584.30,1048576,1,
484,True,584.25,1048576,1,
485,True,584.69,1048576,1,
482,True,591.84,1048576,1,
486,True,585.41,1048576,1,
487,True,584.36,1048576,1,
481,True,598.46,1048576,1,
496,True,612.75,1048576,1,
492,True,621.30,1048576,1,
495,True,618.28,1048576,1,
489,True,630.70,1048576,1,
490,True,629.98,1048576,1,
493,True,625.95,1048576,1,
491,True,631.86,1048576,1,
494,True,628.72,1048576,1,
498,True,600.98,1048576,1,
497,True,604.70,1048576,1,
503,True,596.06,1048576,1,
499,True,604.65,1048576,1,
501,True,604.34,1048576,1,
500,True,608.20,1048576,1,
504,True,604.67,1048576,1,
502,True,612.42,1048576,1,
510,True,653.95,1048576,1,
505,True,666.41,1048576,1,
506,True,666.45,1048576,1,
509,True,661.72,1048576,1,
511,True,657.32,1048576,1,
512,True,654.98,1048576,1,
508,True,668.68,1048576,1,
507,True,671.97,1048576,1,
520,True,580.52,1048576,1,
515,True,589.90,1048576,1,
518,True,587.50,1048576,1,
513,True,598.40,1048576,1,
517,True,594.44,1048576,1,
516,True,598.82,1048576,1,
514,True,605.94,1048576,1,
519,True,601.34,1048576,1,
527,True,630.32,1048576,1,
523,True,644.60,1048576,1,
528,True,631.42,1048576,1,
521,True,652.49,1048576,1,
525,True,644.28,1048576,1,
526,True,643.47,1048576,1,
522,True,656.89,1048576,1,
524,True,653.44,1048576,1,
533,True,617.97,1048576,1,
531,True,624.95,1048576,1,
532,True,624.93,1048576,1,
536,True,618.67,1048576,1,
534,True,625.67,1048576,1,
529,True,638.19,1048576,1,
535,True,627.75,1048576,1,
530,True,643.41,1048576,1,
537,True,629.49,1048576,1,
541,True,625.21,1048576,1,
539,True,636.20,1048576,1,
538,True,639.86,1048576,1,
544,True,624.95,1048576,1,
540,True,640.51,1048576,1,
542,True,637.69,1048576,1,
543,True,637.50,1048576,1,
546,True,568.86,1048576,1,
545,True,578.02,1048576,1,
551,True,565.24,1048576,1,
550,True,570.48,1048576,1,
548,True,577.47,1048576,1,
547,True,581.29,1048576,1,
552,True,574.96,1048576,1,
549,True,584.07,1048576,1,
554,True,576.44,1048576,1,
557,True,569.40,1048576,1,
553,True,592.61,1048576,1,
555,True,582.96,1048576,1,
559,True,574.14,1048576,1,
556,True,585.08,1048576,1,
560,True,576.71,1048576,1,
558,True,589.31,1048576,1,
561,True,603.71,1048576,1,
568,True,580.60,1048576,1,
565,True,594.45,1048576,1,
562,True,608.26,1048576,1,
567,True,594.25,1048576,1,
563,True,607.72,1048576,1,
564,True,608.53,1048576,1,
566,True,608.00,1048576,1,
576,True,589.21,1048576,1,
575,True,595.32,1048576,1,
570,True,612.69,1048576,1,
569,True,619.68,1048576,1,
571,True,614.56,1048576,1,
572,True,613.37,1048576,1,
574,True,609.94,1048576,1,
573,True,616.03,1048576,1,
577,True,621.01,1048576,1,
578,True,622.00,1048576,1,
584,True,611.20,1048576,1,
581,True,619.81,1048576,1,
583,True,618.49,1048576,1,
579,True,630.50,1048576,1,
582,True,625.65,1048576,1,
580,True,633.12,1048576,1,
590,True,573.52,1048576,1,
585,True,589.03,1048576,1,
589,True,579.75,1048576,1,
587,True,587.95,1048576,1,
586,True,591.86,1048576,1,
588,True,589.55,1048576,1,
591,True,585.44,1048576,1,
592,True,583.83,1048576,1,
600,True,620.62,1048576,1,
598,True,627.52,1048576,1,
595,True,636.29,1048576,1,
597,True,634.12,1048576,1,
593,True,644.73,1048576,1,
599,True,635.98,1048576,1,
596,True,645.24,1048576,1,
594,True,652.48,1048576,1,
601,True,618.29,1048576,1,
607,True,606.63,1048576,1,
602,True,623.36,1048576,1,
605,True,619.88,1048576,1,
603,True,628.56,1048576,1,
608,True,618.17,1048576,1,
606,True,625.91,1048576,1,
604,True,635.73,1048576,1,
609,True,601.26,1048576,1,
611,True,595.77,1048576,1,
610,True,602.87,1048576,1,
614,True,590.81,1048576,1,
615,True,590.49,1048576,1,
612,True,604.45,1048576,1,
613,True,602.63,1048576,1,
616,True,598.59,1048576,1,
617,True,604.86,1048576,1,
618,True,605.26,1048576,1,
622,True,595.78,1048576,1,
619,True,605.34,1048576,1,
624,True,593.40,1048576,1,
623,True,600.99,1048576,1,
621,True,609.11,1048576,1,
620,True,616.20,1048576,1,
625,True,607.11,1048576,1,
626,True,606.47,1048576,1,
630,True,598.80,1048576,1,
628,True,606.74,1048576,1,
631,True,600.47,1048576,1,
632,True,598.39,1048576,1,
627,True,616.64,1048576,1,
629,True,612.95,1048576,1,
633,True,654.98,1048576,1,
640,True,644.05,1048576,1,
635,True,657.98,1048576,1,
639,True,650.72,1048576,1,
637,True,659.73,1048576,1,
638,True,662.09,1048576,1,
636,True,670.75,1048576,1,
634,True,681.93,1048576,1,
643,True,593.35,1048576,1,
641,True,604.54,1048576,1,
642,True,601.75,1048576,1,
647,True,586.90,1048576,1,
648,True,581.89,1048576,1,
645,True,599.13,1048576,1,
644,True,604.26,1048576,1,
646,True,599.64,1048576,1,
649,True,623.28,1048576,1,
655,True,613.55,1048576,1,
653,True,619.09,1048576,1,
651,True,625.40,1048576,1,
650,True,629.50,1048576,1,
654,True,623.81,1048576,1,
656,True,621.87,1048576,1,
652,True,632.81,1048576,1,
657,True,591.50,1048576,1,
664,True,575.97,1048576,1,
660,True,587.92,1048576,1,
661,True,587.93,1048576,1,
658,True,596.69,1048576,1,
662,True,590.16,1048576,1,
659,True,600.76,1048576,1,
663,True,595.41,1048576,1,
670,True,574.25,1048576,1,
668,True,581.16,1048576,1,
667,True,585.38,1048576,1,
671,True,578.14,1048576,1,
666,True,593.13,1048576,1,
672,True,576.89,1048576,1,
665,True,599.93,1048576,1,
669,True,592.93,1048576,1,
674,True,577.43,1048576,1,
680,True,566.28,1048576,1,
673,True,584.83,1048576,1,
677,True,576.84,1048576,1,
675,True,584.42,1048576,1,
679,True,577.77,1048576,1,
676,True,585.84,1048576,1,
678,True,585.29,1048576,1,
682,True,571.07,1048576,1,
687,True,562.36,1048576,1,
681,True,578.25,1048576,1,
683,True,575.41,1048576,1,
686,True,569.41,1048576,1,
684,True,576.50,1048576,1,
685,True,576.66,1048576,1,
688,True,572.49,1048576,1,
689,True,586.76,1048576,1,
690,True,586.42,1048576,1,
695,True,576.91,1048576,1,
694,True,582.42,1048576,1,
696,True,577.95,1048576,1,
691,True,591.88,1048576,1,
693,True,589.29,1048576,1,
692,True,594.60,1048576,1,
704,True,714.33,1048576,1,
700,True,725.49,1048576,1,
703,True,721.90,1048576,1,
698,True,732.22,1048576,1,
699,True,733.04,1048576,1,
701,True,732.68,1048576,1,
697,True,740.51,1048576,1,
702,True,733.88,1048576,1,
710,True,633.08,1048576,1,
706,True,644.03,1048576,1,
705,True,647.74,1048576,1,
712,True,635.69,1048576,1,
709,True,644.25,1048576,1,
707,True,649.96,1048576,1,
708,True,649.76,1048576,1,
711,True,647.37,1048576,1,
717,True,651.40,1048576,1,
713,True,661.53,1048576,1,
718,True,654.05,1048576,1,
716,True,659.57,1048576,1,
720,True,651.60,1048576,1,
715,True,666.39,1048576,1,
714,True,671.09,1048576,1,
719,True,666.14,1048576,1,
726,True,624.72,1048576,1,
727,True,625.34,1048576,1,
721,True,641.65,1048576,1,
725,True,636.35,1048576,1,
723,True,642.20,1048576,1,
728,True,632.31,1048576,1,
722,True,650.78,1048576,1,
724,True,649.95,1048576,1,
730,True,599.80,1048576,1,
732,True,596.52,1048576,1,
735,True,590.12,1048576,1,
734,True,594.77,1048576,1,
731,True,605.01,1048576,1,
729,True,612.71,1048576,1,
733,True,604.48,1048576,1,
736,True,596.55,1048576,1,
739,True,597.51,1048576,1,
741,True,597.39,1048576,1,
743,True,596.13,1048576,1,
742,True,601.67,1048576,1,
738,True,611.57,1048576,1,
737,True,616.06,1048576,1,
744,True,605.74,1048576,1,
740,True,619.11,1048576,1,
746,True,612.86,1048576,1,
751,True,602.79,1048576,1,
752,True,598.81,1048576,1,
748,True,614.42,1048576,1,
745,True,625.31,1048576,1,
749,True,615.09,1048576,1,
750,True,614.41,1048576,1,
747,True,624.39,1048576,1,
755,True,593.67,1048576,1,
760,True,587.28,1048576,1,
758,True,592.73,1048576,1,
757,True,595.85,1048576,1,
759,True,594.29,1048576,1,
753,True,608.48,1048576,1,
754,True,608.84,1048576,1,
756,True,608.36,1048576,1,
764,True,582.91,1048576,1,
765,True,583.57,1048576,1,
761,True,592.64,1048576,1,
766,True,585.60,1048576,1,
763,True,592.40,1048576,1,
762,True,595.66,1048576,1,
768,True,583.51,1048576,1,
767,True,587.86,1048576,1,
770,True,627.13,1048576,1,
771,True,627.12,1048576,1,
773,True,625.45,1048576,1,
772,True,628.57,1048576,1,
775,True,625.19,1048576,1,
774,True,629.52,1048576,1,
776,True,628.21,1048576,1,
769,True,644.85,1048576,1,
777,True,644.79,1048576,1,
780,True,641.95,1048576,1,
778,True,647.19,1048576,1,
782,True,641.92,1048576,1,
779,True,649.02,1048576,1,
781,True,647.25,1048576,1,
783,True,644.86,1048576,1,
784,True,643.58,1048576,1,
790,True,619.42,1048576,1,
792,True,616.02,1048576,1,
788,True,627.22,1048576,1,
787,True,631.14,1048576,1,
786,True,637.32,1048576,1,
785,True,641.84,1048576,1,
789,True,636.33,1048576,1,
791,True,636.99,1048576,1,
800,True,633.78,1048576,1,
796,True,651.08,1048576,1,
793,True,660.06,1048576,1,
799,True,646.50,1048576,1,
798,True,652.88,1048576,1,
797,True,657.60,1048576,1,
794,True,669.33,1048576,1,
795,True,670.22,1048576,1,
801,True,652.06,1048576,1,
806,True,638.77,1048576,1,
808,True,635.29,1048576,1,
804,True,649.93,1048576,1,
802,True,655.11,1048576,1,
805,True,650.94,1048576,1,
803,True,659.50,1048576,1,
807,True,651.40,1048576,1,
809,True,639.65,1048576,1,
816,True,625.28,1048576,1,
811,True,640.96,1048576,1,
814,True,635.59,1048576,1,
813,True,642.08,1048576,1,
815,True,639.02,1048576,1,
810,True,652.66,1048576,1,
812,True,653.72,1048576,1,
817,True,616.83,1048576,1,
819,True,614.39,1048576,1,
821,True,612.47,1048576,1,
823,True,610.71,1048576,1,
822,True,615.02,1048576,1,
818,True,629.07,1048576,1,
820,True,627.07,1048576,1,
824,True,618.19,1048576,1,
826,True,670.38,1048576,1,
825,True,676.91,1048576,1,
830,True,664.21,1048576,1,
829,True,670.91,1048576,1,
832,True,662.85,1048576,1,
827,True,680.45,1048576,1,
828,True,681.02,1048576,1,
831,True,674.54,1048576,1,
837,True,718.91,1048576,1,
840,True,713.61,1048576,1,
836,True,726.96,1048576,1,
833,True,738.40,1048576,1,
834,True,738.38,1048576,1,
838,True,732.14,1048576,1,
835,True,741.81,1048576,1,
839,True,735.89,1048576,1,
845,True,736.64,1048576,1,
844,True,740.84,1048576,1,
847,True,734.26,1048576,1,
846,True,740.07,1048576,1,
843,True,751.71,1048576,1,
842,True,756.76,1048576,1,
841,True,761.75,1048576,1,
848,True,741.69,1048576,1,
849,True,656.58,1048576,1,
854,True,648.09,1048576,1,
855,True,648.86,1048576,1,
856,True,648.19,1048576,1,
851,True,663.09,1048576,1,
853,True,660.62,1048576,1,
852,True,666.11,1048576,1,
850,True,673.67,1048576,1,
857,True,600.44,1048576,1,
858,True,600.34,1048576,1,
864,True,589.30,1048576,1,
861,True,599.77,1048576,1,
859,True,607.27,1048576,1,
860,True,608.45,1048576,1,
863,True,603.65,1048576,1,
862,True,613.61,1048576,1,
865,True,608.46,1048576,1,
866,True,607.43,1048576,1,
871,True,592.49,1048576,1,
868,True,605.60,1048576,1,
869,True,604.70,1048576,1,
867,True,611.73,1048576,1,
872,True,594.97,1048576,1,
870,True,607.06,1048576,1,
878,True,668.16,1048576,1,
880,True,666.33,1048576,1,
876,True,675.24,1048576,1,
875,True,680.19,1048576,1,
873,True,686.29,1048576,1,
877,True,678.61,1048576,1,
874,True,687.37,1048576,1,
879,True,677.78,1048576,1,
881,True,582.29,1048576,1,
888,True,573.22,1048576,1,
883,True,582.82,1048576,1,
884,True,583.33,1048576,1,
885,True,583.38,1048576,1,
887,True,583.43,1048576,1,
886,True,586.37,1048576,1,
882,True,598.52,1048576,1,
893,True,618.33,1048576,1,
890,True,626.07,1048576,1,
894,True,619.41,1048576,1,
892,True,626.51,1048576,1,
889,True,635.24,1048576,1,
891,True,636.76,1048576,1,
895,True,630.91,1048576,1,
896,True,628.31,1048576,1,
899,True,583.58,1048576,1,
897,True,591.12,1048576,1,
901,True,584.70,1048576,1,
900,True,589.25,1048576,1,
903,True,581.40,1048576,1,
898,True,601.43,1048576,1,
904,True,586.71,1048576,1,
902,True,596.51,1048576,1,
905,True,633.42,1048576,1,
908,True,629.34,1048576,1,
911,True,620.47,1048576,1,
910,True,624.84,1048576,1,
912,True,619.30,1048576,1,
907,True,639.53,1048576,1,
909,True,636.99,1048576,1,
906,True,647.44,1048576,1,
913,True,578.68,1048576,1,
914,True,576.68,1048576,1,
918,True,570.96,1048576,1,
916,True,579.11,1048576,1,
915,True,582.60,1048576,1,
919,True,576.84,1048576,1,
920,True,576.29,1048576,1,
917,True,586.15,1048576,1,
923,True,581.20,1048576,1,
926,True,575.52,1048576,1,
927,True,576.48,1048576,1,
925,True,583.96,1048576,1,
922,True,593.43,1048576,1,
928,True,581.38,1048576,1,
921,True,600.43,1048576,1,
924,True,596.67,1048576,1,
929,True,628.53,1048576,1,
930,True,632.38,1048576,1,
935,True,623.22,1048576,1,
933,True,631.58,1048576,1,
932,True,639.17,1048576,1,
936,True,633.38,1048576,1,
934,True,643.85,1048576,1,
931,True,654.04,1048576,1,
937,True,660.14,1048576,1,
942,True,639.47,1048576,1,
939,True,655.76,1048576,1,
940,True,654.21,1048576,1,
938,True,661.93,1048576,1,
944,True,639.40,1048576,1,
941,True,655.26,1048576,1,
943,True,651.21,1048576,1,
947,True,736.66,1048576,1,
948,True,736.82,1048576,1,
946,True,742.96,1048576,1,
945,True,747.52,1048576,1,
950,True,740.06,1048576,1,
952,True,735.75,1048576,1,
949,True,749.00,1048576,1,
951,True,746.88,1048576,1,
954,True,626.94,1048576,1,
953,True,631.55,1048576,1,
956,True,628.58,1048576,1,
955,True,633.52,1048576,1,
959,True,623.48,1048576,1,
958,True,628.54,1048576,1,
960,True,625.21,1048576,1,
957,True,638.61,1048576,1,
961,True,670.35,1048576,1,
963,True,667.54,1048576,1,
964,True,667.05,1048576,1,
968,True,659.20,1048576,1,
962,True,679.54,1048576,1,
965,True,673.85,1048576,1,
967,True,669.98,1048576,1,
966,True,677.83,1048576,1,
974,True,636.48,1048576,1,
973,True,640.56,1048576,1,
969,True,654.68,1048576,1,
976,True,639.05,1048576,1,
970,True,658.85,1048576,1,
971,True,657.82,1048576,1,
972,True,656.98,1048576,1,
975,True,651.17,1048576,1,
983,True,628.52,1048576,1,
977,True,647.65,1048576,1,
978,True,648.13,1048576,1,
979,True,647.99,1048576,1,
984,True,638.28,1048576,1,
982,True,644.93,1048576,1,
981,True,651.51,1048576,1,
980,True,657.11,1048576,1,
985,True,658.94,1048576,1,
987,True,654.75,1048576,1,
988,True,655.83,1048576,1,
992,True,644.33,1048576,1,
990,True,655.33,1048576,1,
989,True,660.56,1048576,1,
991,True,654.23,1048576,1,
986,True,672.50,1048576,1,
994,True,670.00,1048576,1,
1000,True,656.50,1048576,1,
993,True,676.53,1048576,1,
995,True,672.07,1048576,1,
999,True,664.79,1048576,1,
997,True,670.35,1048576,1,
998,True,670.43,1048576,1,
996,True,676.21,1048576,1,
1004,True,624.18,1048576,1,
1003,True,628.22,1048576,1,
1007,True,622.57,1048576,1,
1005,True,628.01,1048576,1,
1008,True,624.78,1048576,1,
1006,True,629.94,1048576,1,
1001,True,640.30,1048576,1,
1002,True,640.46,1048576,1,
1010,True,630.24,1048576,1,
1012,True,628.93,1048576,1,
1015,True,626.15,1048576,1,
1013,True,635.01,1048576,1,
1009,True,646.39,1048576,1,
1014,True,641.32,1048576,1,
1011,True,648.39,1048576,1,
1016,True,643.70,1048576,1,
1020,True,607.88,1048576,1,
1018,True,617.80,1048576,1,
1023,True,601.87,1048576,1,
1022,True,605.70,1048576,1,
1024,True,600.88,1048576,1,
1021,True,612.48,1048576,1,
1017,True,628.69,1048576,1,
1019,True,626.25,1048576,1,
1026,True,651.87,1048576,1,
1025,True,655.92,1048576,1,
1030,True,650.67,1048576,1,
1028,True,656.99,1048576,1,
1027,True,661.29,1048576,1,
1031,True,656.51,1048576,1,
1032,True,658.20,1048576,1,
1029,True,669.18,1048576,1,
1034,True,641.99,1048576,1,
1033,True,646.57,1048576,1,
1040,True,626.23,1048576,1,
1039,True,635.77,1048576,1,
1038,True,643.13,1048576,1,
1036,True,651.08,1048576,1,
1035,True,656.39,1048576,1,
1037,True,653.28,1048576,1,
1041,True,616.37,1048576,1,
1043,True,614.16,1048576,1,
1042,True,618.67,1048576,1,
1045,True,610.40,1048576,1,
1048,True,607.30,1048576,1,
1046,True,613.47,1048576,1,
1044,True,624.65,1048576,1,
1047,True,618.00,1048576,1,
1049,True,636.01,1048576,1,
1054,True,648.05,1048576,1,
1051,True,658.42,1048576,1,
1052,True,661.64,1048576,1,
1053,True,660.34,1048576,1,
1055,True,701.86,1048576,1,
1050,True,718.04,1048576,1,
1056,True,703.96,1048576,1,
1057,True,630.01,1048576,1,
1060,True,601.97,1048576,1,
1061,True,601.65,1048576,1,
1063,True,554.41,1048576,1,
1062,True,558.20,1048576,1,
1064,True,560.02,1048576,1,
1058,True,625.33,1048576,1,
1059,True,624.98,1048576,1,
1065,True,575.14,1048576,1,
1068,True,569.64,1048576,1,
1066,True,576.41,1048576,1,
1070,True,565.12,1048576,1,
1069,True,573.54,1048576,1,
1071,True,566.45,1048576,1,
1067,True,581.37,1048576,1,
1072,True,569.74,1048576,1,
1075,True,665.30,1048576,1,
1076,True,665.53,1048576,1,
1073,True,674.00,1048576,1,
1079,True,663.58,1048576,1,
1074,True,674.71,1048576,1,
1077,True,672.85,1048576,1,
1078,True,673.34,1048576,1,
1080,True,669.48,1048576,1,
1082,True,606.94,1048576,1,
1081,True,610.86,1048576,1,
1085,True,608.34,1048576,1,
1084,True,612.46,1048576,1,
1083,True,616.91,1048576,1,
1087,True,608.87,1048576,1,
1088,True,609.50,1048576,1,
1086,True,615.91,1048576,1,
1090,True,658.73,1048576,1,
1092,True,653.49,1048576,1,
1089,True,664.89,1048576,1,
1096,True,648.73,1048576,1,
1091,True,662.02,1048576,1,
1093,True,661.57,1048576,1,
1095,True,658.71,1048576,1,
1094,True,662.83,1048576,1,
1098,True,616.76,1048576,1,
1099,True,618.05,1048576,1,
1100,True,618.75,1048576,1,
1101,True,618.89,1048576,1,
1104,True,613.33,1048576,1,
1103,True,617.22,1048576,1,
1097,True,634.26,1048576,1,
1102,True,626.48,1048576,1,
1109,True,638.86,1048576,1,
1108,True,643.38,1048576,1,
1112,True,633.06,1048576,1,
1107,True,649.37,1048576,1,
1105,True,657.05,1048576,1,
1110,True,646.54,1048576,1,
1111,True,646.99,1048576,1,
1106,True,661.09,1048576,1,
1117,True,615.78,1048576,1,
1118,True,616.02,1048576,1,
1114,True,627.75,1048576,1,
1115,True,628.13,1048576,1,
1120,True,619.09,1048576,1,
1116,True,630.50,1048576,1,
1113,True,638.03,1048576,1,
1119,True,627.76,1048576,1,
1123,True,622.48,1048576,1,
1125,True,621.39,1048576,1,
1126,True,621.89,1048576,1,
1124,True,628.82,1048576,1,
1128,True,622.88,1048576,1,
1122,True,638.55,1048576,1,
1121,True,644.67,1048576,1,
1127,True,635.24,1048576,1,
1130,True,603.81,1048576,1,
1129,True,611.32,1048576,1,
1131,True,607.32,1048576,1,
1136,True,594.55,1048576,1,
1132,True,609.40,1048576,1,
1134,True,606.76,1048576,1,
1135,True,608.26,1048576,1,
1133,True,614.82,1048576,1,
1139,True,582.31,1048576,1,
1137,True,590.52,1048576,1,
1140,True,584.00,1048576,1,
1138,True,591.07,1048576,1,
1143,True,580.61,1048576,1,
1144,True,580.80,1048576,1,
1142,True,588.46,1048576,1,
1141,True,595.68,1048576,1,
1145,True,658.44,1048576,1,
1152,True,644.49,1048576,1,
1149,True,655.27,1048576,1,
1151,True,653.77,1048576,1,
1147,True,665.00,1048576,1,
1146,True,669.06,1048576,1,
1148,True,667.42,1048576,1,
1150,True,667.73,1048576,1,
1153,True,651.00,1048576,1,
1157,True,646.00,1048576,1,
1159,True,645.74,1048576,1,
1158,True,651.64,1048576,1,
1154,True,662.64,1048576,1,
1156,True,660.33,1048576,1,
1155,True,668.06,1048576,1,
1160,True,657.77,1048576,1,
1162,True,634.92,1048576,1,
1161,True,643.91,1048576,1,
1163,True,634.82,1048576,1,
1168,True,621.43,1048576,1,
1164,True,637.36,1048576,1,
1166,True,634.74,1048576,1,
1167,True,631.76,1048576,1,
1165,True,642.47,1048576,1,
1169,True,591.91,1048576,1,
1173,True,586.36,1048576,1,
1172,True,591.12,1048576,1,
1175,True,587.74,1048576,1,
1170,True,603.04,1048576,1,
1176,True,591.98,1048576,1,
1174,True,599.12,1048576,1,
1171,True,609.66,1048576,1,
1177,True,584.41,1048576,1,
1178,True,582.67,1048576,1,
1183,True,571.18,1048576,1,
1181,True,579.54,1048576,1,
1179,True,588.93,1048576,1,
1182,True,580.65,1048576,1,
1180,True,589.59,1048576,1,
1184,True,579.23,1048576,1,
1186,True,643.70,1048576,1,
1185,True,649.87,1048576,1,
1188,True,642.72,1048576,1,
1192,True,637.73,1048576,1,
1191,True,641.91,1048576,1,
1189,True,647.29,1048576,1,
1187,True,656.65,1048576,1,
1190,True,653.83,1048576,1,
1193,True,617.37,1048576,1,
1194,True,616.46,1048576,1,
1196,True,616.16,1048576,1,
1199,True,610.89,1048576,1,
1198,True,616.55,1048576,1,
1195,True,625.49,1048576,1,
1200,True,612.35,1048576,1,
1197,True,626.20,1048576,1,
1201,True,705.76,1048576,1,
1205,True,697.65,1048576,1,
1206,True,698.60,1048576,1,
1208,True,695.10,1048576,1,
1202,True,714.13,1048576,1,
1203,True,712.70,1048576,1,
1204,True,712.53,1048576,1,
1207,True,709.52,1048576,1,
1209,True,574.73,1048576,1,
1214,True,564.35,1048576,1,
1210,True,577.24,1048576,1,
1213,True,572.69,1048576,1,
1211,True,578.74,1048576,1,
1216,True,568.88,1048576,1,
1212,True,581.62,1048576,1,
1215,True,576.13,1048576,1,
1224,True,676.45,1048576,1,
1217,True,696.33,1048576,1,
1223,True,683.52,1048576,1,
1218,True,701.73,1048576,1,
1219,True,701.56,1048576,1,
1220,True,701.84,1048576,1,
1222,True,701.95,1048576,1,
1221,True,707.81,1048576,1,
1226,True,616.27,1048576,1,
1225,True,622.61,1048576,1,
1232,True,600.36,1048576,1,
1228,True,615.52,1048576,1,
1229,True,616.04,1048576,1,
1231,True,611.65,1048576,1,
1230,True,617.89,1048576,1,
1227,True,632.32,1048576,1,
1236,True,681.83,1048576,1,
1238,True,678.44,1048576,1,
1234,True,691.41,1048576,1,
1239,True,681.45,1048576,1,
1233,True,699.42,1048576,1,
1235,True,697.60,1048576,1,
1240,True,686.72,1048576,1,
1237,True,697.19,1048576,1,
1241,True,661.29,1048576,1,
1245,True,654.04,1048576,1,
1248,True,647.80,1048576,1,
1246,True,655.30,1048576,1,
1247,True,655.45,1048576,1,
1243,True,667.84,1048576,1,
1242,True,673.34,1048576,1,
1244,True,671.44,1048576,1,
1252,True,631.84,1048576,1,
1255,True,627.18,1048576,1,
1253,True,634.45,1048576,1,
1251,True,641.57,1048576,1,
1256,True,632.10,1048576,1,
1250,True,649.39,1048576,1,
1254,True,642.55,1048576,1,
1249,True,658.48,1048576,1,
1257,True,667.45,1048576,1,
1264,True,652.49,1048576,1,
1259,True,670.44,1048576,1,
1263,True,663.29,1048576,1,
1261,True,670.69,1048576,1,
1260,True,676.42,1048576,1,
1262,True,675.25,1048576,1,
1258,True,689.58,1048576,1,
1266,True,676.89,1048576,1,
1265,True,683.32,1048576,1,
1267,True,677.56,1048576,1,
1271,True,667.28,1048576,1,
1269,True,677.33,1048576,1,
1270,True,675.84,1048576,1,
1272,True,670.28,1048576,1,
1268,True,688.03,1048576,1,
1273,True,626.78,1048576,1,
1278,True,618.10,1048576,1,
1275,True,626.87,1048576,1,
1280,True,616.64,1048576,1,
1279,True,624.55,1048576,1,
1277,True,631.21,1048576,1,
1274,True,640.32,1048576,1,
1276,True,637.36,1048576,1,
1283,True,696.31,1048576,1,
1286,True,691.79,1048576,1,
1285,True,696.48,1048576,1,
1281,True,709.72,1048576,1,
1288,True,695.91,1048576,1,
1284,True,708.91,1048576,1,
1287,True,702.11,1048576,1,
1282,True,719.90,1048576,1,
1289,True,645.60,1048576,1,
1290,True,645.27,1048576,1,
1296,True,632.53,1048576,1,
1295,True,640.20,1048576,1,
1293,True,647.80,1048576,1,
1291,True,655.84,1048576,1,
1294,True,651.56,1048576,1,
1292,True,661.10,1048576,1,
1297,True,665.41,1048576,1,
1299,True,661.64,1048576,1,
1298,True,667.34,1048576,1,
1300,True,664.14,1048576,1,
1302,True,659.89,1048576,1,
1301,True,666.76,1048576,1,
1303,True,663.68,1048576,1,
1304,True,662.12,1048576,1,
1305,True,604.00,1048576,1,
1310,True,589.24,1048576,1,
1308,True,598.68,1048576,1,
1309,True,599.72,1048576,1,
1307,True,607.86,1048576,1,
1306,True,612.62,1048576,1,
1311,True,600.60,1048576,1,
1312,True,600.09,1048576,1,
1313,True,665.39,1048576,1,
1319,True,652.31,1048576,1,
1318,True,657.91,1048576,1,
1315,True,668.50,1048576,1,
1317,True,664.94,1048576,1,
1316,True,670.23,1048576,1,
1320,True,663.03,1048576,1,
1314,True,682.10,1048576,1,
1323,True,734.88,1048576,1,
1322,True,742.27,1048576,1,
1324,True,739.82,1048576,1,
1326,True,736.72,1048576,1,
1328,True,735.07,1048576,1,
1327,True,741.49,1048576,1,
1325,True,749.91,1048576,1,
1321,True,762.91,1048576,1,
1333,True,717.50,1048576,1,
1336,True,710.37,1048576,1,
1335,True,714.67,1048576,1,
1329,True,736.47,1048576,1,
1330,True,733.96,1048576,1,
1331,True,734.20,1048576,1,
1332,True,734.59,1048576,1,
1334,True,730.35,1048576,1,
1337,True,705.26,1048576,1,
1341,True,701.20,1048576,1,
1338,True,710.02,1048576,1,
1339,True,710.96,1048576,1,
1340,True,712.05,1048576,1,
1343,True,707.87,1048576,1,
1342,True,716.18,1048576,1,
1344,True,713.90,1048576,1,
1345,True,622.20,1048576,1,
1346,True,621.94,1048576,1,
1352,True,603.36,1048576,1,
1349,True,617.49,1048576,1,
1348,True,624.34,1048576,1,
1347,True,628.51,1048576,1,
1350,True,621.62,1048576,1,
1351,True,618.63,1048576,1,
1353,True,630.52,1048576,1,
1358,True,619.15,1048576,1,
1360,True,616.04,1048576,1,
1356,True,627.87,1048576,1,
1354,True,635.65,1048576,1,
1357,True,629.95,1048576,1,
1355,True,638.09,1048576,1,
1359,True,631.29,1048576,1,
1363,True,594.11,1048576,1,
1365,True,590.91,1048576,1,
1364,True,595.52,1048576,1,
1367,True,589.12,1048576,1,
1361,True,604.87,1048576,1,
1368,True,589.68,1048576,1,
1362,True,605.53,1048576,1,
1366,True,598.99,1048576,1,
1370,True,586.98,1048576,1,
1374,True,582.75,1048576,1,
1372,True,587.60,1048576,1,
1373,True,587.90,1048576,1,
1376,True,584.80,1048576,1,
1375,True,588.99,1048576,1,
1369,True,600.75,1048576,1,
1371,True,599.18,1048576,1,
1380,True,604.45,1048576,1,
1377,True,611.92,1048576,1,
1382,True,604.33,1048576,1,
1381,True,608.66,1048576,1,
1384,True,604.02,1048576,1,
1383,True,607.28,1048576,1,
1378,True,620.52,1048576,1,
1379,True,620.86,1048576,1,
1392,True,574.60,1048576,1,
1385,True,591.28,1048576,1,
1387,True,589.59,1048576,1,
1389,True,588.01,1048576,1,
1390,True,588.38,1048576,1,
1388,True,592.83,1048576,1,
1391,True,588.93,1048576,1,
1386,True,602.37,1048576,1,
1393,True,573.39,1048576,1,
1396,True,569.30,1048576,1,
1397,True,569.38,1048576,1,
1398,True,569.69,1048576,1,
1394,True,580.69,1048576,1,
1399,True,572.42,1048576,1,
1395,True,581.97,1048576,1,
1400,True,572.80,1048576,1,
1402,True,595.68,1048576,1,
1405,True,592.80,1048576,1,
1406,True,593.12,1048576,1,
1401,True,606.23,1048576,1,
1403,True,604.96,1048576,1,
1404,True,605.88,1048576,1,
1408,True,601.92,1048576,1,
1407,True,606.61,1048576,1,
1409,True,594.50,1048576,1,
1411,True,591.12,1048576,1,
1414,True,585.78,1048576,1,
1416,True,580.40,1048576,1,
1412,True,595.04,1048576,1,
1415,True,587.12,1048576,1,
1413,True,598.42,1048576,1,
1410,True,607.12,1048576,1,
1424,True,554.13,1048576,1,
1418,True,569.96,1048576,1,
1420,True,567.36,1048576,1,
1417,True,575.84,1048576,1,
1419,True,572.42,1048576,1,
1421,True,571.64,1048576,1,
1423,True,567.80,1048576,1,
1422,True,573.69,1048576,1,
1428,True,608.98,1048576,1,
1426,True,614.09,1048576,1,
1427,True,614.27,1048576,1,
1429,True,612.33,1048576,1,
1425,True,620.52,1048576,1,
1431,True,610.13,1048576,1,
1432,True,609.51,1048576,1,
1430,True,615.60,1048576,1,
1435,True,640.91,1048576,1,
1433,True,648.83,1048576,1,
1436,True,646.13,1048576,1,
1437,True,647.37,1048576,1,
1439,True,646.96,1048576,1,
1440,True,648.09,1048576,1,
1434,True,659.05,1048576,1,
1438,True,657.88,1048576,1,
1441,True,562.78,1048576,1,
1447,True,548.36,1048576,1,
1448,True,547.16,1048576,1,
1444,True,562.01,1048576,1,
1443,True,565.90,1048576,1,
1442,True,571.28,1048576,1,
1446,True,563.97,1048576,1,
1445,True,570.34,1048576,1,
1449,True,611.61,1048576,1,
1450,True,613.08,1048576,1,
1454,True,605.89,1048576,1,
1456,True,602.15,1048576,1,
1455,True,608.02,1048576,1,
1451,True,619.85,1048576,1,
1452,True,620.38,1048576,1,
1453,True,620.65,1048576,1,
1457,True,581.57,1048576,1,
1458,True,581.07,1048576,1,
1464,True,567.59,1048576,1,
1459,True,582.09,1048576,1,
1460,True,581.83,1048576,1,
1463,True,579.33,1048576,1,
1461,True,586.10,1048576,1,
1462,True,586.41,1048576,1,
1465,True,579.38,1048576,1,
1472,True,564.06,1048576,1,
1470,True,569.90,1048576,1,
1466,True,583.41,1048576,1,
1469,True,578.51,1048576,1,
1468,True,583.69,1048576,1,
1467,True,590.85,1048576,1,
1471,True,582.94,1048576,1,
1473,True,621.29,1048576,1,
1474,True,619.49,1048576,1,
1476,True,619.92,1048576,1,
1477,True,620.13,1048576,1,
1475,True,626.48,1048576,1,
1479,True,618.95,1048576,1,
1480,True,618.47,1048576,1,
1478,True,628.60,1048576,1,
1482,True,628.67,1048576,1,
1481,True,634.49,1048576,1,
1486,True,622.01,1048576,1,
1488,True,619.61,1048576,1,
1483,True,635.09,1048576,1,
1485,True,631.81,1048576,1,
1484,True,639.12,1048576,1,
1487,True,632.48,1048576,1,
1496,True,569.63,1048576,1,
1491,True,585.26,1048576,1,
1494,True,581.17,1048576,1,
1490,True,591.16,1048576,1,
1495,True,579.33,1048576,1,
1492,True,589.70,1048576,1,
1489,True,599.74,1048576,1,
1493,True,591.17,1048576,1,
1498,True,560.75,1048576,1,
1499,True,561.14,1048576,1,
1497,True,567.19,1048576,1,
1500,True,563.67,1048576,1,
1501,True,563.70,1048576,1,
1502,True,564.82,1048576,1,
1503,True,564.87,1048576,1,
1504,True,565.30,1048576,1,
1509,True,571.98,1048576,1,
1507,True,577.58,1048576,1,
1508,True,577.59,1048576,1,
1506,True,583.74,1048576,1,
1505,True,587.39,1048576,1,
1510,True,579.13,1048576,1,
1511,True,579.36,1048576,1,
1512,True,578.64,1048576,1,
1515,True,573.56,1048576,1,
1520,True,566.01,1048576,1,
1513,True,581.01,1048576,1,
1514,True,581.09,1048576,1,
1519,True,572.98,1048576,1,
1517,True,579.27,1048576,1,
1516,True,583.23,1048576,1,
1518,True,580.63,1048576,1,
1527,True,598.17,1048576,1,
1524,True,606.21,1048576,1,
1525,True,606.17,1048576,1,
1523,True,611.79,1048576,1,
1521,True,617.06,1048576,1,
1522,True,616.32,1048576,1,
1526,True,610.76,1048576,1,
1528,True,608.45,1048576,1,
1529,True,603.60,1048576,1,
1531,True,602.10,1048576,1,
1533,True,601.73,1048576,1,
1535,True,600.33,1048576,1,
1536,True,601.66,1048576,1,
1534,True,607.34,1048576,1,
1530,True,616.06,1048576,1,
1532,True,615.37,1048576,1,
1538,True,581.33,1048576,1,
1540,True,578.79,1048576,1,
1542,True,575.71,1048576,1,
1537,True,589.99,1048576,1,
1544,True,575.65,1048576,1,
1539,True,590.63,1048576,1,
1541,True,587.92,1048576,1,
1543,True,586.91,1048576,1,
1550,True,623.55,1048576,1,
1547,True,633.62,1048576,1,
1548,True,633.34,1048576,1,
1546,True,639.13,1048576,1,
1552,True,625.73,1048576,1,
1551,True,630.30,1048576,1,
1549,True,636.68,1048576,1,
1545,True,648.28,1048576,1,
1559,True,573.04,1048576,1,
1556,True,581.54,1048576,1,
1560,True,576.50,1048576,1,
1555,True,587.15,1048576,1,
1554,True,591.26,1048576,1,
1558,True,586.36,1048576,1,
1553,True,596.95,1048576,1,
1557,True,592.84,1048576,1,
1561,True,568.18,1048576,1,
1568,True,554.36,1048576,1,
1567,True,559.72,1048576,1,
1563,True,570.69,1048576,1,
1562,True,575.00,1048576,1,
1564,True,572.80,1048576,1,
1565,True,577.57,1048576,1,
1566,True,578.49,1048576,1,
1569,True,569.46,1048576,1,
1570,True,568.53,1048576,1,
1572,True,565.28,1048576,1,
1571,True,571.36,1048576,1,
1575,True,559.15,1048576,1,
1573,True,570.96,1048576,1,
1576,True,562.63,1048576,1,
1574,True,574.51,1048576,1,
1581,True,583.99,1048576,1,
1582,True,583.22,1048576,1,
1579,True,593.52,1048576,1,
1577,True,600.26,1048576,1,
1584,True,585.17,1048576,1,
1578,True,603.25,1048576,1,
1580,True,600.34,1048576,1,
1583,True,593.83,1048576,1,
1586,True,627.93,1048576,1,
1591,True,617.75,1048576,1,
1588,True,626.97,1048576,1,
1592,True,619.78,1048576,1,
1585,True,637.13,1048576,1,
1587,True,633.96,1048576,1,
1590,True,628.30,1048576,1,
1589,True,633.92,1048576,1,
1596,True,595.60,1048576,1,
1600,True,592.24,1048576,1,
1599,True,597.91,1048576,1,
1594,True,607.92,1048576,1,
1597,True,604.77,1048576,1,
1593,True,615.46,1048576,1,
1595,True,613.91,1048576,1,
1598,True,611.97,1048576,1,
1601,True,632.17,1048576,1,
1602,True,632.72,1048576,1,
1605,True,628.72,1048576,1,
1603,True,635.05,1048576,1,
1606,True,629.60,1048576,1,
1608,True,626.45,1048576,1,
1604,True,638.47,1048576,1,
1607,True,632.77,1048576,1,
1609,True,769.13,1048576,1,
1613,True,759.84,1048576,1,
1611,True,766.87,1048576,1,
1614,True,762.85,1048576,1,
1615,True,765.76,1048576,1,
1612,True,773.32,1048576,1,
1616,True,769.04,1048576,1,
1610,True,785.43,1048576,1,
1617,True,762.85,1048576,1,
1621,True,768.15,1048576,1,
1623,True,768.34,1048576,1,
1620,True,788.39,1048576,1,
1622,True,786.02,1048576,1,
1624,True,792.85,1048576,1,
1619,True,821.87,1048576,1,
1618,True,855.80,1048576,1,
1625,True,662.56,1048576,1,
1626,True,648.00,1048576,1,
1627,True,644.04,1048576,1,
1630,True,617.95,1048576,1,
1629,True,635.03,1048576,1,
1628,True,642.82,1048576,1,
1632,True,582.47,1048576,1,
1631,True,616.23,1048576,1,
1633,True,626.49,1048576,1,
1636,True,624.90,1048576,1,
1639,True,618.60,1048576,1,
1634,True,634.02,1048576,1,
1637,True,628.27,1048576,1,
1640,True,624.22,1048576,1,
1638,True,630.63,1048576,1,
1635,True,645.72,1048576,1,
1641,True,582.42,1048576,1,
1647,True,568.27,1048576,1,
1644,True,579.10,1048576,1,
1648,True,567.92,1048576,1,
1646,True,577.96,1048576,1,
1643,True,589.69,1048576,1,
1642,True,594.95,1048576,1,
1645,True,590.45,1048576,1,
1651,True,683.98,1048576,1,
1649,True,692.72,1048576,1,
1650,True,691.50,1048576,1,
1653,True,685.62,1048576,1,
1652,True,690.60,1048576,1,
1654,True,686.46,1048576,1,
1655,True,685.33,1048576,1,
1656,True,686.92,1048576,1,
1657,True,608.45,1048576,1,
1660,True,605.11,1048576,1,
1658,True,612.47,1048576,1,
1664,True,600.94,1048576,1,
1663,True,606.93,1048576,1,
1659,True,617.50,1048576,1,
1662,True,612.78,1048576,1,
1661,True,622.69,1048576,1,
1665,True,688.13,1048576,1,
1671,True,676.31,1048576,1,
1669,True,683.72,1048576,1,
1666,True,693.70,1048576,1,
1668,True,691.11,1048576,1,
1667,True,696.62,1048576,1,
1672,True,681.37,1048576,1,
1670,True,696.70,1048576,1,
1677,True,627.25,1048576,1,
1673,True,641.11,1048576,1,
1675,True,636.11,1048576,1,
1674,True,640.99,1048576,1,
1676,True,638.52,1048576,1,
1678,True,641.54,1048576,1,
1680,True,637.05,1048576,1,
1679,True,645.62,1048576,1,
1684,True,642.98,1048576,1,
1682,True,649.08,1048576,1,
1681,True,653.42,1048576,1,
1688,True,633.09,1048576,1,
1687,True,638.38,1048576,1,
1683,True,657.52,1048576,1,
1686,True,646.38,1048576,1,
1685,True,657.45,1048576,1,
1690,True,617.24,1048576,1,
1693,True,612.00,1048576,1,
1689,True,623.77,1048576,1,
1696,True,610.15,1048576,1,
1694,True,616.29,1048576,1,
1695,True,615.65,1048576,1,
1692,True,626.14,1048576,1,
1691,True,631.28,1048576,1,
1698,True,564.76,1048576,1,
1701,True,559.15,1048576,1,
1699,True,566.22,1048576,1,
1704,True,555.62,1048576,1,
1697,True,574.47,1048576,1,
1703,True,562.00,1048576,1,
1702,True,567.50,1048576,1,
1700,True,572.87,1048576,1,
1709,True,579.11,1048576,1,
1707,True,585.39,1048576,1,
1705,True,591.28,1048576,1,
1711,True,584.07,1048576,1,
1712,True,585.06,1048576,1,
1710,True,594.74,1048576,1,
1706,True,604.75,1048576,1,
1708,True,605.55,1048576,1,
1713,True,612.12,1048576,1,
1716,True,607.44,1048576,1,
1714,True,616.75,1048576,1,
1720,True,596.69,1048576,1,
1718,True,605.91,1048576,1,
1715,True,621.65,1048576,1,
1717,True,615.94,1048576,1,
1719,True,610.24,1048576,1,
1721,True,639.69,1048576,1,
1728,True,624.55,1048576,1,
1726,True,630.51,1048576,1,
1722,True,641.43,1048576,1,
1723,True,641.53,1048576,1,
1727,True,633.80,1048576,1,
1724,True,643.10,1048576,1,
1725,True,643.08,1048576,1,
1736,True,636.69,1048576,1,
1735,True,640.95,1048576,1,
1732,True,648.56,1048576,1,
1734,True,646.69,1048576,1,
1733,True,649.97,1048576,1,
1731,True,654.98,1048576,1,
1730,True,659.08,1048576,1,
1729,True,663.33,1048576,1,
1740,True,652.21,1048576,1,
1741,True,652.92,1048576,1,
1739,True,658.05,1048576,1,
1744,True,652.44,1048576,1,
1737,True,666.42,1048576,1,
1738,True,668.88,1048576,1,
1743,True,662.69,1048576,1,
1742,True,667.08,1048576,1,
1746,True,602.04,1048576,1,
1750,True,593.38,1048576,1,
1745,True,608.69,1048576,1,
1749,True,602.57,1048576,1,
1751,True,597.78,1048576,1,
1748,True,610.20,1048576,1,
1747,True,615.78,1048576,1,
1752,True,606.78,1048576,1,
1754,True,617.08,1048576,1,
1756,True,625.29,1048576,1,
1759,True,618.87,1048576,1,
1755,True,632.69,1048576,1,
1753,True,639.05,1048576,1,
1760,True,620.50,1048576,1,
1757,True,634.66,1048576,1,
1758,True,634.44,1048576,1,
1761,True,690.95,1048576,1,
1762,True,682.34,1048576,1,
1764,True,683.90,1048576,1,
1767,True,679.01,1048576,1,
1766,True,684.79,1048576,1,
1768,True,682.12,1048576,1,
1763,True,698.53,1048576,1,
1765,True,696.10,1048576,1,
1770,True,656.87,1048576,1,
1769,True,664.66,1048576,1,
1775,True,645.10,1048576,1,
1774,True,652.11,1048576,1,
1772,True,660.43,1048576,1,
1771,True,665.78,1048576,1,
1776,True,657.61,1048576,1,
1773,True,669.02,1048576,1,
1778,True,639.97,1048576,1,
1777,True,648.72,1048576,1,
1779,True,643.83,1048576,1,
1784,True,628.78,1048576,1,
1780,True,647.94,1048576,1,
1781,True,647.93,1048576,1,
1782,True,649.79,1048576,1,
1783,True,645.61,1048576,1,
1785,True,696.18,1048576,1,
1790,True,692.65,1048576,1,
1791,True,690.53,1048576,1,
1786,True,709.86,1048576,1,
1788,True,710.03,1048576,1,
1792,True,696.30,1048576,1,
1789,True,710.38,1048576,1,
1787,True,719.92,1048576,1,
1793,True,614.04,1048576,1,
1796,True,597.94,1048576,1,
1799,True,590.62,1048576,1,
1797,True,598.20,1048576,1,
1794,True,610.38,1048576,1,
1795,True,610.02,1048576,1,
1800,True,598.04,1048576,1,
1798,True,604.32,1048576,1,
1806,True,611.01,1048576,1,
1801,True,624.55,1048576,1,
1803,True,621.22,1048576,1,
1802,True,625.32,1048576,1,
1808,True,612.60,1048576,1,
1807,True,617.59,1048576,1,
1804,True,626.49,1048576,1,
1805,True,626.08,1048576,1,
1811,True,596.65,1048576,1,
1809,True,601.98,1048576,1,
1813,True,596.88,1048576,1,
1816,True,593.16,1048576,1,
1810,True,605.63,1048576,1,
1812,True,604.00,1048576,1,
1814,True,601.38,1048576,1,
1815,True,603.39,1048576,1,
1819,True,582.72,1048576,1,
1823,True,577.54,1048576,1,
1820,True,584.53,1048576,1,
1821,True,584.98,1048576,1,
1822,True,584.76,1048576,1,
1824,True,581.30,1048576,1,
1818,True,595.89,1048576,1,
1817,True,600.89,1048576,1,
1826,True,589.34,1048576,1,
1829,True,586.61,1048576,1,
1825,True,597.48,1048576,1,
1827,True,595.74,1048576,1,
1828,True,596.76,1048576,1,
1831,True,592.81,1048576,1,
1832,True,593.04,1048576,1,
1830,True,601.06,1048576,1,
1834,True,632.28,1048576,1,
1833,True,640.18,1048576,1,
1840,True,623.40,1048576,1,
1835,True,638.38,1048576,1,
1839,True,631.21,1048576,1,
1836,True,643.09,1048576,1,
1837,True,642.76,1048576,1,
1838,True,648.72,1048576,1,
1842,True,694.93,1048576,1,
1847,True,684.03,1048576,1,
1843,True,697.24,1048576,1,
1841,True,706.34,1048576,1,
1844,True,698.77,1048576,1,
1848,True,684.73,1048576,1,
1846,True,698.30,1048576,1,
1845,True,703.49,1048576,1,
1851,True,661.22,1048576,1,
1849,True,668.58,1048576,1,
1853,True,662.59,1048576,1,
1852,True,667.05,1048576,1,
1856,True,659.80,1048576,1,
1850,True,675.10,1048576,1,
1854,True,669.09,1048576,1,
1855,True,669.42,1048576,1,
1859,True,597.63,1048576,1,
1861,True,596.84,1048576,1,
1860,True,602.52,1048576,1,
1857,True,612.29,1048576,1,
1863,True,601.52,1048576,1,
1864,True,600.37,1048576,1,
1862,True,609.48,1048576,1,
1858,True,622.29,1048576,1,
1868,True,654.72,1048576,1,
1867,True,659.56,1048576,1,
1869,True,655.51,1048576,1,
1866,True,666.78,1048576,1,
1872,True,651.25,1048576,1,
1871,True,657.86,1048576,1,
1870,True,662.84,1048576,1,
1865,True,681.04,1048576,1,
1875,True,671.45,1048576,1,
1880,True,662.24,1048576,1,
1879,True,667.82,1048576,1,
1878,True,672.68,1048576,1,
1876,True,679.79,1048576,1,
1877,True,679.65,1048576,1,
1874,True,688.86,1048576,1,
1873,True,693.54,1048576,1,
1882,True,668.19,1048576,1,
1888,True,657.81,1048576,1,
1883,True,672.10,1048576,1,
1885,True,670.52,1048576,1,
1881,True,684.09,1048576,1,
1884,True,677.17,1048576,1,
1886,True,674.39,1048576,1,
1887,True,675.95,1048576,1,
1892,True,627.32,1048576,1,
1891,True,631.37,1048576,1,
1893,True,628.22,1048576,1,
1889,True,642.45,1048576,1,
1896,True,624.88,1048576,1,
1894,True,633.64,1048576,1,
1895,True,634.56,1048576,1,
1890,True,650.36,1048576,1,
1897,True,616.85,1048576,1,
1898,True,618.27,1048576,1,
1899,True,618.51,1048576,1,
1901,True,616.87,1048576,1,
1904,True,609.07,1048576,1,
1900,True,624.14,1048576,1,
1903,True,618.24,1048576,1,
1902,True,625.59,1048576,1,
1905,True,604.37,1048576,1,
1910,True,613.78,1048576,1,
1912,True,621.36,1048576,1,
1906,True,640.24,1048576,1,
1908,True,637.84,1048576,1,
1911,True,633.26,1048576,1,
1907,True,645.51,1048576,1,
1909,True,646.07,1048576,1,
1913,True,582.39,1048576,1,
1914,True,574.93,1048576,1,
1918,True,568.89,1048576,1,
1916,True,577.13,1048576,1,
1919,True,574.53,1048576,1,
1917,True,582.58,1048576,1,
1915,True,594.02,1048576,1,
1920,True,621.79,1048576,1,
1921,True,587.93,1048576,1,
1922,True,576.76,1048576,1,
1923,True,570.32,1048576,1,
1924,True,569.47,1048576,1,
1926,True,563.00,1048576,1,
1925,True,567.74,1048576,1,
1927,True,560.24,1048576,1,
1928,True,521.53,1048576,1,
1930,True,632.32,1048576,1,
1929,True,641.74,1048576,1,
1934,True,626.32,1048576,1,
1936,True,622.29,1048576,1,
1932,True,634.73,1048576,1,
1935,True,632.98,1048576,1,
1931,True,644.34,1048576,1,
1933,True,644.73,1048576,1,
1937,True,609.39,1048576,1,
1941,True,598.44,1048576,1,
1942,True,597.55,1048576,1,
1940,True,606.37,1048576,1,
1943,True,598.27,1048576,1,
1944,True,596.19,1048576,1,
1939,True,614.60,1048576,1,
1938,True,621.44,1048576,1,
1946,True,580.99,1048576,1,
1945,True,585.66,1048576,1,
1952,True,570.45,1048576,1,
1948,True,582.64,1048576,1,
1949,True,582.04,1048576,1,
1950,True,581.60,1048576,1,
1947,True,589.43,1048576,1,
1951,True,584.57,1048576,1,
1954,True,590.45,1048576,1,
1957,True,586.95,1048576,1,
1959,True,585.71,1048576,1,
1953,True,598.27,1048576,1,
1955,True,595.57,1048576,1,
1960,True,589.33,1048576,1,
1958,True,596.92,1048576,1,
1956,True,603.95,1048576,1,
1962,True,661.63,1048576,1,
1968,True,651.32,1048576,1,
1963,True,667.12,1048576,1,
1964,True,667.37,1048576,1,
1961,True,674.75,1048576,1,
1965,True,669.51,1048576,1,
1967,True,665.41,1048576,1,
1966,True,670.93,1048576,1,
1969,True,613.33,1048576,1,
1973,True,604.97,1048576,1,
1971,True,611.65,1048576,1,
1974,True,608.68,1048576,1,
1972,True,614.77,1048576,1,
1970,True,621.40,1048576,1,
1976,True,610.88,1048576,1,
1975,True,615.78,1048576,1,
1977,True,614.23,1048576,1,
1984,True,608.76,1048576,1,
1981,True,619.31,1048576,1,
1978,True,634.62,1048576,1,
1983,True,626.30,1048576,1,
1982,True,646.94,1048576,1,
1979,True,658.32,1048576,1,
1980,True,776.80,1048576,1,
1985,True,675.14,1048576,1,
1986,True,664.75,1048576,1,
1987,True,663.99,1048576,1,
1988,True,659.52,1048576,1,
1990,True,641.31,1048576,1,
1991,True,642.18,1048576,1,
1989,True,667.11,1048576,1,
1992,True,528.75,1048576,1,
1995,True,701.15,1048576,1,
1993,True,710.95,1048576,1,
1994,True,714.47,1048576,1,
1996,True,710.99,1048576,1,
1998,True,704.32,1048576,1,
1997,True,710.96,1048576,1,
2000,True,701.79,1048576,1,
1999,True,710.63,1048576,1,
2002,True,639.89,1048576,1,
2003,True,636.83,1048576,1,
2001,True,650.81,1048576,1,
2004,True,640.76,1048576,1,
2008,True,634.49,1048576,1,
2005,True,645.25,1048576,1,
2006,True,646.33,1048576,1,
2007,True,646.97,1048576,1,
2009,True,674.26,1048576,1,
2010,True,673.87,1048576,1,
2014,True,666.16,1048576,1,
2015,True,666.28,1048576,1,
2011,True,684.19,1048576,1,
2016,True,671.16,1048576,1,
2013,True,682.70,1048576,1,
2012,True,690.91,1048576,1,
2017,True,655.74,1048576,1,
2018,True,656.87,1048576,1,
2021,True,647.28,1048576,1,
2023,True,643.53,1048576,1,
2020,True,655.77,1048576,1,
2024,True,645.28,1048576,1,
2022,True,653.65,1048576,1,
2019,True,668.79,1048576,1,
2025,True,618.67,1048576,1,
2027,True,615.10,1048576,1,
2030,True,609.13,1048576,1,
2029,True,613.63,1048576,1,
2031,True,613.17,1048576,1,
2032,True,611.62,1048576,1,
2026,True,630.36,1048576,1,
2028,True,627.79,1048576,1,
2034,True,639.61,1048576,1,
2040,True,626.10,1048576,1,
2039,True,631.49,1048576,1,
2035,True,644.79,1048576,1,
2038,True,639.01,1048576,1,
2033,True,656.01,1048576,1,
2036,True,650.20,1048576,1,
2037,True,647.96,1048576,1,
2045,True,677.34,1048576,1,
2041,True,688.84,1048576,1,
2043,True,686.81,1048576,1,
2047,True,678.49,1048576,1,
2042,True,693.95,1048576,1,
2046,True,684.55,1048576,1,
2048,True,684.11,1048576,1,
2044,True,695.09,1048576,1,
2056,True,643.88,1048576,1,
2050,True,659.47,1048576,1,
2049,True,663.10,1048576,1,
2052,True,658.87,1048576,1,
2051,True,664.87,1048576,1,
2054,True,662.24,1048576,1,
2055,True,662.98,1048576,1,
2053,True,670.04,1048576,1,
2057,True,697.39,1048576,1,
2061,True,689.30,1048576,1,
2063,True,683.94,1048576,1,
2064,True,684.57,1048576,1,
2059,True,703.42,1048576,1,
2058,True,706.54,1048576,1,
2060,True,705.25,1048576,1,
2062,True,699.27,1048576,1,
2065,True,673.56,1048576,1,
2068,True,668.96,1048576,1,
2070,True,666.79,1048576,1,
2071,True,666.14,1048576,1,
2072,True,665.85,1048576,1,
2067,True,681.28,1048576,1,
2069,True,678.11,1048576,1,
2066,True,688.59,1048576,1,
2075,True,650.99,1048576,1,
2076,True,650.94,1048576,1,
2073,True,659.11,1048576,1,
2077,True,653.27,1048576,1,
2074,True,660.55,1048576,1,
2079,True,649.96,1048576,1,
2078,True,653.42,1048576,1,
2080,True,650.48,1048576,1,
2087,True,703.44,1048576,1,
2088,True,704.66,1048576,1,
2086,True,710.65,1048576,1,
2083,True,719.71,1048576,1,
2082,True,724.48,1048576,1,
2084,True,723.19,1048576,1,
2081,True,733.83,1048576,1,
2085,True,732.06,1048576,1,
2089,True,683.25,1048576,1,
2094,True,671.46,1048576,1,
2095,True,670.69,1048576,1,
2093,True,680.99,1048576,1,
2090,True,694.15,1048576,1,
2091,True,694.40,1048576,1,
2092,True,692.78,1048576,1,
2096,True,680.09,1048576,1,
2100,True,839.04,1048576,1,
2097,True,852.55,1048576,1,
2098,True,851.80,1048576,1,
2102,True,841.42,1048576,1,
2103,True,843.62,1048576,1,
2099,True,858.80,1048576,1,
2104,True,852.74,1048576,1,
2101,True,864.89,1048576,1,
2106,True,742.54,1048576,1,
2105,True,749.36,1048576,1,
2112,True,723.85,1048576,1,
2108,True,745.63,1048576,1,
2110,True,740.73,1048576,1,
2111,True,733.49,1048576,1,
2109,True,747.86,1048576,1,
2107,True,758.39,1048576,1,
2118,True,665.10,1048576,1,
2119,True,665.37,1048576,1,
2115,True,675.75,1048576,1,
2114,True,679.98,1048576,1,
2116,True,678.91,1048576,1,
2117,True,678.65,1048576,1,
2113,True,692.42,1048576,1,
2120,True,676.39,1048576,1,
2124,True,645.23,1048576,1,
2123,True,648.97,1048576,1,
2121,True,654.89,1048576,1,
2125,True,648.06,1048576,1,
2127,True,645.79,1048576,1,
2126,True,649.51,1048576,1,
2128,True,646.59,1048576,1,
2122,True,664.19,1048576,1,
2135,True,675.97,1048576,1,
2134,True,680.39,1048576,1,
2133,True,684.71,1048576,1,
2131,True,690.56,1048576,1,
2129,True,698.07,1048576,1,
2132,True,694.88,1048576,1,
2130,True,702.60,1048576,1,
2136,True,691.75,1048576,1,
2140,True,1167.16,1048576,1,
2142,True,1163.27,1048576,1,
2137,True,1178.62,1048576,1,
2144,True,1162.37,1048576,1,
2139,True,1177.87,1048576,1,
2141,True,1174.68,1048576,1,
2138,True,1184.18,1048576,1,
2143,True,1172.19,1048576,1,
2151,True,671.47,1048576,1,
2145,True,686.23,1048576,1,
2147,True,684.09,1048576,1,
2148,True,684.16,1048576,1,
2146,True,691.36,1048576,1,
2152,True,681.34,1048576,1,
2150,True,687.92,1048576,1,
2149,True,693.50,1048576,1,
2154,True,618.24,1048576,1,
2160,True,604.51,1048576,1,
2156,True,619.54,1048576,1,
2159,True,614.86,1048576,1,
2153,True,631.98,1048576,1,
2157,True,625.06,1048576,1,
2158,True,625.16,1048576,1,
2155,True,634.35,1048576,1,
2162,True,706.88,1048576,1,
2167,True,695.08,1048576,1,
2163,True,707.61,1048576,1,
2161,True,716.11,1048576,1,
2168,True,698.82,1048576,1,
2164,True,712.44,1048576,1,
2166,True,709.18,1048576,1,
2165,True,713.87,1048576,1,
2171,True,670.22,1048576,1,
2169,True,677.60,1048576,1,
2173,True,671.62,1048576,1,
2170,True,680.58,1048576,1,
2175,True,670.35,1048576,1,
2174,True,677.49,1048576,1,
2172,True,685.31,1048576,1,
2176,True,679.09,1048576,1,
2182,True,685.65,1048576,1,
2179,True,697.28,1048576,1,
2178,True,702.34,1048576,1,
2181,True,697.62,1048576,1,
2177,True,710.36,1048576,1,
2180,True,704.49,1048576,1,
2183,True,697.49,1048576,1,
2184,True,697.40,1048576,1,
2188,True,674.42,1048576,1,
2192,True,666.32,1048576,1,
2189,True,676.10,1048576,1,
2190,True,675.99,1048576,1,
2186,True,687.60,1048576,1,
2185,True,693.58,1048576,1,
2191,True,682.24,1048576,1,
2187,True,695.84,1048576,1,
2198,True,688.05,1048576,1,
2193,True,702.42,1048576,1,
2200,True,685.06,1048576,1,
2194,True,704.08,1048576,1,
2197,True,699.68,1048576,1,
2196,True,703.39,1048576,1,
2195,True,707.24,1048576,1,
2199,True,698.91,1048576,1,
2207,True,591.11,1048576,1,
2208,True,590.77,1048576,1,
2205,True,598.70,1048576,1,
2206,True,599.19,1048576,1,
2203,True,607.00,1048576,1,
2204,True,606.86,1048576,1,
2201,True,614.65,1048576,1,
2202,True,614.10,1048576,1,
2216,True,670.15,1048576,1,
2215,True,673.53,1048576,1,
2211,True,683.11,1048576,1,
2212,True,683.07,1048576,1,
2213,True,682.72,1048576,1,
2214,True,681.98,1048576,1,
2209,True,694.07,1048576,1,
2210,True,694.64,1048576,1,
2223,True,624.77,1048576,1,
2224,True,625.30,1048576,1,
2222,True,631.73,1048576,1,
2220,True,636.92,1048576,1,
2218,True,642.82,1048576,1,
2221,True,639.59,1048576,1,
2219,True,645.40,1048576,1,
2217,True,652.82,1048576,1,
2230,True,678.97,1048576,1,
2231,True,679.12,1048576,1,
2226,True,693.24,1048576,1,
2229,True,688.34,1048576,1,
2227,True,695.71,1048576,1,
2228,True,695.36,1048576,1,
2232,True,687.29,1048576,1,
2225,True,708.76,1048576,1,
2236,True,614.88,1048576,1,
2234,True,621.64,1048576,1,
2233,True,626.95,1048576,1,
2239,True,614.65,1048576,1,
2240,True,613.51,1048576,1,
2237,True,624.22,1048576,1,
2238,True,624.50,1048576,1,
2235,True,634.41,1048576,1,
2248,True,680.31,1048576,1,
2242,True,697.31,1048576,1,
2241,True,701.62,1048576,1,
2246,True,691.27,1048576,1,
2245,True,696.56,1048576,1,
2243,True,704.63,1048576,1,
2247,True,697.23,1048576,1,
2244,True,706.15,1048576,1,
2249,True,664.13,1048576,1,
2252,True,662.69,1048576,1,
2251,True,667.84,1048576,1,
2256,True,659.60,1048576,1,
2250,True,675.91,1048576,1,
2255,True,667.37,1048576,1,
2253,True,675.85,1048576,1,
2254,True,678.25,1048576,1,
2257,True,663.84,1048576,1,
2258,True,662.59,1048576,1,
2262,True,652.83,1048576,1,
2263,True,654.06,1048576,1,
2260,True,666.68,1048576,1,
2259,True,672.69,1048576,1,
2261,True,669.24,1048576,1,
2264,True,660.06,1048576,1,
2265,True,777.87,1048576,1,
2271,True,762.26,1048576,1,
2266,True,781.82,1048576,1,
2268,True,776.88,1048576,1,
2272,True,767.94,1048576,1,
2267,True,788.07,1048576,1,
2269,True,785.29,1048576,1,
2270,True,785.56,1048576,1,
2273,True,723.17,1048576,1,
2274,True,722.54,1048576,1,
2275,True,723.19,1048576,1,
2276,True,723.18,1048576,1,
2280,True,710.18,1048576,1,
2278,True,720.11,1048576,1,
2279,True,717.03,1048576,1,
2277,True,729.11,1048576,1,
2283,True,760.48,1048576,1,
2285,True,758.18,1048576,1,
2281,True,773.05,1048576,1,
2282,True,775.17,1048576,1,
2284,True,773.16,1048576,1,
2286,True,771.07,1048576,1,
2287,True,771.21,1048576,1,
2288,True,771.92,1048576,1,
2289,True,697.31,1048576,1,
2290,True,697.25,1048576,1,
2291,True,697.25,1048576,1,
2293,True,693.03,1048576,1,
2292,True,699.71,1048576,1,
2295,True,693.92,1048576,1,
2294,True,699.46,1048576,1,
2296,True,697.47,1048576,1,
2301,True,735.54,1048576,1,
2302,True,734.57,1048576,1,
2298,True,750.55,1048576,1,
2299,True,750.26,1048576,1,
2297,True,759.50,1048576,1,
2303,True,742.65,1048576,1,
2300,True,756.12,1048576,1,
2304,True,745.25,1048576,1,
2305,True,711.96,1048576,1,
2312,True,694.56,1048576,1,
2307,True,713.43,1048576,1,
2311,True,704.93,1048576,1,
2308,True,718.34,1048576,1,
2306,True,727.56,1048576,1,
2309,True,720.91,1048576,1,
2310,True,720.92,1048576,1,
2313,True,621.12,1048576,1,
2315,True,617.38,1048576,1,
2318,True,607.68,1048576,1,
2316,True,619.45,1048576,1,
2317,True,618.33,1048576,1,
2314,True,631.96,1048576,1,
2319,True,617.65,1048576,1,
2320,True,618.23,1048576,1,
2324,True,594.28,1048576,1,
2325,True,593.93,1048576,1,
2321,True,606.85,1048576,1,
2327,True,593.31,1048576,1,
2323,True,608.66,1048576,1,
2328,True,594.93,1048576,1,
2322,True,615.08,1048576,1,
2326,True,606.14,1048576,1,
2336,True,663.96,1048576,1,
2332,True,678.01,1048576,1,
2333,True,679.23,1048576,1,
2330,True,689.73,1048576,1,
2329,True,694.65,1048576,1,
2335,True,684.21,1048576,1,
2331,True,697.62,1048576,1,
2334,True,695.04,1048576,1,
2337,True,782.70,1048576,1,
2341,True,772.03,1048576,1,
2339,True,781.19,1048576,1,
2340,True,781.62,1048576,1,
2344,True,769.49,1048576,1,
2343,True,779.16,1048576,1,
2342,True,786.38,1048576,1,
2338,True,803.85,1048576,1,
2350,True,686.58,1048576,1,
2346,True,702.07,1048576,1,
2348,True,697.55,1048576,1,
2349,True,696.39,1048576,1,
2345,True,710.61,1048576,1,
2351,True,691.52,1048576,1,
2347,True,707.74,1048576,1,
2352,True,691.42,1048576,1,
2359,True,647.41,1048576,1,
2355,True,659.59,1048576,1,
2358,True,656.59,1048576,1,
2357,True,660.67,1048576,1,
2360,True,656.55,1048576,1,
2353,True,671.11,1048576,1,
2356,True,667.85,1048576,1,
2354,True,673.37,1048576,1,
2361,True,617.84,1048576,1,
2364,True,613.86,1048576,1,
2362,True,620.99,1048576,1,
2368,True,611.78,1048576,1,
2367,True,615.92,1048576,1,
2365,True,623.20,1048576,1,
2363,True,628.89,1048576,1,
2366,True,630.06,1048576,1,
2369,True,658.28,1048576,1,
2370,True,656.27,1048576,1,
2371,True,656.38,1048576,1,
2376,True,642.18,1048576,1,
2375,True,650.95,1048576,1,
2373,True,658.21,1048576,1,
2374,True,657.34,1048576,1,
2372,True,664.69,1048576,1,
2377,True,733.26,1048576,1,
2380,True,728.16,1048576,1,
2378,True,735.53,1048576,1,
2384,True,724.80,1048576,1,
2382,True,732.59,1048576,1,
2383,True,734.94,1048576,1,
2379,True,746.79,1048576,1,
2381,True,744.61,1048576,1,
2387,True,738.69,1048576,1,
2386,True,745.20,1048576,1,
2388,True,742.23,1048576,1,
2385,True,753.04,1048576,1,
2392,True,734.20,1048576,1,
2389,True,746.38,1048576,1,
2391,True,741.84,1048576,1,
2390,True,747.34,1048576,1,
2393,True,680.64,1048576,1,
2395,True,676.66,1048576,1,
2400,True,668.02,1048576,1,
2399,True,673.46,1048576,1,
2398,True,679.87,1048576,1,
2394,True,692.27,1048576,1,
2397,True,689.90,1048576,1,
2396,True,694.58,1048576,1,
2402,True,815.62,1048576,1,
2401,True,819.73,1048576,1,
2408,True,798.77,1048576,1,
2404,True,815.29,1048576,1,
2407,True,809.54,1048576,1,
2403,True,825.74,1048576,1,
2405,True,825.13,1048576,1,
2406,True,825.41,1048576,1,
2409,True,726.93,1048576,1,
2411,True,725.37,1048576,1,
2415,True,712.13,1048576,1,
2412,True,727.63,1048576,1,
2410,True,735.78,1048576,1,
2414,True,726.10,1048576,1,
2413,True,731.28,1048576,1,
2416,True,721.38,1048576,1,
2420,True,667.57,1048576,1,
2423,True,663.28,1048576,1,
2421,True,672.65,1048576,1,
2422,True,671.73,1048576,1,
2419,True,682.94,1048576,1,
2424,True,672.86,1048576,1,
2418,True,690.78,1048576,1,
2417,True,697.63,1048576,1,
2425,True,783.62,1048576,1,
2429,True,773.62,1048576,1,
2428,True,778.20,1048576,1,
2430,True,775.44,1048576,1,
2427,True,785.94,1048576,1,
2432,True,775.78,1048576,1,
2426,True,795.09,1048576,1,
2431,True,784.78,1048576,1,
2433,True,658.88,1048576,1,
2434,True,660.78,1048576,1,
2436,True,659.06,1048576,1,
2438,True,655.23,1048576,1,
2435,True,666.89,1048576,1,
2437,True,664.86,1048576,1,
2440,True,660.75,1048576,1,
2439,True,665.87,1048576,1,
2441,True,596.93,1048576,1,
2443,True,608.57,1048576,1,
2448,True,606.31,1048576,1,
2446,True,615.90,1048576,1,
2442,True,629.86,1048576,1,
2447,True,616.16,1048576,1,
2444,True,634.17,1048576,1,
2445,True,642.44,1048576,1,
2449,True,718.03,1048576,1,
2450,True,702.38,1048576,1,
2451,True,692.22,1048576,1,
2453,True,690.17,1048576,1,
2452,True,694.49,1048576,1,
2456,True,672.47,1048576,1,
2455,True,685.93,1048576,1,
2454,True,695.13,1048576,1,
2457,True,661.70,1048576,1,
2462,True,654.00,1048576,1,
2461,True,659.06,1048576,1,
2459,True,665.85,1048576,1,
2463,True,659.85,1048576,1,
2464,True,661.28,1048576,1,
2460,True,672.58,1048576,1,
2458,True,680.59,1048576,1,
2465,True,663.01,1048576,1,
2469,True,652.17,1048576,1,
2470,True,653.20,1048576,1,
2471,True,651.88,1048576,1,
2467,True,665.91,1048576,1,
2466,True,671.52,1048576,1,
2468,True,670.00,1048576,1,
2472,True,661.28,1048576,1,
2473,True,591.21,1048576,1,
2474,True,590.99,1048576,1,
2480,True,575.30,1048576,1,
2475,True,590.93,1048576,1,
2479,True,583.47,1048576,1,
2476,True,594.23,1048576,1,
2477,True,596.67,1048576,1,
2478,True,595.71,1048576,1,
2484,True,671.60,1048576,1,
2483,True,675.32,1048576,1,
2481,True,682.16,1048576,1,
2486,True,674.95,1048576,1,
2487,True,672.95,1048576,1,
2482,True,689.07,1048576,1,
2485,True,684.43,1048576,1,
2488,True,677.96,1048576,1,
2491,True,669.97,1048576,1,
2489,True,677.46,1048576,1,
2492,True,670.54,1048576,1,
2490,True,679.34,1048576,1,
2494,True,670.01,1048576,1,
2495,True,668.14,1048576,1,
2496,True,667.55,1048576,1,
2493,True,678.59,1048576,1,
2503,True,764.36,1048576,1,
2502,True,768.25,1048576,1,
2499,True,775.66,1048576,1,
2498,True,779.52,1048576,1,
2501,True,776.19,1048576,1,
2497,True,786.01,1048576,1,
2500,True,781.56,1048576,1,
2504,True,774.90,1048576,1,
2507,True,759.99,1048576,1,
2512,True,752.55,1048576,1,
2509,True,760.73,1048576,1,
2505,True,771.03,1048576,1,
2510,True,765.44,1048576,1,
2506,True,775.30,1048576,1,
2511,True,767.49,1048576,1,
2508,True,779.63,1048576,1,
2516,True,763.93,1048576,1,
2520,True,753.25,1048576,1,
2515,True,772.66,1048576,1,
2517,True,768.87,1048576,1,
2518,True,770.06,1048576,1,
2514,True,783.46,1048576,1,
2519,True,774.58,1048576,1,
2513,True,792.95,1048576,1,
2521,True,732.13,1048576,1,
2528,True,712.68,1048576,1,
2526,True,723.54,1048576,1,
2524,True,731.74,1048576,1,
2525,True,731.76,1048576,1,
2522,True,741.89,1048576,1,
2527,True,729.93,1048576,1,
2523,True,747.25,1048576,1,
2533,True,601.75,1048576,1,
2529,True,616.28,1048576,1,
2535,True,600.89,1048576,1,
2534,True,606.56,1048576,1,
2530,True,622.45,1048576,1,
2536,True,605.13,1048576,1,
2532,True,619.93,1048576,1,
2531,True,625.43,1048576,1,
2544,True,837.47,1048576,1,
2537,True,857.97,1048576,1,
2540,True,853.53,1048576,1,
2543,True,847.82,1048576,1,
2538,True,863.23,1048576,1,
2542,True,857.78,1048576,1,
2541,True,862.80,1048576,1,
2539,True,872.87,1048576,1,
2549,True,722.35,1048576,1,
2548,True,729.79,1048576,1,
2546,True,736.37,1048576,1,
2550,True,726.25,1048576,1,
2545,True,743.87,1048576,1,
2552,True,724.45,1048576,1,
2551,True,729.57,1048576,1,
2547,True,749.97,1048576,1,
2553,True,744.51,1048576,1,
2554,True,747.14,1048576,1,
2558,True,740.20,1048576,1,
2559,True,739.75,1048576,1,
2560,True,735.64,1048576,1,
2556,True,750.65,1048576,1,
2555,True,755.63,1048576,1,
2557,True,752.06,1048576,1,
2565,True,815.14,1048576,1,
2561,True,831.59,1048576,1,
2567,True,816.84,1048576,1,
2562,True,829.79,1048576,1,
2564,True,828.07,1048576,1,
2563,True,833.85,1048576,1,
2568,True,829.85,1048576,1,
2566,True,836.46,1048576,1,
2570,True,794.39,1048576,1,
2576,True,776.39,1048576,1,
2572,True,794.21,1048576,1,
2571,True,800.38,1048576,1,
2574,True,794.93,1048576,1,
2569,True,814.77,1048576,1,
2573,True,807.20,1048576,1,
2575,True,801.91,1048576,1,
2578,True,720.92,1048576,1,
2577,True,727.97,1048576,1,
2580,True,722.13,1048576,1,
2579,True,728.71,1048576,1,
2582,True,721.21,1048576,1,
2584,True,716.24,1048576,1,
2581,True,734.11,1048576,1,
2583,True,728.08,1048576,1,
2585,True,624.36,1048576,1,
2586,True,623.17,1048576,1,
2592,True,606.08,1048576,1,
2591,True,611.64,1048576,1,
2589,True,620.87,1048576,1,
2588,True,628.30,1048576,1,
2587,True,634.53,1048576,1,
2590,True,625.87,1048576,1,
2595,True,723.43,1048576,1,
2594,True,729.57,1048576,1,
2599,True,722.04,1048576,1,
2597,True,729.74,1048576,1,
2598,True,731.14,1048576,1,
2600,True,728.71,1048576,1,
2596,True,741.41,1048576,1,
2593,True,756.11,1048576,1,
2602,True,720.28,1048576,1,
2601,True,727.69,1048576,1,
2603,True,720.92,1048576,1,
2608,True,706.80,1048576,1,
2605,True,719.65,1048576,1,
2606,True,718.79,1048576,1,
2604,True,729.66,1048576,1,
2607,True,723.45,1048576,1,
2609,True,587.33,1048576,1,
2610,True,585.74,1048576,1,
2613,True,581.39,1048576,1,
2615,True,577.13,1048576,1,
2616,True,576.01,1048576,1,
2611,True,593.07,1048576,1,
2612,True,592.99,1048576,1,
2614,True,594.42,1048576,1,
2617,True,628.28,1048576,1,
2624,True,610.30,1048576,1,
2621,True,623.50,1048576,1,
2618,True,632.94,1048576,1,
2622,True,625.89,1048576,1,
2619,True,635.18,1048576,1,
2620,True,635.51,1048576,1,
2623,True,631.46,1048576,1,
2625,True,737.56,1048576,1,
2632,True,721.78,1048576,1,
2627,True,736.25,1048576,1,
2631,True,728.49,1048576,1,
2629,True,735.57,1048576,1,
2630,True,734.92,1048576,1,
2626,True,748.62,1048576,1,
2628,True,750.82,1048576,1,
2639,True,698.21,1048576,1,
2633,True,714.03,1048576,1,
2636,True,709.92,1048576,1,
2640,True,697.90,1048576,1,
2635,True,717.32,1048576,1,
2634,True,721.13,1048576,1,
2637,True,718.32,1048576,1,
2638,True,720.37,1048576,1,
2644,True,767.19,1048576,1,
2645,True,767.67,1048576,1,
2647,True,764.80,1048576,1,
2642,True,781.01,1048576,1,
2648,True,767.09,1048576,1,
2643,True,784.80,1048576,1,
2641,True,792.57,1048576,1,
2646,True,787.07,1048576,1,
2654,True,1011.17,1048576,1,
2649,True,1031.82,1048576,1,
2651,True,1032.54,1048576,1,
2652,True,1033.23,1048576,1,
2656,True,1023.93,1048576,1,
2655,True,1033.10,1048576,1,
2653,True,1044.52,1048576,1,
2650,True,1058.06,1048576,1,
2660,True,1255.62,1048576,1,
2661,True,1253.26,1048576,1,
2662,True,1252.30,1048576,1,
2657,True,1280.04,1048576,1,
2663,True,1251.19,1048576,1,
2659,True,1272.18,1048576,1,
2658,True,1280.19,1048576,1,
2664,True,1259.03,1048576,1,
2668,True,877.72,1048576,1,
2671,True,874.65,1048576,1,
2670,True,879.43,1048576,1,
2669,True,884.12,1048576,1,
2667,True,890.75,1048576,1,
2665,True,899.34,1048576,1,
2672,True,879.84,1048576,1,
2666,True,902.18,1048576,1,
2679,True,664.42,1048576,1,
2673,True,682.47,1048576,1,
2677,True,673.76,1048576,1,
2678,True,672.86,1048576,1,
2675,True,682.70,1048576,1,
2676,True,682.23,1048576,1,
2674,True,692.15,1048576,1,
2680,True,678.20,1048576,1,
2685,True,737.45,1048576,1,
2687,True,732.65,1048576,1,
2682,True,748.05,1048576,1,
2681,True,751.97,1048576,1,
2688,True,736.78,1048576,1,
2684,True,749.66,1048576,1,
2683,True,753.66,1048576,1,
2686,True,749.66,1048576,1,
2690,True,676.70,1048576,1,
2696,True,666.92,1048576,1,
2695,True,670.07,1048576,1,
2693,True,675.86,1048576,1,
2692,True,679.80,1048576,1,
2689,True,691.03,1048576,1,
2694,True,684.12,1048576,1,
2691,True,691.66,1048576,1,
2700,True,651.73,1048576,1,
2699,True,656.36,1048576,1,
2704,True,649.43,1048576,1,
2697,True,669.41,1048576,1,
2701,True,664.24,1048576,1,
2703,True,658.69,1048576,1,
2702,True,663.93,1048576,1,
2698,True,678.88,1048576,1,
2705,True,598.13,1048576,1,
2707,True,591.50,1048576,1,
2712,True,579.80,1048576,1,
2706,True,602.60,1048576,1,
2709,True,593.22,1048576,1,
2711,True,592.10,1048576,1,
2708,True,603.63,1048576,1,
2710,True,600.72,1048576,1,
2713,True,602.62,1048576,1,
2718,True,591.51,1048576,1,
2716,True,598.87,1048576,1,
2714,True,605.36,1048576,1,
2717,True,599.85,1048576,1,
2720,True,591.62,1048576,1,
2719,True,594.75,1048576,1,
2715,True,608.65,1048576,1,
2722,True,585.56,1048576,1,
2724,True,583.97,1048576,1,
2721,True,591.01,1048576,1,
2723,True,590.06,1048576,1,
2725,True,588.29,1048576,1,
2728,True,587.22,1048576,1,
2727,True,590.72,1048576,1,
2726,True,595.16,1048576,1,
2732,True,631.38,1048576,1,
2736,True,623.45,1048576,1,
2731,True,637.30,1048576,1,
2730,True,641.04,1048576,1,
2735,True,631.34,1048576,1,
2734,True,634.92,1048576,1,
2733,True,641.13,1048576,1,
2729,True,650.62,1048576,1,
2741,True,559.40,1048576,1,
2737,True,570.32,1048576,1,
2744,True,559.19,1048576,1,
2742,True,565.40,1048576,1,
2739,True,573.63,1048576,1,
2740,True,574.44,1048576,1,
2738,True,582.42,1048576,1,
2743,True,575.81,1048576,1,
2745,True,627.48,1048576,1,
2752,True,609.31,1048576,1,
2746,True,629.90,1048576,1,
2749,True,625.08,1048576,1,
2747,True,632.98,1048576,1,
2748,True,632.80,1048576,1,
2750,True,628.96,1048576,1,
2751,True,628.57,1048576,1,
2754,True,605.08,1048576,1,
2753,True,609.88,1048576,1,
2760,True,592.38,1048576,1,
2755,True,607.36,1048576,1,
2756,True,607.27,1048576,1,
2759,True,602.44,1048576,1,
2757,True,609.17,1048576,1,
2758,True,609.77,1048576,1,
2765,True,664.42,1048576,1,
2762,True,673.14,1048576,1,
2767,True,664.71,1048576,1,
2768,True,664.00,1048576,1,
2761,True,681.22,1048576,1,
2763,True,681.37,1048576,1,
2764,True,681.36,1048576,1,
2766,True,683.38,1048576,1,
2769,True,644.43,1048576,1,
2776,True,629.00,1048576,1,
2773,True,642.45,1048576,1,
2774,True,641.93,1048576,1,
2775,True,641.59,1048576,1,
2772,True,652.17,1048576,1,
2770,True,660.17,1048576,1,
2771,True,660.09,1048576,1,
2777,True,622.80,1048576,1,
2778,True,622.88,1048576,1,
2783,True,612.30,1048576,1,
2779,True,625.69,1048576,1,
2781,True,624.12,1048576,1,
2782,True,626.10,1048576,1,
2780,True,634.17,1048576,1,
2784,True,627.49,1048576,1,
2785,True,658.61,1048576,1,
2787,True,653.27,1048576,1,
2792,True,638.37,1048576,1,
2786,True,660.66,1048576,1,
2791,True,647.04,1048576,1,
2788,True,660.07,1048576,1,
2790,True,653.35,1048576,1,
2789,True,660.20,1048576,1,
2795,True,682.83,1048576,1,
2800,True,677.05,1048576,1,
2798,True,683.37,1048576,1,
2793,True,697.51,1048576,1,
2794,True,697.62,1048576,1,
2797,True,692.33,1048576,1,
2796,True,697.91,1048576,1,
2799,True,696.01,1048576,1,
2801,True,582.40,1048576,1,
2802,True,598.20,1048576,1,
2804,True,596.21,1048576,1,
2805,True,596.38,1048576,1,
2807,True,593.22,1048576,1,
2808,True,591.93,1048576,1,
2806,True,602.66,1048576,1,
2803,True,613.76,1048576,1,
2809,True,582.51,1048576,1,
2814,True,568.22,1048576,1,
2815,True,568.87,1048576,1,
2812,True,580.84,1048576,1,
2816,True,589.27,1048576,1,
2810,True,615.70,1048576,1,
2811,True,636.96,1048576,1,
2813,True,708.60,1048576,1,
2817,True,596.02,1048576,1,
2819,True,576.84,1048576,1,
2818,True,583.76,1048576,1,
2821,True,557.61,1048576,1,
2823,True,526.68,1048576,1,
2820,True,582.93,1048576,1,
2822,True,556.70,1048576,1,
2824,True,459.90,1048576,1,
2830,True,675.44,1048576,1,
2829,True,679.46,1048576,1,
2832,True,673.01,1048576,1,
2827,True,688.89,1048576,1,
2831,True,680.53,1048576,1,
2826,True,694.64,1048576,1,
2828,True,691.31,1048576,1,
2825,True,701.75,1048576,1,
2835,True,644.23,1048576,1,
2840,True,635.43,1048576,1,
2837,True,643.60,1048576,1,
2838,True,643.55,1048576,1,
2834,True,653.55,1048576,1,
2836,True,651.58,1048576,1,
2833,True,659.92,1048576,1,
2839,True,650.02,1048576,1,
2841,True,625.55,1048576,1,
2845,True,620.44,1048576,1,
2846,True,620.72,1048576,1,
2843,True,628.36,1048576,1,
2842,True,631.54,1048576,1,
2847,True,623.06,1048576,1,
2844,True,630.92,1048576,1,
2848,True,624.97,1048576,1,
2855,True,581.75,1048576,1,
2852,True,588.46,1048576,1,
2850,True,595.03,1048576,1,
2853,True,591.83,1048576,1,
2856,True,588.86,1048576,1,
2851,True,599.66,1048576,1,
2849,True,606.34,1048576,1,
2854,True,600.38,1048576,1,
2858,True,629.97,1048576,1,
2864,True,618.72,1048576,1,
2862,True,625.85,1048576,1,
2859,True,634.28,1048576,1,
2860,True,634.99,1048576,1,
2863,True,629.43,1048576,1,
2857,True,649.89,1048576,1,
2861,True,643.91,1048576,1,
2865,True,580.34,1048576,1,
2869,True,575.13,1048576,1,
2872,True,566.29,1048576,1,
2871,True,571.68,1048576,1,
2870,True,579.39,1048576,1,
2866,True,589.44,1048576,1,
2867,True,589.79,1048576,1,
2868,True,597.46,1048576,1,
2873,True,620.30,1048576,1,
2880,True,597.69,1048576,1,
2876,True,616.28,1048576,1,
2878,True,614.68,1048576,1,
2874,True,624.97,1048576,1,
2879,True,616.89,1048576,1,
2875,True,627.27,1048576,1,
2877,True,625.72,1048576,1,
2881,True,646.19,1048576,1,
2883,True,644.01,1048576,1,
2884,True,644.91,1048576,1,
2888,True,638.08,1048576,1,
2886,True,644.72,1048576,1,
2882,True,658.15,1048576,1,
2887,True,649.30,1048576,1,
2885,True,655.58,1048576,1,
2890,True,642.01,1048576,1,
2894,True,632.40,1048576,1,
2892,True,640.15,1048576,1,
2895,True,633.32,1048576,1,
2891,True,646.09,1048576,1,
2889,True,653.27,1048576,1,
2893,True,644.49,1048576,1,
2896,True,638.94,1048576,1,
2902,True,590.81,1048576,1,
2898,True,599.32,1048576,1,
2897,True,602.86,1048576,1,
2903,True,594.30,1048576,1,
2900,True,602.18,1048576,1,
2899,True,605.36,1048576,1,
2901,True,603.72,1048576,1,
2904,True,600.23,1048576,1,
2910,True,678.29,1048576,1,
2907,True,686.49,1048576,1,
2905,True,691.86,1048576,1,
2911,True,682.24,1048576,1,
2912,True,681.47,1048576,1,
2908,True,691.91,1048576,1,
2909,True,691.90,1048576,1,
2906,True,700.53,1048576,1,
2920,True,621.05,1048576,1,
2914,True,636.16,1048576,1,
2918,True,632.18,1048576,1,
2915,True,639.79,1048576,1,
2917,True,639.78,1048576,1,
2916,True,643.37,1048576,1,
2919,True,638.73,1048576,1,
2913,True,654.56,1048576,1,
2923,True,622.38,1048576,1,
2921,True,631.50,1048576,1,
2922,True,631.08,1048576,1,
2925,True,624.45,1048576,1,
2926,True,624.58,1048576,1,
2928,True,620.45,1048576,1,
2927,True,626.19,1048576,1,
2924,True,635.50,1048576,1,
2932,True,605.69,1048576,1,
2935,True,602.08,1048576,1,
2929,True,616.80,1048576,1,
2930,True,615.45,1048576,1,
2934,True,609.76,1048576,1,
2933,True,614.01,1048576,1,
2936,True,610.21,1048576,1,
2931,True,621.47,1048576,1,
2938,True,593.48,1048576,1,
2943,True,584.64,1048576,1,
2940,True,593.05,1048576,1,
2939,True,596.48,1048576,1,
2944,True,587.93,1048576,1,
2937,True,603.40,1048576,1,
2942,True,595.27,1048576,1,
2941,True,599.09,1048576,1,
2946,True,567.93,1048576,1,
2947,True,569.13,1048576,1,
2949,True,568.43,1048576,1,
2948,True,571.77,1048576,1,
2952,True,566.66,1048576,1,
2951,True,571.00,1048576,1,
2945,True,583.68,1048576,1,
2950,True,578.61,1048576,1,
2956,True,599.84,1048576,1,
2955,True,603.62,1048576,1,
2954,True,608.05,1048576,1,
2958,True,601.02,1048576,1,
2953,True,614.12,1048576,1,
2959,True,601.36,1048576,1,
2960,True,599.92,1048576,1,
2957,True,611.64,1048576,1,
2963,True,611.60,1048576,1,
2967,True,607.35,1048576,1,
2968,True,606.07,1048576,1,
2965,True,614.51,1048576,1,
2964,True,618.13,1048576,1,
2966,True,619.11,1048576,1,
2961,True,629.46,1048576,1,
2962,True,629.60,1048576,1,
2969,True,612.51,1048576,1,
2971,True,611.05,1048576,1,
2974,True,604.66,1048576,1,
2970,True,618.25,1048576,1,
2975,True,609.54,1048576,1,
2976,True,609.45,1048576,1,
2973,True,619.70,1048576,1,
2972,True,624.01,1048576,1,
2979,True,570.27,1048576,1,
2981,True,565.33,1048576,1,
2983,True,563.46,1048576,1,
2980,True,573.80,1048576,1,
2978,True,582.23,1048576,1,
2984,True,569.20,1048576,1,
2977,True,588.73,1048576,1,
2982,True,579.63,1048576,1,
2988,True,587.94,1048576,1,
2990,True,586.17,1048576,1,
2986,True,599.47,1048576,1,
2985,True,604.59,1048576,1,
2987,True,602.40,1048576,1,
2991,True,593.88,1048576,1,
2992,True,592.59,1048576,1,
2989,True,602.90,1048576,1,
2994,True,624.80,1048576,1,
2993,True,629.68,1048576,1,
2995,True,624.78,1048576,1,
2999,True,617.90,1048576,1,
2996,True,626.30,1048576,1,
2998,True,624.34,1048576,1,
3000,True,622.31,1048576,1,
2997,True,632.08,1048576,1,
3003,True,630.14,1048576,1,
3006,True,626.65,1048576,1,
3001,True,637.92,1048576,1,
3005,True,632.87,1048576,1,
3007,True,630.37,1048576,1,
3004,True,638.42,1048576,1,
3008,True,630.80,1048576,1,
3002,True,655.19,1048576,1,
3010,True,621.59,1048576,1,
3014,True,615.58,1048576,1,
3009,True,629.68,1048576,1,
3015,True,619.70,1048576,1,
3011,True,630.53,1048576,1,
3016,True,613.98,1048576,1,
3012,True,633.96,1048576,1,
3013,True,636.08,1048576,1,
3017,True,675.71,1048576,1,
3023,True,660.41,1048576,1,
3021,True,668.66,1048576,1,
3019,True,675.50,1048576,1,
3022,True,669.49,1048576,1,
3018,True,682.53,1048576,1,
3020,True,677.88,1048576,1,
3024,True,667.79,1048576,1,
3030,True,560.17,1048576,1,
3032,True,557.85,1048576,1,
3028,True,566.79,1048576,1,
3029,True,567.13,1048576,1,
3025,True,576.28,1048576,1,
3027,True,574.83,1048576,1,
3026,True,578.51,1048576,1,
3031,True,575.57,1048576,1,
3034,True,633.08,1048576,1,
3040,True,619.37,1048576,1,
3035,True,635.37,1048576,1,
3038,True,631.06,1048576,1,
3036,True,638.93,1048576,1,
3039,True,635.23,1048576,1,
3037,True,641.40,1048576,1,
3033,True,651.83,1048576,1,
3042,True,677.59,1048576,1,
3041,True,681.72,1048576,1,
3043,True,679.66,1048576,1,
3048,True,669.81,1048576,1,
3044,True,683.19,1048576,1,
3046,True,680.73,1048576,1,
3045,True,684.09,1048576,1,
3047,True,686.62,1048576,1,
3054,True,637.13,1048576,1,
3056,True,630.26,1048576,1,
3055,True,639.59,1048576,1,
3050,True,653.44,1048576,1,
3053,True,647.59,1048576,1,
3052,True,653.33,1048576,1,
3051,True,657.68,1048576,1,
3049,True,663.51,1048576,1,
3063,True,623.72,1048576,1,
3062,True,627.10,1048576,1,
3058,True,637.87,1048576,1,
3060,True,635.59,1048576,1,
3061,True,635.17,1048576,1,
3064,True,631.00,1048576,1,
3059,True,642.93,1048576,1,
3057,True,649.99,1048576,1,
3068,True,572.64,1048576,1,
3072,True,567.06,1048576,1,
3067,True,579.28,1048576,1,
3069,True,577.91,1048576,1,
3066,True,585.04,1048576,1,
3071,True,577.14,1048576,1,
3070,True,581.11,1048576,1,
3065,True,592.73,1048576,1,
3073,True,610.35,1048576,1,
3077,True,603.83,1048576,1,
3079,True,602.56,1048576,1,
3078,True,605.77,1048576,1,
3080,True,603.27,1048576,1,
3075,True,614.55,1048576,1,
3076,True,615.01,1048576,1,
3074,True,621.23,1048576,1,
3082,True,577.71,1048576,1,
3081,True,582.51,1048576,1,
3088,True,572.27,1048576,1,
3087,True,576.16,1048576,1,
3085,True,582.60,1048576,1,
3086,True,583.15,1048576,1,
3084,True,588.76,1048576,1,
3083,True,596.58,1048576,1,
3091,True,600.64,1048576,1,
3089,True,608.45,1048576,1,
3092,True,602.99,1048576,1,
3094,True,599.95,1048576,1,
3096,True,593.60,1048576,1,
3095,True,601.50,1048576,1,
3090,True,616.57,1048576,1,
3093,True,616.72,1048576,1,
3098,True,582.57,1048576,1,
3104,True,566.04,1048576,1,
3103,True,575.03,1048576,1,
3102,True,580.37,1048576,1,
3101,True,584.07,1048576,1,
3097,True,593.50,1048576,1,
3099,True,593.41,1048576,1,
3100,True,593.51,1048576,1,
3110,True,640.44,1048576,1,
3108,True,646.82,1048576,1,
3106,True,652.50,1048576,1,
3112,True,641.48,1048576,1,
3107,True,654.78,1048576,1,
3105,True,660.27,1048576,1,
3109,True,654.76,1048576,1,
3111,True,652.13,1048576,1,
3115,True,611.93,1048576,1,
3117,True,609.95,1048576,1,
3120,True,605.65,1048576,1,
3114,True,620.51,1048576,1,
3118,True,615.60,1048576,1,
3119,True,615.71,1048576,1,
3113,True,632.90,1048576,1,
3116,True,630.47,1048576,1,
3123,True,658.57,1048576,1,
3121,True,665.11,1048576,1,
3122,True,665.63,1048576,1,
3125,True,660.45,1048576,1,
3126,True,661.44,1048576,1,
3128,True,654.09,1048576,1,
3127,True,660.47,1048576,1,
3124,True,673.82,1048576,1,
3133,True,595.94,1048576,1,
3135,True,593.37,1048576,1,
3134,True,597.18,1048576,1,
3129,True,611.85,1048576,1,
3130,True,612.22,1048576,1,
3131,True,611.77,1048576,1,
3136,True,601.48,1048576,1,
3132,True,613.89,1048576,1,
3137,True,599.52,1048576,1,
3138,True,602.15,1048576,1,
3144,True,591.37,1048576,1,
3143,True,595.76,1048576,1,
3141,True,604.12,1048576,1,
3140,True,610.96,1048576,1,
3139,True,615.79,1048576,1,
3142,True,612.25,1048576,1,
3145,True,646.13,1048576,1,
3146,True,643.88,1048576,1,
3149,True,636.77,1048576,1,
3152,True,628.84,1048576,1,
3148,True,646.95,1048576,1,
3150,True,640.60,1048576,1,
3151,True,640.77,1048576,1,
3147,True,655.53,1048576,1,
3153,True,607.93,1048576,1,
3154,True,608.52,1048576,1,
3157,True,601.88,1048576,1,
3159,True,600.51,1048576,1,
3155,True,613.06,1048576,1,
3156,True,612.91,1048576,1,
3160,True,604.97,1048576,1,
3158,True,612.21,1048576,1,
3166,True,628.05,1048576,1,
3162,True,639.29,1048576,1,
3167,True,630.74,1048576,1,
3168,True,629.64,1048576,1,
3161,True,647.18,1048576,1,
3165,True,641.00,1048576,1,
3164,True,644.61,1048576,1,
3163,True,648.37,1048576,1,
3176,True,585.54,1048576,1,
3172,True,596.94,1048576,1,
3169,True,604.90,1048576,1,
3175,True,595.85,1048576,1,
3174,True,599.12,1048576,1,
3171,True,607.76,1048576,1,
3173,True,607.48,1048576,1,
3170,True,616.62,1048576,1,
3177,True,664.98,1048576,1,
3179,True,662.11,1048576,1,
3183,True,655.20,1048576,1,
3182,True,660.92,1048576,1,
3181,True,668.16,1048576,1,
3180,True,673.79,1048576,1,
3184,True,665.29,1048576,1,
3178,True,683.65,1048576,1,
3185,True,683.16,1048576,1,
3187,True,680.70,1048576,1,
3186,True,685.98,1048576,1,
3188,True,681.45,1048576,1,
3192,True,670.77,1048576,1,
3189,True,682.22,1048576,1,
3191,True,677.71,1048576,1,
3190,True,682.54,1048576,1,
3195,True,696.40,1048576,1,
3199,True,690.31,1048576,1,
3197,True,696.78,1048576,1,
3194,True,705.13,1048576,1,
3193,True,712.09,1048576,1,
3200,True,696.35,1048576,1,
3196,True,706.56,1048576,1,
3198,True,705.51,1048576,1,
3208,True,636.41,1048576,1,
3207,True,641.64,1048576,1,
3201,True,656.40,1048576,1,
3205,True,649.38,1048576,1,
3206,True,649.77,1048576,1,
3203,True,657.14,1048576,1,
3204,True,656.79,1048576,1,
3202,True,663.98,1048576,1,
3214,True,636.82,1048576,1,
3213,True,640.66,1048576,1,
3215,True,641.40,1048576,1,
3216,True,645.51,1048576,1,
3210,True,661.24,1048576,1,
3211,True,661.13,1048576,1,
3209,True,668.57,1048576,1,
3212,True,669.47,1048576,1,
3218,True,616.68,1048576,1,
3217,True,621.52,1048576,1,
3224,True,595.54,1048576,1,
3222,True,607.71,1048576,1,
3220,True,616.07,1048576,1,
3219,True,626.90,1048576,1,
3223,True,613.80,1048576,1,
3221,True,623.07,1048576,1,
3229,True,633.79,1048576,1,
3227,True,641.55,1048576,1,
3225,True,649.45,1048576,1,
3230,True,637.89,1048576,1,
3232,True,634.01,1048576,1,
3228,True,648.74,1048576,1,
3231,True,642.08,1048576,1,
3226,True,659.77,1048576,1,
3239,True,650.65,1048576,1,
3237,True,656.96,1048576,1,
3238,True,657.21,1048576,1,
3233,True,670.36,1048576,1,
3236,True,664.83,1048576,1,
3234,True,672.76,1048576,1,
3235,True,672.35,1048576,1,
3240,True,662.34,1048576,1,
3244,True,643.01,1048576,1,
3241,True,652.05,1048576,1,
3248,True,639.39,1048576,1,
3242,True,653.87,1048576,1,
3247,True,645.84,1048576,1,
3246,True,649.70,1048576,1,
3245,True,655.23,1048576,1,
3243,True,661.23,1048576,1,
3255,True,665.50,1048576,1,
3251,True,676.22,1048576,1,
3252,True,676.11,1048576,1,
3250,True,682.00,1048576,1,
3253,True,677.77,1048576,1,
3249,True,689.53,1048576,1,
3254,True,681.09,1048576,1,
3256,True,678.10,1048576,1,
3264,True,619.83,1048576,1,
3263,True,624.61,1048576,1,
3260,True,634.11,1048576,1,
3259,True,638.01,1048576,1,
3262,True,632.84,1048576,1,
3261,True,637.60,1048576,1,
3258,True,646.00,1048576,1,
3257,True,649.60,1048576,1,
3270,True,619.57,1048576,1,
3268,True,625.45,1048576,1,
3272,True,620.07,1048576,1,
3267,True,632.09,1048576,1,
3269,True,632.05,1048576,1,
3271,True,630.87,1048576,1,
3265,True,646.90,1048576,1,
3266,True,647.25,1048576,1,
3280,True,668.11,1048576,1,
3279,True,673.88,1048576,1,
3278,True,679.89,1048576,1,
3277,True,685.99,1048576,1,
3273,True,698.95,1048576,1,
3276,True,696.54,1048576,1,
3274,True,703.83,1048576,1,
3275,True,703.99,1048576,1,
3281,True,747.69,1048576,1,
3287,True,732.16,1048576,1,
3285,True,744.48,1048576,1,
3284,True,750.53,1048576,1,
3282,True,758.98,1048576,1,
3288,True,745.76,1048576,1,
3286,True,753.62,1048576,1,
3283,True,766.55,1048576,1,
3296,True,741.96,1048576,1,
3291,True,761.41,1048576,1,
3289,True,771.72,1048576,1,
3293,True,759.52,1048576,1,
3294,True,757.83,1048576,1,
3295,True,758.09,1048576,1,
3292,True,770.61,1048576,1,
3290,True,782.42,1048576,1,
3297,True,770.58,1048576,1,
3300,True,767.55,1048576,1,
3303,True,763.04,1048576,1,
3299,True,778.78,1048576,1,
3302,True,774.35,1048576,1,
3298,True,789.81,1048576,1,
3304,True,781.88,1048576,1,
3301,True,792.59,1048576,1,
3311,True,658.10,1048576,1,
3308,True,675.33,1048576,1,
3306,True,686.64,1048576,1,
3312,True,661.61,1048576,1,
3305,True,697.02,1048576,1,
3309,True,683.23,1048576,1,
3310,True,679.75,1048576,1,
3307,True,699.14,1048576,1,
3313,True,653.19,1048576,1,
3318,True,644.54,1048576,1,
3314,True,658.35,1048576,1,
3315,True,658.69,1048576,1,
3316,True,659.34,1048576,1,
3320,True,648.26,1048576,1,
3317,True,661.60,1048576,1,
3319,True,657.52,1048576,1,
3325,True,703.68,1048576,1,
3328,True,698.65,1048576,1,
3327,True,703.41,1048576,1,
3321,True,724.79,1048576,1,
3322,True,723.78,1048576,1,
3323,True,723.26,1048576,1,
3324,True,722.46,1048576,1,
3326,True,721.00,1048576,1,
3333,True,638.45,1048576,1,
3331,True,646.56,1048576,1,
3330,True,650.89,1048576,1,
3329,True,656.10,1048576,1,
3332,True,652.61,1048576,1,
3335,True,647.17,1048576,1,
3336,True,643.67,1048576,1,
3334,True,653.42,1048576,1,
3338,True,674.84,1048576,1,
3342,True,665.83,1048576,1,
3341,True,669.18,1048576,1,
3344,True,664.83,1048576,1,
3340,True,677.02,1048576,1,
3337,True,686.26,1048576,1,
3339,True,684.82,1048576,1,
3343,True,676.97,1048576,1,
3346,True,614.14,1048576,1,
3349,True,611.25,1048576,1,
3352,True,606.94,1048576,1,
3348,True,618.41,1048576,1,
3347,True,622.16,1048576,1,
3345,True,627.68,1048576,1,
3351,True,617.82,1048576,1,
3350,True,624.12,1048576,1,
3358,True,619.64,1048576,1,
3360,True,615.87,1048576,1,
3356,True,627.70,1048576,1,
3357,True,627.51,1048576,1,
3355,True,633.24,1048576,1,
3353,True,641.24,1048576,1,
3354,True,640.24,1048576,1,
3359,True,631.21,1048576,1,
3365,True,632.81,1048576,1,
3364,True,637.59,1048576,1,
3361,True,646.69,1048576,1,
3368,True,638.07,1048576,1,
3367,True,642.13,1048576,1,
3362,True,654.46,1048576,1,
3366,True,648.33,1048576,1,
3363,True,655.61,1048576,1,
3376,True,634.70,1048576,1,
3370,True,652.49,1048576,1,
3369,True,656.96,1048576,1,
3371,True,651.93,1048576,1,
3373,True,647.74,1048576,1,
3372,True,654.52,1048576,1,
3374,True,652.17,1048576,1,
3375,True,656.91,1048576,1,
3377,True,680.06,1048576,1,
3384,True,662.60,1048576,1,
3380,True,680.83,1048576,1,
3383,True,674.80,1048576,1,
3381,True,683.90,1048576,1,
3378,True,691.40,1048576,1,
3379,True,693.63,1048576,1,
3382,True,688.11,1048576,1,
3392,True,645.84,1048576,1,
3389,True,656.68,1048576,1,
3386,True,667.50,1048576,1,
3385,True,673.83,1048576,1,
3391,True,659.88,1048576,1,
3390,True,666.91,1048576,1,
3387,True,676.88,1048576,1,
3388,True,678.20,1048576,1,
3394,True,644.55,1048576,1,
3393,True,650.68,1048576,1,
3397,True,642.34,1048576,1,
3396,True,647.35,1048576,1,
3395,True,653.12,1048576,1,
3400,True,640.86,1048576,1,
3398,True,650.58,1048576,1,
3399,True,650.17,1048576,1,
3402,True,676.86,1048576,1,
3408,True,662.11,1048576,1,
3407,True,667.26,1048576,1,
3404,True,678.20,1048576,1,
3406,True,673.11,1048576,1,
3401,True,690.39,1048576,1,
3405,True,683.41,1048576,1,
3403,True,689.96,1048576,1,
3409,True,613.63,1048576,1,
3414,True,606.79,1048576,1,
3413,True,612.90,1048576,1,
3416,True,606.95,1048576,1,
3411,True,621.16,1048576,1,
3415,True,613.40,1048576,1,
3410,True,627.56,1048576,1,
3412,True,625.98,1048576,1,
3419,True,626.92,1048576,1,
3417,True,635.61,1048576,1,
3421,True,626.37,1048576,1,
3422,True,626.04,1048576,1,
3420,True,632.36,1048576,1,
3423,True,627.38,1048576,1,
3418,True,644.68,1048576,1,
3424,True,633.10,1048576,1,
3432,True,674.44,1048576,1,
3431,True,680.32,1048576,1,
3430,True,686.33,1048576,1,
3428,True,691.64,1048576,1,
3429,True,691.85,1048576,1,
3425,True,701.90,1048576,1,
3426,True,703.86,1048576,1,
3427,True,704.10,1048576,1,
3437,True,654.83,1048576,1,
3440,True,648.40,1048576,1,
3438,True,656.69,1048576,1,
3433,True,669.26,1048576,1,
3436,True,665.44,1048576,1,
3439,True,658.96,1048576,1,
3435,True,670.91,1048576,1,
3434,True,674.54,1048576,1,
3442,True,654.27,1048576,1,
3446,True,648.50,1048576,1,
3443,True,656.74,1048576,1,
3444,True,656.20,1048576,1,
3441,True,665.23,1048576,1,
3448,True,654.10,1048576,1,
3445,True,661.58,1048576,1,
3447,True,659.56,1048576,1,
3454,True,635.13,1048576,1,
3451,True,644.70,1048576,1,
3449,True,650.55,1048576,1,
3455,True,639.83,1048576,1,
3456,True,640.80,1048576,1,
3452,True,652.14,1048576,1,
3453,True,653.46,1048576,1,
3450,True,661.23,1048576,1,
3457,True,626.77,1048576,1,
3459,True,628.22,1048576,1,
3458,True,634.93,1048576,1,
3462,True,628.91,1048576,1,
3460,True,636.97,1048576,1,
3464,True,629.79,1048576,1,
3463,True,634.18,1048576,1,
3461,True,643.11,1048576,1,
3469,True,676.83,1048576,1,
3468,True,684.06,1048576,1,
3466,True,694.61,1048576,1,
3470,True,682.83,1048576,1,
3472,True,680.09,1048576,1,
3467,True,701.05,1048576,1,
3471,True,690.80,1048576,1,
3465,True,718.46,1048576,1,
3473,True,619.64,1048576,1,
3475,True,615.26,1048576,1,
3474,True,620.74,1048576,1,
3476,True,618.20,1048576,1,
3477,True,618.53,1048576,1,
3479,True,613.31,1048576,1,
3478,True,617.37,1048576,1,
3480,True,611.44,1048576,1,
3482,True,603.97,1048576,1,
3481,True,608.80,1048576,1,
3488,True,593.25,1048576,1,
3485,True,601.54,1048576,1,
3484,True,606.43,1048576,1,
3483,True,610.32,1048576,1,
3486,True,606.02,1048576,1,
3487,True,606.13,1048576,1,
3489,True,712.76,1048576,1,
3495,True,702.26,1048576,1,
3490,True,715.45,1048576,1,
3492,True,714.33,1048576,1,
3494,True,712.33,1048576,1,
3493,True,717.05,1048576,1,
3491,True,724.05,1048576,1,
3496,True,715.01,1048576,1,
3503,True,620.76,1048576,1,
3504,True,621.16,1048576,1,
3502,True,628.79,1048576,1,
3501,True,633.44,1048576,1,
3497,True,643.92,1048576,1,
3500,True,638.83,1048576,1,
3498,True,646.56,1048576,1,
3499,True,647.80,1048576,1,
3506,True,675.26,1048576,1,
3505,True,679.27,1048576,1,
3508,True,675.35,1048576,1,
3507,True,679.95,1048576,1,
3511,True,673.74,1048576,1,
3509,True,686.29,1048576,1,
3510,True,688.28,1048576,1,
3512,True,683.48,1048576,1,
3513,True,633.17,1048576,1,
3514,True,633.05,1048576,1,
3518,True,620.26,1048576,1,
3519,True,618.28,1048576,1,
3516,True,633.64,1048576,1,
3520,True,619.32,1048576,1,
3517,True,630.80,1048576,1,
3515,True,641.02,1048576,1,
3527,True,566.75,1048576,1,
3521,True,578.82,1048576,1,
3526,True,571.64,1048576,1,
3528,True,571.35,1048576,1,
3522,True,584.22,1048576,1,
3524,True,582.47,1048576,1,
3523,True,587.24,1048576,1,
3525,True,586.85,1048576,1,
3530,True,654.36,1048576,1,
3535,True,643.97,1048576,1,
3533,True,651.78,1048576,1,
3531,True,660.81,1048576,1,
3536,True,649.76,1048576,1,
3534,True,657.33,1048576,1,
3529,True,672.57,1048576,1,
3532,True,668.83,1048576,1,
3537,True,632.73,1048576,1,
3542,True,621.72,1048576,1,
3541,True,625.42,1048576,1,
3540,True,629.46,1048576,1,
3543,True,622.92,1048576,1,
3539,True,636.30,1048576,1,
3544,True,624.50,1048576,1,
3538,True,643.71,1048576,1,
3549,True,667.71,1048576,1,
3548,True,671.26,1048576,1,
3546,True,676.40,1048576,1,
3551,True,669.49,1048576,1,
3547,True,678.52,1048576,1,
3545,True,684.61,1048576,1,
3552,True,674.78,1048576,1,
3550,True,681.95,1048576,1,
3554,True,597.07,1048576,1,
3553,True,601.92,1048576,1,
3555,True,601.09,1048576,1,
3560,True,590.93,1048576,1,
3556,True,603.31,1048576,1,
3557,True,605.77,1048576,1,
3559,True,601.75,1048576,1,
3558,True,609.98,1048576,1,
3567,True,604.07,1048576,1,
3563,True,618.60,1048576,1,
3565,True,618.28,1048576,1,
3568,True,608.74,1048576,1,
3564,True,628.04,1048576,1,
3566,True,624.28,1048576,1,
3561,True,642.94,1048576,1,
3562,True,642.31,1048576,1,
3570,True,610.08,1048576,1,
3569,True,615.52,1048576,1,
3571,True,610.66,1048576,1,
3573,True,604.80,1048576,1,
3575,True,600.04,1048576,1,
3576,True,599.35,1048576,1,
3574,True,608.37,1048576,1,
3572,True,618.51,1048576,1,
3584,True,624.34,1048576,1,
3579,True,639.18,1048576,1,
3581,True,637.46,1048576,1,
3580,True,641.27,1048576,1,
3583,True,636.81,1048576,1,
3577,True,651.66,1048576,1,
3578,True,652.11,1048576,1,
3582,True,648.10,1048576,1,
3585,True,599.25,1048576,1,
3586,True,598.66,1048576,1,
3591,True,590.59,1048576,1,
3588,True,598.95,1048576,1,
3587,True,602.69,1048576,1,
3592,True,592.80,1048576,1,
3590,True,601.05,1048576,1,
3589,True,604.18,1048576,1,
3593,True,608.71,1048576,1,
3596,True,604.45,1048576,1,
3597,True,605.76,1048576,1,
3595,True,611.83,1048576,1,
3594,True,617.29,1048576,1,
3600,True,608.96,1048576,1,
3599,True,613.16,1048576,1,
3598,True,618.06,1048576,1,
3601,True,593.96,1048576,1,
3603,True,590.34,1048576,1,
3602,True,594.68,1048576,1,
3606,True,585.35,1048576,1,
3604,True,593.52,1048576,1,
3605,True,592.34,1048576,1,
3608,True,585.74,1048576,1,
3607,True,590.63,1048576,1,
3614,True,584.45,1048576,1,
3615,True,583.38,1048576,1,
3613,True,588.94,1048576,1,
3609,True,598.54,1048576,1,
3611,True,597.10,1048576,1,
3610,True,600.23,1048576,1,
3616,True,590.68,1048576,1,
3612,True,600.72,1048576,1,
3619,True,573.66,1048576,1,
3617,True,578.89,1048576,1,
3622,True,572.50,1048576,1,
3621,True,576.01,1048576,1,
3623,True,574.36,1048576,1,
3618,True,585.39,1048576,1,
3620,True,584.04,1048576,1,
3624,True,581.86,1048576,1,
3630,True,614.53,1048576,1,
3631,True,614.67,1048576,1,
3629,True,621.42,1048576,1,
3632,True,613.86,1048576,1,
3625,True,634.82,1048576,1,
3628,True,631.87,1048576,1,
3627,True,635.81,1048576,1,
3626,True,641.51,1048576,1,
3635,True,650.00,1048576,1,
3633,True,657.60,1048576,1,
3634,True,657.16,1048576,1,
3640,True,642.58,1048576,1,
3637,True,652.99,1048576,1,
3638,True,651.46,1048576,1,
3639,True,651.11,1048576,1,
3636,True,661.85,1048576,1,
3647,True,626.80,1048576,1,
3645,True,632.02,1048576,1,
3648,True,628.17,1048576,1,
3646,True,633.98,1048576,1,
3644,True,639.54,1048576,1,
3642,True,645.16,1048576,1,
3641,True,651.40,1048576,1,
3643,True,651.09,1048576,1,
3656,True,632.20,1048576,1,
3651,True,648.56,1048576,1,
3650,True,652.86,1048576,1,
3649,True,656.66,1048576,1,
3652,True,653.17,1048576,1,
3653,True,652.73,1048576,1,
3654,True,652.91,1048576,1,
3655,True,651.70,1048576,1,
3658,True,658.49,1048576,1,
3657,True,662.62,1048576,1,
3662,True,654.86,1048576,1,
3660,True,660.65,1048576,1,
3661,True,660.71,1048576,1,
3664,True,657.78,1048576,1,
3659,True,670.88,1048576,1,
3663,True,669.35,1048576,1,
3665,True,623.98,1048576,1,
3669,True,617.37,1048576,1,
3672,True,607.41,1048576,1,
3668,True,624.01,1048576,1,
3666,True,630.99,1048576,1,
3671,True,619.43,1048576,1,
3670,True,625.84,1048576,1,
3667,True,640.95,1048576,1,
3680,True,626.65,1048576,1,
3676,True,643.93,1048576,1,
3678,True,641.38,1048576,1,
3677,True,645.13,1048576,1,
3673,True,655.99,1048576,1,
3675,True,653.64,1048576,1,
3674,True,657.64,1048576,1,
3679,True,647.83,1048576,1,
3685,True,558.99,1048576,1,
3682,True,568.45,1048576,1,
3686,True,563.73,1048576,1,
3688,True,562.86,1048576,1,
3684,True,572.30,1048576,1,
3683,True,576.97,1048576,1,
3687,True,571.36,1048576,1,
3681,True,588.73,1048576,1,
3694,True,605.67,1048576,1,
3696,True,600.47,1048576,1,
3693,True,612.92,1048576,1,
3690,True,622.72,1048576,1,
3692,True,619.07,1048576,1,
3691,True,623.43,1048576,1,
3695,True,616.28,1048576,1,
3689,True,634.07,1048576,1,
3700,True,574.47,1048576,1,
3697,True,583.03,1048576,1,
3703,True,573.24,1048576,1,
3698,True,585.80,1048576,1,
3704,True,576.31,1048576,1,
3702,True,582.59,1048576,1,
3701,True,587.27,1048576,1,
3699,True,594.25,1048576,1,
3711,True,588.75,1048576,1,
3705,True,604.74,1048576,1,
3706,True,604.42,1048576,1,
3707,True,604.90,1048576,1,
3710,True,600.29,1048576,1,
3709,True,603.58,1048576,1,
3712,True,597.09,1048576,1,
3708,True,609.96,1048576,1,
3715,True,623.89,1048576,1,
3713,True,629.62,1048576,1,
3716,True,625.52,1048576,1,
3718,True,623.79,1048576,1,
3719,True,624.19,1048576,1,
3717,True,629.41,1048576,1,
3720,True,625.93,1048576,1,
3714,True,640.50,1048576,1,
3725,True,614.14,1048576,1,
3721,True,624.07,1048576,1,
3726,True,615.47,1048576,1,
3724,True,621.19,1048576,1,
3727,True,616.63,1048576,1,
3722,True,628.47,1048576,1,
3723,True,629.35,1048576,1,
3728,True,622.26,1048576,1,
3731,True,591.85,1048576,1,
3733,True,590.41,1048576,1,
3735,True,587.49,1048576,1,
3730,True,599.49,1048576,1,
3736,True,589.32,1048576,1,
3732,True,601.34,1048576,1,
3729,True,607.74,1048576,1,
3734,True,603.34,1048576,1,
3737,True,612.26,1048576,1,
3744,True,597.66,1048576,1,
3740,True,609.98,1048576,1,
3741,True,608.98,1048576,1,
3742,True,608.67,1048576,1,
3743,True,608.60,1048576,1,
3739,True,620.15,1048576,1,
3738,True,624.25,1048576,1,
3747,True,639.12,1048576,1,
3748,True,639.19,1048576,1,
3745,True,646.81,1048576,1,
3746,True,647.32,1048576,1,
3749,True,643.99,1048576,1,
3750,True,646.77,1048576,1,
3752,True,643.71,1048576,1,
3751,True,649.43,1048576,1,
3758,True,606.34,1048576,1,
3759,True,606.07,1048576,1,
3753,True,622.99,1048576,1,
3760,True,606.60,1048576,1,
3757,True,619.56,1048576,1,
3754,True,627.87,1048576,1,
3755,True,627.82,1048576,1,
3756,True,628.77,1048576,1,
3767,True,605.21,1048576,1,
3761,True,619.80,1048576,1,
3765,True,613.40,1048576,1,
3764,True,618.09,1048576,1,
3766,True,616.99,1048576,1,
3768,True,613.32,1048576,1,
3763,True,628.62,1048576,1,
3762,True,632.86,1048576,1,
3774,True,646.65,1048576,1,
3773,True,650.36,1048576,1,
3770,True,660.75,1048576,1,
3769,True,667.09,1048576,1,
3772,True,662.55,1048576,1,
3771,True,665.86,1048576,1,
3776,True,657.49,1048576,1,
3775,True,661.39,1048576,1,
3781,True,597.78,1048576,1,
3784,True,592.83,1048576,1,
3779,True,608.39,1048576,1,
3783,True,600.14,1048576,1,
3778,True,616.28,1048576,1,
3782,True,608.91,1048576,1,
3777,True,622.43,1048576,1,
3780,True,617.27,1048576,1,
3791,True,643.20,1048576,1,
3787,True,654.97,1048576,1,
3785,True,661.73,1048576,1,
3788,True,656.37,1048576,1,
3789,True,655.02,1048576,1,
3790,True,654.05,1048576,1,
3792,True,651.72,1048576,1,
3786,True,670.18,1048576,1,
3794,True,622.04,1048576,1,
3796,True,619.98,1048576,1,
3799,True,616.14,1048576,1,
3793,True,629.55,1048576,1,
3795,True,627.69,1048576,1,
3797,True,626.78,1048576,1,
3798,True,627.35,1048576,1,
3800,True,624.35,1048576,1,
3806,True,612.82,1048576,1,
3805,True,617.33,1048576,1,
3808,True,612.01,1048576,1,
3802,True,627.29,1048576,1,
3803,True,627.28,1048576,1,
3801,True,633.63,1048576,1,
3807,True,623.67,1048576,1,
3804,True,633.76,1048576,1,
3815,True,602.65,1048576,1,
3816,True,603.51,1048576,1,
3814,True,611.24,1048576,1,
3810,True,622.30,1048576,1,
3809,True,627.87,1048576,1,
3811,True,627.61,1048576,1,
3812,True,630.32,1048576,1,
3813,True,632.20,1048576,1,
3824,True,578.98,1048576,1,
3822,True,590.42,1048576,1,
3820,True,599.48,1048576,1,
3823,True,589.32,1048576,1,
3818,True,609.75,1048576,1,
3819,True,609.55,1048576,1,
3817,True,617.95,1048576,1,
3821,True,608.13,1048576,1,
3829,True,586.24,1048576,1,
3831,True,584.23,1048576,1,
3832,True,583.27,1048576,1,
3826,True,598.93,1048576,1,
3828,True,595.91,1048576,1,
3825,True,604.22,1048576,1,
3827,True,602.49,1048576,1,
3830,True,597.61,1048576,1,
3835,True,600.50,1048576,1,
3839,True,594.43,1048576,1,
3837,True,600.51,1048576,1,
3838,True,600.84,1048576,1,
3840,True,597.10,1048576,1,
3834,True,610.78,1048576,1,
3836,True,609.12,1048576,1,
3833,True,615.99,1048576,1,
3844,True,581.87,1048576,1,
3848,True,576.92,1048576,1,
3846,True,582.79,1048576,1,
3843,True,590.43,1048576,1,
3847,True,585.06,1048576,1,
3842,True,595.27,1048576,1,
3841,True,600.94,1048576,1,
3845,True,596.38,1048576,1,
3849,True,624.69,1048576,1,
3851,True,624.20,1048576,1,
3852,True,623.88,1048576,1,
3850,True,630.74,1048576,1,
3856,True,620.33,1048576,1,
3853,True,631.95,1048576,1,
3854,True,633.43,1048576,1,
3855,True,631.78,1048576,1,
3857,True,576.59,1048576,1,
3859,True,572.50,1048576,1,
3860,True,574.18,1048576,1,
3861,True,573.27,1048576,1,
3858,True,583.38,1048576,1,
3862,True,574.12,1048576,1,
3863,True,574.68,1048576,1,
3864,True,574.92,1048576,1,
3865,True,604.27,1048576,1,
3870,True,594.80,1048576,1,
3866,True,608.29,1048576,1,
3872,True,593.07,1048576,1,
3871,True,598.71,1048576,1,
3869,True,606.95,1048576,1,
3867,True,614.15,1048576,1,
3868,True,615.68,1048576,1,
3873,True,553.23,1048576,1,
3878,True,543.07,1048576,1,
3875,True,553.50,1048576,1,
3874,True,557.85,1048576,1,
3879,True,548.97,1048576,1,
3877,True,555.91,1048576,1,
3880,True,550.66,1048576,1,
3876,True,564.21,1048576,1,
3883,True,647.68,1048576,1,
3884,True,647.41,1048576,1,
3888,True,638.65,1048576,1,
3881,True,660.73,1048576,1,
3882,True,659.14,1048576,1,
3885,True,652.76,1048576,1,
3886,True,652.06,1048576,1,
3887,True,651.28,1048576,1,
3889,True,596.08,1048576,1,
3891,True,596.94,1048576,1,
3895,True,590.40,1048576,1,
3892,True,598.41,1048576,1,
3896,True,594.92,1048576,1,
3894,True,670.08,1048576,1,
3893,True,674.66,1048576,1,
3890,True,684.17,1048576,1,
3901,True,752.63,1048576,1,
3897,True,768.60,1048576,1,
3903,True,683.27,1048576,1,
3902,True,688.16,1048576,1,
3899,True,767.71,1048576,1,
3900,True,767.03,1048576,1,
3904,True,689.14,1048576,1,
3898,True,776.69,1048576,1,
3905,True,589.22,1048576,1,
3910,True,581.84,1048576,1,
3907,True,589.29,1048576,1,
3906,True,595.66,1048576,1,
3908,True,593.32,1048576,1,
3912,True,586.71,1048576,1,
3909,True,594.73,1048576,1,
3911,True,591.88,1048576,1,
3914,True,600.99,1048576,1,
3915,True,601.72,1048576,1,
3913,True,607.73,1048576,1,
3917,True,600.79,1048576,1,
3919,True,599.79,1048576,1,
3920,True,599.83,1048576,1,
3916,True,608.56,1048576,1,
3918,True,606.67,1048576,1,
3924,True,604.89,1048576,1,
3927,True,600.64,1048576,1,
3923,True,611.69,1048576,1,
3926,True,606.67,1048576,1,
3922,True,617.54,1048576,1,
3925,True,612.17,1048576,1,
3928,True,609.13,1048576,1,
3921,True,626.38,1048576,1,
3930,True,659.07,1048576,1,
3934,True,653.16,1048576,1,
3933,True,657.00,1048576,1,
3929,True,666.42,1048576,1,
3936,True,655.01,1048576,1,
3932,True,664.74,1048576,1,
3935,True,660.30,1048576,1,
3931,True,672.13,1048576,1,
3942,True,648.26,1048576,1,
3940,True,654.20,1048576,1,
3943,True,650.55,1048576,1,
3939,True,659.94,1048576,1,
3937,True,665.25,1048576,1,
3944,True,652.51,1048576,1,
3941,True,661.82,1048576,1,
3938,True,670.10,1048576,1,
3949,True,577.20,1048576,1,
3946,True,584.68,1048576,1,
3952,True,574.63,1048576,1,
3945,True,591.52,1048576,1,
3947,True,589.44,1048576,1,
3951,True,585.50,1048576,1,
3950,True,589.78,1048576,1,
3948,True,596.72,1048576,1,
3954,True,565.28,1048576,1,
3953,True,570.41,1048576,1,
3960,True,554.33,1048576,1,
3957,True,567.35,1048576,1,
3958,True,565.80,1048576,1,
3956,True,573.69,1048576,1,
3959,True,570.85,1048576,1,
3955,True,583.93,1048576,1,
3966,True,586.10,1048576,1,
3965,True,590.38,1048576,1,
3964,True,596.24,1048576,1,
3968,True,586.92,1048576,1,
3961,True,610.51,1048576,1,
3967,True,595.47,1048576,1,
3962,True,613.48,1048576,1,
3963,True,613.30,1048576,1,
3969,True,550.12,1048576,1,
3971,True,546.93,1048576,1,
3974,True,540.66,1048576,1,
3970,True,555.40,1048576,1,
3973,True,548.26,1048576,1,
3976,True,541.93,1048576,1,
3972,True,554.45,1048576,1,
3975,True,551.34,1048576,1,
3983,True,592.23,1048576,1,
3984,True,588.50,1048576,1,
3980,True,601.71,1048576,1,
3979,True,605.06,1048576,1,
3981,True,603.02,1048576,1,
3982,True,603.61,1048576,1,
3978,True,613.88,1048576,1,
3977,True,619.35,1048576,1,
3992,True,649.62,1048576,1,
3987,True,662.06,1048576,1,
3989,True,660.36,1048576,1,
3991,True,657.53,1048576,1,
3986,True,668.88,1048576,1,
3988,True,666.90,1048576,1,
3985,True,673.32,1048576,1,
3990,True,665.71,1048576,1,
3995,True,610.58,1048576,1,
3996,True,610.55,1048576,1,
3999,True,607.98,1048576,1,
3993,True,621.21,1048576,1,
3997,True,616.32,1048576,1,
3998,True,617.68,1048576,1,
3994,True,626.28,1048576,1,
4000,True,618.59,1048576,1,
4001,True,598.02,1048576,1,
4006,True,589.00,1048576,1,
4005,True,594.31,1048576,1,
4007,True,591.51,1048576,1,
4004,True,600.38,1048576,1,
4008,True,594.18,1048576,1,
4003,True,609.12,1048576,1,
4002,True,616.57,1048576,1,
4012,True,617.15,1048576,1,
4010,True,623.82,1048576,1,
4016,True,608.72,1048576,1,
4015,True,617.32,1048576,1,
4011,True,628.81,1048576,1,
4009,True,635.45,1048576,1,
4014,True,624.80,1048576,1,
4013,True,635.82,1048576,1,
4020,True,591.66,1048576,1,
4018,True,598.21,1048576,1,
4024,True,581.20,1048576,1,
4023,True,591.75,1048576,1,
4021,True,596.79,1048576,1,
4017,True,609.43,1048576,1,
4022,True,600.20,1048576,1,
4019,True,609.48,1048576,1,
4030,True,624.68,1048576,1,
4029,True,633.19,1048576,1,
4028,True,636.96,1048576,1,
4032,True,629.19,1048576,1,
4026,True,646.39,1048576,1,
4031,True,639.82,1048576,1,
4025,True,657.85,1048576,1,
4027,True,657.36,1048576,1,
4033,True,583.01,1048576,1,
4034,True,579.65,1048576,1,
4035,True,579.87,1048576,1,
4038,True,572.55,1048576,1,
4036,True,582.91,1048576,1,
4039,True,570.59,1048576,1,
4040,True,569.64,1048576,1,
4037,True,585.79,1048576,1,
4045,True,615.74,1048576,1,
4044,True,620.82,1048576,1,
4041,True,629.69,1048576,1,
4048,True,616.11,1048576,1,
4042,True,634.33,1048576,1,
4046,True,628.10,1048576,1,
4043,True,637.60,1048576,1,
4047,True,639.12,1048576,1,
4055,True,619.77,1048576,1,
4050,True,636.07,1048576,1,
4053,True,629.04,1048576,1,
4049,True,642.50,1048576,1,
4056,True,620.43,1048576,1,
4052,True,642.25,1048576,1,
4051,True,645.90,1048576,1,
4054,True,641.12,1048576,1,
4064,True,601.47,1048576,1,
4059,True,617.21,1048576,1,
4062,True,610.14,1048576,1,
4063,True,609.98,1048576,1,
4057,True,625.73,1048576,1,
4058,True,625.59,1048576,1,
4061,True,618.16,1048576,1,
4060,True,625.40,1048576,1,
4067,True,594.83,1048576,1,
4065,True,600.41,1048576,1,
4072,True,591.22,1048576,1,
4069,True,598.48,1048576,1,
4066,True,606.04,1048576,1,
4071,True,600.12,1048576,1,
4070,True,604.88,1048576,1,
4068,True,612.89,1048576,1,
4077,True,630.50,1048576,1,
4080,True,622.53,1048576,1,
4078,True,632.19,1048576,1,
4073,True,645.51,1048576,1,
4074,True,644.54,1048576,1,
4076,True,641.95,1048576,1,
4075,True,645.52,1048576,1,
4079,True,637.86,1048576,1,
4087,True,572.39,1048576,1,
4083,True,580.65,1048576,1,
4088,True,574.19,1048576,1,
4082,True,587.41,1048576,1,
4086,True,582.59,1048576,1,
4084,True,587.99,1048576,1,
4085,True,588.52,1048576,1,
4081,True,598.11,1048576,1,
4092,True,588.13,1048576,1,
4093,True,588.61,1048576,1,
4089,True,599.41,1048576,1,
4090,True,600.72,1048576,1,
4091,True,600.20,1048576,1,
4094,True,596.43,1048576,1,
4096,True,593.42,1048576,1,
4095,True,598.08,1048576,1,
4097,True,558.47,1048576,1,
4100,True,553.15,1048576,1,
4098,True,560.47,1048576,1,
4101,True,555.53,1048576,1,
4103,True,554.11,1048576,1,
4099,True,565.62,1048576,1,
4102,True,559.95,1048576,1,
4104,True,558.73,1048576,1,
4112,True,568.75,1048576,1,
4105,True,586.77,1048576,1,
4111,True,574.67,1048576,1,
4109,True,580.02,1048576,1,
4106,True,589.35,1048576,1,
4110,True,581.41,1048576,1,
4107,True,590.60,1048576,1,
4108,True,589.47,1048576,1,
4118,True,679.90,1048576,1,
4113,True,690.19,1048576,1,
4116,True,687.38,1048576,1,
4117,True,687.74,1048576,1,
4114,True,695.52,1048576,1,
4119,True,690.65,1048576,1,
4120,True,692.12,1048576,1,
4115,True,701.53,1048576,1,
4123,True,702.90,1048576,1,
4127,True,697.36,1048576,1,
4125,True,705.56,1048576,1,
4121,True,717.21,1048576,1,
4122,True,718.34,1048576,1,
4124,True,721.17,1048576,1,
4126,True,718.50,1048576,1,
4128,True,720.61,1048576,1,
4135,True,724.63,1048576,1,
4134,True,730.59,1048576,1,
4129,True,753.10,1048576,1,
4132,True,747.29,1048576,1,
4136,True,729.28,1048576,1,
4133,True,748.28,1048576,1,
4131,True,757.72,1048576,1,
4130,True,762.69,1048576,1,
4141,True,689.17,1048576,1,
4137,True,703.46,1048576,1,
4139,True,701.31,1048576,1,
4140,True,699.45,1048576,1,
4144,True,691.74,1048576,1,
4143,True,698.20,1048576,1,
4138,True,720.07,1048576,1,
4142,True,712.73,1048576,1,
4149,True,1346.94,1048576,1,
4147,True,1353.98,1048576,1,
4146,True,1359.18,1048576,1,
4150,True,1349.68,1048576,1,
4148,True,1357.78,1048576,1,
4145,True,1371.31,1048576,1,
4152,True,1348.14,1048576,1,
4151,True,1354.36,1048576,1,
4158,True,692.05,1048576,1,
4153,True,708.08,1048576,1,
4155,True,705.11,1048576,1,
4154,True,709.76,1048576,1,
4159,True,697.82,1048576,1,
4156,True,708.59,1048576,1,
4157,True,709.96,1048576,1,
4160,True,701.86,1048576,1,
4161,True,692.22,1048576,1,
4165,True,688.80,1048576,1,
4168,True,683.44,1048576,1,
4162,True,699.66,1048576,1,
4166,True,695.13,1048576,1,
4164,True,701.27,1048576,1,
4167,True,696.98,1048576,1,
4163,True,709.51,1048576,1,
4171,True,667.00,1048576,1,
4169,True,675.53,1048576,1,
4170,True,673.58,1048576,1,
4173,True,668.66,1048576,1,
4175,True,666.04,1048576,1,
4174,True,671.22,1048576,1,
4176,True,667.47,1048576,1,
4172,True,686.05,1048576,1,
4178,True,1134.14,1048576,1,
4181,True,1128.86,1048576,1,
4180,True,1133.23,1048576,1,
4183,True,1127.36,1048576,1,
4184,True,1122.05,1048576,1,
4179,True,1141.82,1048576,1,
4182,True,1134.75,1048576,1,
4177,True,1150.24,1048576,1,
4186,True,641.09,1048576,1,
4189,True,637.48,1048576,1,
4190,True,637.97,1048576,1,
4188,True,644.12,1048576,1,
4191,True,641.33,1048576,1,
4187,True,649.78,1048576,1,
4192,True,643.20,1048576,1,
4185,True,659.50,1048576,1,
4198,True,679.89,1048576,1,
4194,True,690.50,1048576,1,
4193,True,694.18,1048576,1,
4197,True,687.21,1048576,1,
4200,True,681.85,1048576,1,
4196,True,692.84,1048576,1,
4199,True,688.05,1048576,1,
4195,True,700.36,1048576,1,
4201,True,658.12,1048576,1,
4202,True,659.40,1048576,1,
4203,True,660.26,1048576,1,
4206,True,656.38,1048576,1,
4205,True,660.12,1048576,1,
4208,True,656.43,1048576,1,
4207,True,661.62,1048576,1,
4204,True,669.29,1048576,1,
4215,True,679.01,1048576,1,
4216,True,678.24,1048576,1,
4209,True,696.75,1048576,1,
4210,True,695.55,1048576,1,
4211,True,696.33,1048576,1,
4212,True,696.39,1048576,1,
4213,True,695.92,1048576,1,
4214,True,695.80,1048576,1,
4221,True,770.13,1048576,1,
4217,True,780.83,1048576,1,
4222,True,773.34,1048576,1,
4224,True,770.95,1048576,1,
4220,True,783.40,1048576,1,
4218,True,789.09,1048576,1,
4223,True,781.76,1048576,1,
4219,True,793.24,1048576,1,
4225,True,752.13,1048576,1,
4228,True,750.08,1048576,1,
4231,True,744.92,1048576,1,
4230,True,752.92,1048576,1,
4229,True,758.03,1048576,1,
4226,True,769.89,1048576,1,
4227,True,770.86,1048576,1,
4232,True,761.02,1048576,1,
4238,True,1199.21,1048576,1,
4235,True,1213.91,1048576,1,
4236,True,1211.16,1048576,1,
4237,True,1209.15,1048576,1,
4240,True,1200.79,1048576,1,
4234,True,1223.93,1048576,1,
4239,True,1206.96,1048576,1,
4233,True,1235.10,1048576,1,
4245,True,638.09,1048576,1,
4244,True,642.06,1048576,1,
4247,True,639.36,1048576,1,
4246,True,643.16,1048576,1,
4241,True,654.46,1048576,1,
4248,True,641.54,1048576,1,
4243,True,656.07,1048576,1,
4242,True,659.49,1048576,1,
4256,True,662.93,1048576,1,
4254,True,681.04,1048576,1,
4251,True,689.43,1048576,1,
4249,True,696.10,1048576,1,
4250,True,696.24,1048576,1,
4252,True,694.05,1048576,1,
4253,True,693.22,1048576,1,
4255,True,690.97,1048576,1,
4257,True,619.85,1048576,1,
4263,True,599.42,1048576,1,
4258,True,611.93,1048576,1,
4261,True,608.48,1048576,1,
4262,True,609.52,1048576,1,
4260,True,615.89,1048576,1,
4259,True,620.71,1048576,1,
4264,True,614.14,1048576,1,
4268,True,679.24,1048576,1,
4272,True,668.76,1048576,1,
4270,True,678.85,1048576,1,
4267,True,689.51,1048576,1,
4269,True,685.52,1048576,1,
4271,True,683.68,1048576,1,
4265,True,700.92,1048576,1,
4266,True,701.89,1048576,1,
4279,True,672.62,1048576,1,
4280,True,671.43,1048576,1,
4275,True,686.25,1048576,1,
4277,True,683.82,1048576,1,
4278,True,683.77,1048576,1,
4274,True,695.53,1048576,1,
4273,True,699.46,1048576,1,
4276,True,695.41,1048576,1,
4286,True,725.92,1048576,1,
4283,True,734.51,1048576,1,
4288,True,724.30,1048576,1,
4285,True,732.98,1048576,1,
4281,True,744.38,1048576,1,
4282,True,743.96,1048576,1,
4284,True,741.16,1048576,1,
4287,True,737.97,1048576,1,
4294,True,678.66,1048576,1,
4289,True,689.11,1048576,1,
4296,True,677.51,1048576,1,
4293,True,686.27,1048576,1,
4295,True,684.88,1048576,1,
4290,True,695.32,1048576,1,
4291,True,697.92,1048576,1,
4292,True,698.57,1048576,1,
4298,True,567.55,1048576,1,
4302,True,563.77,1048576,1,
4301,True,567.30,1048576,1,
4297,True,577.57,1048576,1,
4303,True,566.93,1048576,1,
4299,True,579.56,1048576,1,
4304,True,569.09,1048576,1,
4300,True,585.63,1048576,1,
4310,True,614.53,1048576,1,
4311,True,614.50,1048576,1,
4308,True,623.97,1048576,1,
4305,True,634.08,1048576,1,
4306,True,632.17,1048576,1,
4307,True,631.56,1048576,1,
4312,True,618.31,1048576,1,
4309,True,631.88,1048576,1,
4317,True,615.07,1048576,1,
4319,True,612.56,1048576,1,
4320,True,611.19,1048576,1,
4314,True,626.13,1048576,1,
4313,True,629.84,1048576,1,
4316,True,625.63,1048576,1,
4318,True,624.02,1048576,1,
4315,True,630.92,1048576,1,
4327,True,603.37,1048576,1,
4325,True,609.14,1048576,1,
4326,True,610.18,1048576,1,
4322,True,618.97,1048576,1,
4324,True,617.52,1048576,1,
4323,True,621.76,1048576,1,
4328,True,614.86,1048576,1,
4321,True,631.22,1048576,1,
4331,True,565.40,1048576,1,
4329,True,572.24,1048576,1,
4334,True,563.94,1048576,1,
4330,True,575.02,1048576,1,
4335,True,566.11,1048576,1,
4333,True,571.99,1048576,1,
4336,True,565.56,1048576,1,
4332,True,577.93,1048576,1,
4340,True,647.55,1048576,1,
4341,True,647.94,1048576,1,
4342,True,648.15,1048576,1,
4344,True,646.77,1048576,1,
4338,True,660.96,1048576,1,
4343,True,652.15,1048576,1,
4337,True,666.91,1048576,1,
4339,True,665.20,1048576,1,
4345,True,632.23,1048576,1,
4349,True,625.27,1048576,1,
4352,True,619.36,1048576,1,
4350,True,626.55,1048576,1,
4347,True,634.06,1048576,1,
4351,True,627.45,1048576,1,
4346,True,640.01,1048576,1,
4348,True,637.75,1048576,1,
4355,True,605.93,1048576,1,
4353,True,610.92,1048576,1,
4354,True,611.74,1048576,1,
4360,True,603.82,1048576,1,
4359,True,608.12,1048576,1,
4356,True,615.43,1048576,1,
4358,True,613.40,1048576,1,
4357,True,618.47,1048576,1,
4361,True,627.26,1048576,1,
4365,True,621.70,1048576,1,
4363,True,628.06,1048576,1,
4367,True,621.79,1048576,1,
4364,True,629.11,1048576,1,
4368,True,622.47,1048576,1,
4362,True,638.33,1048576,1,
4366,True,631.18,1048576,1,
4374,True,588.93,1048576,1,
4375,True,588.62,1048576,1,
4370,True,600.66,1048576,1,
4372,True,600.94,1048576,1,
4376,True,595.57,1048576,1,
4371,True,607.29,1048576,1,
4369,True,616.84,1048576,1,
4373,True,612.53,1048576,1,
4377,True,685.43,1048576,1,
4378,True,686.17,1048576,1,
4379,True,686.24,1048576,1,
4384,True,672.57,1048576,1,
4383,True,681.64,1048576,1,
4381,True,691.46,1048576,1,
4380,True,696.51,1048576,1,
4382,True,695.79,1048576,1,
4387,True,679.22,1048576,1,
4385,True,688.71,1048576,1,
4386,True,688.65,1048576,1,
4388,True,684.99,1048576,1,
4390,True,679.74,1048576,1,
4391,True,682.11,1048576,1,
4389,True,692.28,1048576,1,
4392,True,686.42,1048576,1,
4393,True,687.80,1048576,1,
4396,True,682.29,1048576,1,
4399,True,672.40,1048576,1,
4398,True,679.54,1048576,1,
4394,True,695.59,1048576,1,
4400,True,677.12,1048576,1,
4395,True,698.85,1048576,1,
4397,True,696.98,1048576,1,
4404,True,692.18,1048576,1,
4403,True,696.65,1048576,1,
4406,True,690.85,1048576,1,
4408,True,686.22,1048576,1,
4405,True,697.58,1048576,1,
4402,True,707.47,1048576,1,
4401,True,715.05,1048576,1,
4407,True,699.83,1048576,1,
4409,True,729.82,1048576,1,
4411,True,728.14,1048576,1,
4412,True,728.10,1048576,1,
4416,True,719.86,1048576,1,
4415,True,724.22,1048576,1,
4413,True,731.73,1048576,1,
4414,True,731.29,1048576,1,
4410,True,741.25,1048576,1,
4421,True,667.68,1048576,1,
4422,True,667.90,1048576,1,
4419,True,675.84,1048576,1,
4424,True,668.72,1048576,1,
4417,True,685.09,1048576,1,
4418,True,684.28,1048576,1,
4423,True,677.56,1048576,1,
4420,True,685.58,1048576,1,
4425,True,601.37,1048576,1,
4431,True,589.56,1048576,1,
4428,True,599.10,1048576,1,
4429,True,597.71,1048576,1,
4426,True,606.89,1048576,1,
4430,True,599.94,1048576,1,
4427,True,607.82,1048576,1,
4432,True,599.40,1048576,1,
4440,True,624.21,1048576,1,
4439,True,633.13,1048576,1,
4438,True,636.31,1048576,1,
4437,True,640.42,1048576,1,
4435,True,646.51,1048576,1,
4434,True,650.20,1048576,1,
4436,True,649.77,1048576,1,
4433,True,657.68,1048576,1,
4446,True,613.63,1048576,1,
4441,True,625.73,1048576,1,
4445,True,618.51,1048576,1,
4444,True,622.14,1048576,1,
4442,True,628.47,1048576,1,
4443,True,628.23,1048576,1,
4448,True,618.32,1048576,1,
4447,True,622.15,1048576,1,
4455,True,647.86,1048576,1,
4452,True,656.36,1048576,1,
4451,True,662.39,1048576,1,
4456,True,656.44,1048576,1,
4454,True,662.17,1048576,1,
4449,True,674.20,1048576,1,
4450,True,675.53,1048576,1,
4453,True,673.76,1048576,1,
4457,True,623.89,1048576,1,
4459,True,620.65,1048576,1,
4458,True,627.01,1048576,1,
4462,True,616.53,1048576,1,
4464,True,612.49,1048576,1,
4460,True,628.13,1048576,1,
4463,True,621.33,1048576,1,
4461,True,634.77,1048576,1,
4469,True,683.22,1048576,1,
4467,True,689.50,1048576,1,
4470,True,683.83,1048576,1,
4468,True,692.12,1048576,1,
4466,True,698.07,1048576,1,
4471,True,687.55,1048576,1,
4472,True,683.04,1048576,1,
4465,True,710.04,1048576,1,
4477,True,621.27,1048576,1,
4473,True,631.28,1048576,1,
4478,True,623.04,1048576,1,
4474,True,632.39,1048576,1,
4476,True,630.77,1048576,1,
4480,True,624.68,1048576,1,
4475,True,639.15,1048576,1,
4479,True,633.49,1048576,1,
4481,True,683.17,1048576,1,
4485,True,676.95,1048576,1,
4487,True,672.74,1048576,1,
4486,True,677.50,1048576,1,
4482,True,688.43,1048576,1,
4488,True,675.10,1048576,1,
4484,True,687.80,1048576,1,
4483,True,694.12,1048576,1,
4491,True,619.66,1048576,1,
4496,True,611.51,1048576,1,
4493,True,620.97,1048576,1,
4490,True,628.33,1048576,1,
4495,True,623.34,1048576,1,
4492,True,629.94,1048576,1,
4489,True,637.15,1048576,1,
4494,True,632.72,1048576,1,
4499,True,646.97,1048576,1,
4498,True,650.91,1048576,1,
4504,True,637.19,1048576,1,
4500,True,650.11,1048576,1,
4497,True,658.24,1048576,1,
4503,True,646.00,1048576,1,
4501,True,651.12,1048576,1,
4502,True,651.31,1048576,1,
4510,True,596.52,1048576,1,
4507,True,603.26,1048576,1,
4508,True,603.21,1048576,1,
4505,True,611.76,1048576,1,
4511,True,606.02,1048576,1,
4512,True,606.03,1048576,1,
4506,True,618.67,1048576,1,
4509,True,615.77,1048576,1,
4514,True,648.16,1048576,1,
4520,True,634.16,1048576,1,
4516,True,647.12,1048576,1,
4515,True,652.36,1048576,1,
4517,True,647.87,1048576,1,
4518,True,647.10,1048576,1,
4519,True,646.50,1048576,1,
4513,True,665.02,1048576,1,
4523,True,680.71,1048576,1,
4524,True,681.59,1048576,1,
4522,True,689.17,1048576,1,
4527,True,681.94,1048576,1,
4528,True,681.42,1048576,1,
4526,True,688.55,1048576,1,
4525,True,693.32,1048576,1,
4521,True,707.67,1048576,1,
4534,True,666.01,1048576,1,
4531,True,676.75,1048576,1,
4529,True,686.77,1048576,1,
4536,True,666.79,1048576,1,
4530,True,690.04,1048576,1,
4532,True,689.59,1048576,1,
4533,True,689.19,1048576,1,
4535,True,687.67,1048576,1,
4538,True,680.68,1048576,1,
4537,True,688.17,1048576,1,
4544,True,666.28,1048576,1,
4543,True,673.05,1048576,1,
4542,True,677.60,1048576,1,
4539,True,692.61,1048576,1,
4540,True,692.69,1048576,1,
4541,True,690.86,1048576,1,
4545,True,695.66,1048576,1,
4550,True,684.15,1048576,1,
4552,True,683.16,1048576,1,
4546,True,701.97,1048576,1,
4548,True,700.11,1048576,1,
4549,True,700.76,1048576,1,
4551,True,698.67,1048576,1,
4547,True,717.21,1048576,1,
4553,True,651.44,1048576,1,
4555,True,646.72,1048576,1,
4556,True,647.95,1048576,1,
4557,True,647.38,1048576,1,
4560,True,635.02,1048576,1,
4559,True,643.63,1048576,1,
4554,True,662.76,1048576,1,
4558,True,651.32,1048576,1,
4566,True,623.20,1048576,1,
4565,True,626.86,1048576,1,
4564,True,630.65,1048576,1,
4563,True,637.10,1048576,1,
4561,True,647.54,1048576,1,
4562,True,648.49,1048576,1,
4568,True,637.42,1048576,1,
4567,True,643.79,1048576,1,
4571,True,630.67,1048576,1,
4569,True,637.99,1048576,1,
4573,True,628.90,1048576,1,
4572,True,635.19,1048576,1,
4575,True,626.80,1048576,1,
4574,True,633.22,1048576,1,
4570,True,648.44,1048576,1,
4576,True,634.23,1048576,1,
4584,True,710.42,1048576,1,
4578,True,731.82,1048576,1,
4583,True,722.31,1048576,1,
4579,True,735.23,1048576,1,
4580,True,734.50,1048576,1,
4582,True,733.64,1048576,1,
4577,True,749.43,1048576,1,
4581,True,742.48,1048576,1,
4585,True,729.02,1048576,1,
4586,True,728.22,1048576,1,
4587,True,728.00,1048576,1,
4592,True,716.35,1048576,1,
4588,True,730.31,1048576,1,
4590,True,728.25,1048576,1,
4589,True,734.40,1048576,1,
4591,True,728.67,1048576,1,
4596,True,736.80,1048576,1,
4597,True,737.14,1048576,1,
4599,True,733.07,1048576,1,
4594,True,748.61,1048576,1,
4593,True,753.09,1048576,1,
4600,True,737.94,1048576,1,
4598,True,745.64,1048576,1,
4595,True,760.34,1048576,1,
4605,True,779.79,1048576,1,
4606,True,780.31,1048576,1,
4604,True,786.68,1048576,1,
4601,True,795.35,1048576,1,
4602,True,799.39,1048576,1,
4607,True,789.04,1048576,1,
4603,True,803.76,1048576,1,
4608,True,790.39,1048576,1,
4613,True,810.31,1048576,1,
4616,True,803.69,1048576,1,
4611,True,825.44,1048576,1,
4610,True,829.62,1048576,1,
4615,True,816.64,1048576,1,
4612,True,830.91,1048576,1,
4609,True,840.69,1048576,1,
4614,True,828.06,1048576,1,
4617,True,579.30,1048576,1,
4621,True,572.20,1048576,1,
4622,True,573.58,1048576,1,
4623,True,574.85,1048576,1,
4620,True,587.28,1048576,1,
4618,True,611.75,1048576,1,
4624,True,606.45,1048576,1,
4619,True,658.47,1048576,1,
4625,True,688.11,1048576,1,
4626,True,685.26,1048576,1,
4629,True,676.44,1048576,1,
4628,True,682.41,1048576,1,
4631,True,650.92,1048576,1,
4630,True,667.18,1048576,1,
4627,True,696.47,1048576,1,
4632,True,620.59,1048576,1,
4633,True,659.21,1048576,1,
4638,True,649.36,1048576,1,
4639,True,649.96,1048576,1,
4637,True,657.90,1048576,1,
4636,True,666.30,1048576,1,
4635,True,671.98,1048576,1,
4634,True,681.70,1048576,1,
4640,True,668.97,1048576,1,
4641,True,660.26,1048576,1,
4642,True,657.40,1048576,1,
4643,True,656.83,1048576,1,
4645,True,653.04,1048576,1,
4644,True,659.64,1048576,1,
4646,True,655.16,1048576,1,
4647,True,651.12,1048576,1,
4648,True,650.23,1048576,1,
4650,True,634.69,1048576,1,
4651,True,636.31,1048576,1,
4654,True,630.17,1048576,1,
4649,True,645.85,1048576,1,
4656,True,628.63,1048576,1,
4653,True,640.01,1048576,1,
4655,True,635.49,1048576,1,
4652,True,648.39,1048576,1,
4663,True,648.52,1048576,1,
4664,True,646.28,1048576,1,
4659,True,660.80,1048576,1,
4660,True,660.85,1048576,1,
4662,True,659.49,1048576,1,
4657,True,674.02,1048576,1,
4661,True,665.61,1048576,1,
4658,True,677.75,1048576,1,
4672,True,611.08,1048576,1,
4671,True,620.43,1048576,1,
4667,True,632.23,1048576,1,
4670,True,627.64,1048576,1,
4669,True,632.70,1048576,1,
4666,True,641.25,1048576,1,
4668,True,640.12,1048576,1,
4665,True,651.03,1048576,1,
4680,True,627.22,1048576,1,
4675,True,647.31,1048576,1,
4674,True,652.14,1048576,1,
4679,True,642.90,1048576,1,
4678,True,649.05,1048576,1,
4677,True,653.37,1048576,1,
4676,True,659.70,1048576,1,
4673,True,673.63,1048576,1,
4682,True,625.23,1048576,1,
4681,True,632.93,1048576,1,
4685,True,621.45,1048576,1,
4683,True,629.98,1048576,1,
4688,True,617.20,1048576,1,
4684,True,632.49,1048576,1,
4686,True,628.74,1048576,1,
4687,True,626.75,1048576,1,
4696,True,669.89,1048576,1,
4693,True,677.34,1048576,1,
4692,True,682.13,1048576,1,
4690,True,688.61,1048576,1,
4694,True,680.14,1048576,1,
4695,True,680.77,1048576,1,
4689,True,696.42,1048576,1,
4691,True,698.19,1048576,1,
4697,True,698.99,1048576,1,
4701,True,707.32,1048576,1,
4698,True,724.99,1048576,1,
4699,True,726.98,1048576,1,
4700,True,728.55,1048576,1,
4702,True,727.43,1048576,1,
4704,True,722.16,1048576,1,
4703,True,733.23,1048576,1,
4705,True,690.71,1048576,1,
4706,True,678.66,1048576,1,
4709,True,663.10,1048576,1,
4707,True,672.35,1048576,1,
4710,True,664.98,1048576,1,
4711,True,664.40,1048576,1,
4708,True,677.46,1048576,1,
4712,True,668.55,1048576,1,
4714,True,602.28,1048576,1,
4713,True,608.04,1048576,1,
4716,True,601.75,1048576,1,
4720,True,590.77,1048576,1,
4717,True,605.55,1048576,1,
4718,True,604.85,1048576,1,
4715,True,615.09,1048576,1,
4719,True,608.74,1048576,1,
4725,True,714.68,1048576,1,
4721,True,731.04,1048576,1,
4722,True,731.92,1048576,1,
4726,True,723.77,1048576,1,
4723,True,735.53,1048576,1,
4724,True,735.21,1048576,1,
4728,True,725.63,1048576,1,
4727,True,732.91,1048576,1,
4730,True,761.92,1048576,1,
4735,True,747.97,1048576,1,
4731,True,761.98,1048576,1,
4732,True,760.13,1048576,1,
4729,True,774.18,1048576,1,
4734,True,760.33,1048576,1,
4733,True,764.86,1048576,1,
4736,True,759.87,1048576,1,
4742,True,772.19,1048576,1,
4743,True,772.25,1048576,1,
4740,True,782.37,1048576,1,
4744,True,773.41,1048576,1,
4739,True,788.58,1048576,1,
4741,True,786.62,1048576,1,
4737,True,798.17,1048576,1,
4738,True,802.29,1048576,1,
4748,True,812.48,1048576,1,
4750,True,810.38,1048576,1,
4752,True,803.12,1048576,1,
4747,True,821.61,1048576,1,
4746,True,825.59,1048576,1,
4749,True,820.56,1048576,1,
4745,True,831.88,1048576,1,
4751,True,818.56,1048576,1,
4756,True,725.02,1048576,1,
4755,True,729.80,1048576,1,
4759,True,726.12,1048576,1,
4760,True,729.61,1048576,1,
4758,True,750.27,1048576,1,
4757,True,755.59,1048576,1,
4754,True,768.17,1048576,1,
4753,True,779.53,1048576,1,
4761,True,877.49,1048576,1,
4762,True,876.95,1048576,1,
4768,True,833.74,1048576,1,
4765,True,850.03,1048576,1,
4764,True,869.30,1048576,1,
4763,True,883.32,1048576,1,
4766,True,863.79,1048576,1,
4767,True,848.81,1048576,1,
4775,True,659.49,1048576,1,
4769,True,682.16,1048576,1,
4774,True,673.05,1048576,1,
4773,True,679.26,1048576,1,
4776,True,669.80,1048576,1,
4770,True,696.45,1048576,1,
4772,True,694.52,1048576,1,
4771,True,699.29,1048576,1,
4777,True,836.23,1048576,1,
4781,True,834.85,1048576,1,
4783,True,829.70,1048576,1,
4778,True,854.71,1048576,1,
4782,True,854.29,1048576,1,
4784,True,852.12,1048576,1,
4780,True,870.29,1048576,1,
4779,True,937.04,1048576,1,
4785,True,817.85,1048576,1,
4786,True,819.51,1048576,1,
4787,True,819.19,1048576,1,
4788,True,815.71,1048576,1,
4790,True,802.34,1048576,1,
4789,True,807.81,1048576,1,
4791,True,806.62,1048576,1,
4792,True,749.07,1048576,1,
4796,True,1271.80,1048576,1,
4794,True,1280.67,1048576,1,
4793,True,1298.55,1048576,1,
4795,True,1284.62,1048576,1,
4797,True,1281.33,1048576,1,
4798,True,1290.35,1048576,1,
4799,True,1295.54,1048576,1,
4800,True,1286.74,1048576,1,
4802,True,1213.23,1048576,1,
4803,True,1239.66,1048576,1,
4808,True,1216.32,1048576,1,
4801,True,1262.43,1048576,1,
4807,True,1238.16,1048576,1,
4805,True,1272.68,1048576,1,
4806,True,1272.57,1048576,1,
4804,True,1348.21,1048576,1,
4809,True,1080.42,1048576,1,
4813,True,1032.97,1048576,1,
4811,True,1054.89,1048576,1,
4812,True,1051.24,1048576,1,
4814,True,1024.27,1048576,1,
4810,True,1077.42,1048576,1,
4815,True,1026.42,1048576,1,
4816,True,970.79,1048576,1,
4822,True,1181.51,1048576,1,
4817,True,1206.61,1048576,1,
4819,True,1202.69,1048576,1,
4823,True,1198.38,1048576,1,
4821,True,1207.79,1048576,1,
4818,True,1221.74,1048576,1,
4820,True,1219.23,1048576,1,
4824,True,1209.08,1048576,1,
4827,True,1073.82,1048576,1,
4828,True,1066.65,1048576,1,
4825,True,1086.31,1048576,1,
4832,True,1057.92,1048576,1,
4831,True,1065.43,1048576,1,
4826,True,1090.09,1048576,1,
4829,True,1076.80,1048576,1,
4830,True,1078.70,1048576,1,
4836,True,1114.76,1048576,1,
4839,True,1108.00,1048576,1,
4837,True,1115.65,1048576,1,
4833,True,1127.56,1048576,1,
4835,True,1126.32,1048576,1,
4840,True,1119.33,1048576,1,
4834,True,1143.74,1048576,1,
4838,True,1144.48,1048576,1,
4845,True,1119.72,1048576,1,
4842,True,1129.85,1048576,1,
4844,True,1127.21,1048576,1,
4841,True,1137.20,1048576,1,
4846,True,1121.97,1048576,1,
4848,True,1109.50,1048576,1,
4843,True,1144.45,1048576,1,
4847,True,1132.09,1048576,1,
4856,True,1062.83,1048576,1,
4854,True,1076.97,1048576,1,
4850,True,1091.36,1048576,1,
4853,True,1083.47,1048576,1,
4851,True,1094.79,1048576,1,
4852,True,1093.36,1048576,1,
4855,True,1087.92,1048576,1,
4849,True,1117.60,1048576,1,
4858,True,1074.72,1048576,1,
4861,True,1069.36,1048576,1,
4860,True,1074.72,1048576,1,
4864,True,1056.58,1048576,1,
4863,True,1064.20,1048576,1,
4859,True,1087.17,1048576,1,
4862,True,1081.26,1048576,1,
4857,True,1104.94,1048576,1,
4867,True,1158.70,1048576,1,
4866,True,1164.23,1048576,1,
4871,True,1152.95,1048576,1,
4872,True,1150.23,1048576,1,
4865,True,1181.29,1048576,1,
4868,True,1176.91,1048576,1,
4869,True,1178.75,1048576,1,
4870,True,1182.64,1048576,1,
4880,True,1252.97,1048576,1,
4878,True,1268.41,1048576,1,
4876,True,1277.09,1048576,1,
4873,True,1301.81,1048576,1,
4877,True,1287.46,1048576,1,
4875,True,1306.04,1048576,1,
4874,True,1319.23,1048576,1,
4879,True,1300.88,1048576,1,
4886,True,1168.46,1048576,1,
4881,True,1203.55,1048576,1,
4888,True,1166.78,1048576,1,
4885,True,1191.41,1048576,1,
4884,True,1199.41,1048576,1,
4882,True,1222.59,1048576,1,
4887,True,1192.62,1048576,1,
4883,True,1234.22,1048576,1,
4890,True,1290.02,1048576,1,
4891,True,1289.50,1048576,1,
4894,True,1273.28,1048576,1,
4895,True,1276.60,1048576,1,
4896,True,1275.74,1048576,1,
4892,True,1309.66,1048576,1,
4889,True,1324.69,1048576,1,
4893,True,1314.62,1048576,1,
4900,True,1231.37,1048576,1,
4897,True,1245.47,1048576,1,
4901,True,1223.22,1048576,1,
4902,True,1224.19,1048576,1,
4899,True,1247.31,1048576,1,
4904,True,1221.41,1048576,1,
4903,True,1227.32,1048576,1,
4898,True,1260.50,1048576,1,
4910,True,1189.61,1048576,1,
4906,True,1204.45,1048576,1,
4908,True,1204.15,1048576,1,
4909,True,1211.56,1048576,1,
4911,True,1209.24,1048576,1,
4912,True,1218.17,1048576,1,
4905,True,1241.96,1048576,1,
4907,True,1240.81,1048576,1,
4916,True,1298.32,1048576,1,
4915,True,1310.80,1048576,1,
4918,True,1287.72,1048576,1,
4917,True,1303.96,1048576,1,
4920,True,1287.97,1048576,1,
4914,True,1327.98,1048576,1,
4919,True,1297.91,1048576,1,
4913,True,1352.11,1048576,1,
4925,True,1217.17,1048576,1,
4921,True,1243.33,1048576,1,
4928,True,1213.59,1048576,1,
4922,True,1261.43,1048576,1,
4923,True,1263.28,1048576,1,
4926,True,1269.49,1048576,1,
4927,True,1274.24,1048576,1,
4924,True,1291.33,1048576,1,
4934,True,1357.17,1048576,1,
4932,True,1391.25,1048576,1,
4930,True,1415.56,1048576,1,
4936,True,1360.39,1048576,1,
4931,True,1413.11,1048576,1,
4933,True,1386.62,1048576,1,
4935,True,1374.39,1048576,1,
4929,True,1445.59,1048576,1,
4940,True,1306.97,1048576,1,
4938,True,1315.61,1048576,1,
4943,True,1306.66,1048576,1,
4937,True,1330.95,1048576,1,
4944,True,1310.80,1048576,1,
4941,True,1334.02,1048576,1,
4939,True,1341.94,1048576,1,
4942,True,1341.80,1048576,1,
4949,True,1381.79,1048576,1,
4952,True,1365.01,1048576,1,
4950,True,1386.46,1048576,1,
4947,True,1407.48,1048576,1,
4951,True,1402.50,1048576,1,
4945,True,1440.02,1048576,1,
4946,True,1440.84,1048576,1,
4948,True,1434.63,1048576,1,
4960,True,1533.31,1048576,1,
4959,True,1542.06,1048576,1,
4955,True,1574.14,1048576,1,
4956,True,1573.74,1048576,1,
4957,True,1562.94,1048576,1,
4953,True,1610.73,1048576,1,
4958,True,1584.05,1048576,1,
4954,True,1621.85,1048576,1,
4965,True,1155.34,1048576,1,
4963,True,1166.88,1048576,1,
4961,True,1184.37,1048576,1,
4966,True,1158.24,1048576,1,
4968,True,1146.13,1048576,1,
4962,True,1189.38,1048576,1,
4967,True,1156.59,1048576,1,
4964,True,1196.47,1048576,1,
4971,True,2365.62,1048576,1,
4972,True,2368.79,1048576,1,
4974,True,2365.72,1048576,1,
4973,True,2381.36,1048576,1,
4969,True,2401.95,1048576,1,
4975,True,2379.91,1048576,1,
4970,True,2413.93,1048576,1,
4976,True,2383.07,1048576,1,
4984,True,1141.08,1048576,1,
4979,True,1177.72,1048576,1,
4980,True,1168.23,1048576,1,
4977,True,1191.60,1048576,1,
4978,True,1189.61,1048576,1,
4981,True,1173.68,1048576,1,
4982,True,1173.01,1048576,1,
4983,True,1164.08,1048576,1,
4986,True,1735.41,1048576,1,
4987,True,1744.18,1048576,1,
4985,True,1754.75,1048576,1,
4990,True,1743.62,1048576,1,
4991,True,1744.81,1048576,1,
4989,True,1755.46,1048576,1,
4992,True,1751.76,1048576,1,
4988,True,1783.32,1048576,1,
4993,True,2735.45,1048576,1,
4994,True,2728.53,1048576,1,
4996,True,2723.37,1048576,1,
4999,True,2717.34,1048576,1,
4998,True,2725.51,1048576,1,
4997,True,2732.82,1048576,1,
5000,True,2703.04,1048576,1,
4995,True,2752.33,1048576,1,
