Task_ID,Success,Latency_ms,Bytes,Attempts,Error
1,True,659.48,1048576,1,
5,True,630.89,1048576,1,
7,True,585.32,1048576,1,
3,True,651.64,1048576,1,
6,True,598.48,1048576,1,
4,True,645.54,1048576,1,
8,True,570.81,1048576,1,
2,True,672.11,1048576,1,
9,True,710.35,1048576,1,
12,True,708.38,1048576,1,
16,True,697.00,1048576,1,
14,True,707.48,1048576,1,
11,True,718.43,1048576,1,
15,True,708.31,1048576,1,
10,True,727.38,1048576,1,
13,True,722.96,1048576,1,
17,True,552.59,1048576,1,
19,True,546.39,1048576,1,
18,True,551.92,1048576,1,
21,True,546.26,1048576,1,
22,True,544.98,1048576,1,
23,True,544.82,1048576,1,
24,True,544.19,1048576,1,
20,True,560.53,1048576,1,
25,True,500.32,1048576,1,
26,True,500.27,1048576,1,
28,True,496.85,1048576,1,
31,True,491.37,1048576,1,
30,True,498.09,1048576,1,
27,True,507.16,1048576,1,
32,True,496.77,1048576,1,
29,True,511.01,1048576,1,
36,True,593.26,1048576,1,
33,True,602.17,1048576,1,
38,True,593.95,1048576,1,
34,True,609.94,1048576,1,
35,True,610.33,1048576,1,
37,True,606.26,1048576,1,
39,True,607.06,1048576,1,
40,True,606.94,1048576,1,
42,True,673.45,1048576,1,
41,True,679.38,1048576,1,
45,True,668.04,1048576,1,
48,True,656.86,1048576,1,
44,True,673.72,1048576,1,
43,True,680.61,1048576,1,
46,True,676.81,1048576,1,
47,True,805.69,1048576,1,
49,True,606.45,1048576,1,
52,True,601.53,1048576,1,
50,True,607.69,1048576,1,
54,True,602.54,1048576,1,
55,True,598.55,1048576,1,
53,True,609.84,1048576,1,
51,True,745.17,1048576,1,
56,True,631.95,1048576,1,
57,True,513.95,1048576,1,
58,True,513.66,1048576,1,
62,True,505.58,1048576,1,
59,True,514.97,1048576,1,
61,True,512.36,1048576,1,
60,True,515.92,1048576,1,
63,True,439.81,1048576,1,
64,True,429.36,1048576,1,
65,True,712.87,1048576,1,
67,True,711.78,1048576,1,
69,True,710.67,1048576,1,
68,True,714.75,1048576,1,
66,True,720.16,1048576,1,
70,True,716.24,1048576,1,
71,True,788.77,1048576,1,
72,True,770.95,1048576,1,
74,True,459.48,1048576,1,
76,True,456.71,1048576,1,
77,True,459.70,1048576,1,
75,True,465.98,1048576,1,
78,True,461.72,1048576,1,
73,True,477.23,1048576,1,
80,True,328.82,1048576,1,
79,True,340.13,1048576,1,
87,True,505.57,1048576,1,
83,True,519.09,1048576,1,
81,True,527.84,1048576,1,
82,True,527.16,1048576,1,
86,True,516.97,1048576,1,
85,True,520.89,1048576,1,
88,True,509.76,1048576,1,
84,True,526.72,1048576,1,
89,True,461.02,1048576,1,
95,True,452.47,1048576,1,
90,True,462.35,1048576,1,
93,True,458.85,1048576,1,
96,True,457.73,1048576,1,
92,True,465.43,1048576,1,
94,True,464.17,1048576,1,
91,True,471.66,1048576,1,
97,True,622.00,1048576,1,
101,True,615.44,1048576,1,
99,True,624.31,1048576,1,
98,True,628.84,1048576,1,
100,True,629.12,1048576,1,
103,True,624.36,1048576,1,
104,True,623.71,1048576,1,
102,True,630.59,1048576,1,
111,True,526.37,1048576,1,
106,True,543.49,1048576,1,
108,True,538.93,1048576,1,
107,True,545.56,1048576,1,
110,True,540.77,1048576,1,
105,True,557.87,1048576,1,
109,True,549.13,1048576,1,
112,True,546.24,1048576,1,
117,True,586.53,1048576,1,
116,True,591.21,1048576,1,
115,True,596.95,1048576,1,
120,True,582.20,1048576,1,
114,True,603.36,1048576,1,
119,True,590.15,1048576,1,
118,True,598.35,1048576,1,
113,True,620.15,1048576,1,
126,True,610.43,1048576,1,
128,True,600.33,1048576,1,
122,True,623.03,1048576,1,
127,True,613.25,1048576,1,
121,True,630.02,1048576,1,
125,True,623.69,1048576,1,
123,True,629.48,1048576,1,
124,True,633.22,1048576,1,
132,True,593.75,1048576,1,
135,True,589.79,1048576,1,
133,True,595.04,1048576,1,
134,True,595.88,1048576,1,
130,True,605.72,1048576,1,
129,True,610.88,1048576,1,
131,True,608.63,1048576,1,
136,True,596.29,1048576,1,
141,True,475.09,1048576,1,
143,True,471.45,1048576,1,
142,True,474.99,1048576,1,
140,True,481.21,1048576,1,
137,True,489.18,1048576,1,
144,True,477.16,1048576,1,
139,True,488.67,1048576,1,
138,True,494.99,1048576,1,
152,True,493.48,1048576,1,
147,True,509.67,1048576,1,
146,True,523.11,1048576,1,
145,True,541.28,1048576,1,
151,True,533.75,1048576,1,
150,True,537.22,1048576,1,
148,True,575.61,1048576,1,
149,True,578.43,1048576,1,
153,True,608.39,1048576,1,
154,True,607.11,1048576,1,
157,True,578.82,1048576,1,
158,True,579.44,1048576,1,
155,True,602.33,1048576,1,
156,True,588.56,1048576,1,
159,True,552.04,1048576,1,
160,True,548.03,1048576,1,
168,True,456.90,1048576,1,
165,True,465.38,1048576,1,
163,True,471.40,1048576,1,
167,True,462.78,1048576,1,
161,True,479.93,1048576,1,
162,True,478.96,1048576,1,
166,True,470.44,1048576,1,
164,True,477.73,1048576,1,
172,True,482.28,1048576,1,
173,True,481.03,1048576,1,
176,True,477.36,1048576,1,
171,True,488.02,1048576,1,
175,True,483.05,1048576,1,
169,True,495.55,1048576,1,
170,True,495.86,1048576,1,
174,True,491.37,1048576,1,
177,True,509.30,1048576,1,
181,True,504.55,1048576,1,
178,True,510.78,1048576,1,
179,True,510.91,1048576,1,
182,True,507.15,1048576,1,
180,True,513.57,1048576,1,
183,True,508.85,1048576,1,
184,True,510.97,1048576,1,
191,True,516.84,1048576,1,
187,True,526.21,1048576,1,
188,True,526.77,1048576,1,
190,True,525.33,1048576,1,
192,True,522.54,1048576,1,
186,True,538.28,1048576,1,
185,True,541.78,1048576,1,
189,True,537.15,1048576,1,
193,True,491.69,1048576,1,
194,True,493.64,1048576,1,
199,True,482.71,1048576,1,
198,True,486.61,1048576,1,
196,True,494.47,1048576,1,
195,True,499.17,1048576,1,
197,True,497.21,1048576,1,
200,True,492.50,1048576,1,
201,True,540.11,1048576,1,
207,True,525.69,1048576,1,
204,True,537.15,1048576,1,
203,True,540.71,1048576,1,
206,True,536.35,1048576,1,
208,True,532.11,1048576,1,
202,True,548.89,1048576,1,
205,True,546.75,1048576,1,
212,True,464.28,1048576,1,
210,True,473.10,1048576,1,
213,True,468.91,1048576,1,
209,True,478.39,1048576,1,
215,True,468.23,1048576,1,
214,True,474.16,1048576,1,
211,True,482.32,1048576,1,
216,True,473.46,1048576,1,
217,True,455.66,1048576,1,
219,True,454.06,1048576,1,
220,True,458.02,1048576,1,
224,True,449.13,1048576,1,
221,True,459.60,1048576,1,
222,True,459.40,1048576,1,
223,True,460.82,1048576,1,
218,True,529.33,1048576,1,
225,True,469.56,1048576,1,
226,True,466.47,1048576,1,
227,True,464.04,1048576,1,
230,True,459.04,1048576,1,
228,True,466.16,1048576,1,
231,True,460.05,1048576,1,
229,True,471.54,1048576,1,
232,True,410.21,1048576,1,
233,True,476.51,1048576,1,
235,True,474.99,1048576,1,
237,True,473.35,1048576,1,
240,True,465.92,1048576,1,
239,True,469.87,1048576,1,
234,True,487.89,1048576,1,
236,True,484.43,1048576,1,
238,True,482.23,1048576,1,
243,True,464.95,1048576,1,
244,True,464.47,1048576,1,
241,True,474.05,1048576,1,
246,True,464.14,1048576,1,
242,True,475.17,1048576,1,
245,True,470.06,1048576,1,
247,True,466.17,1048576,1,
248,True,466.21,1048576,1,
253,True,458.89,1048576,1,
254,True,459.06,1048576,1,
252,True,463.56,1048576,1,
256,True,457.63,1048576,1,
255,True,463.28,1048576,1,
251,True,471.97,1048576,1,
250,True,475.28,1048576,1,
249,True,478.78,1048576,1,
264,True,445.36,1048576,1,
263,True,448.78,1048576,1,
261,True,453.38,1048576,1,
262,True,454.80,1048576,1,
258,True,464.04,1048576,1,
257,True,467.31,1048576,1,
259,True,465.64,1048576,1,
260,True,466.61,1048576,1,
265,True,474.70,1048576,1,
268,True,470.09,1048576,1,
269,True,469.71,1048576,1,
270,True,470.90,1048576,1,
272,True,468.39,1048576,1,
267,True,480.62,1048576,1,
271,True,473.87,1048576,1,
266,True,486.06,1048576,1,
277,True,463.50,1048576,1,
280,True,459.58,1048576,1,
278,True,464.88,1048576,1,
279,True,464.65,1048576,1,
276,True,470.66,1048576,1,
273,True,478.31,1048576,1,
274,True,478.23,1048576,1,
275,True,477.81,1048576,1,
287,True,456.23,1048576,1,
285,True,460.34,1048576,1,
282,True,470.59,1048576,1,
288,True,466.24,1048576,1,
286,True,471.20,1048576,1,
284,True,476.87,1048576,1,
281,True,484.94,1048576,1,
283,True,486.28,1048576,1,
292,True,534.30,1048576,1,
294,True,531.26,1048576,1,
296,True,526.74,1048576,1,
290,True,549.87,1048576,1,
295,True,535.91,1048576,1,
291,True,551.68,1048576,1,
293,True,550.52,1048576,1,
289,True,600.45,1048576,1,
297,True,486.77,1048576,1,
298,True,487.29,1048576,1,
301,True,481.61,1048576,1,
302,True,481.10,1048576,1,
300,True,488.32,1048576,1,
303,True,480.21,1048576,1,
299,True,496.86,1048576,1,
304,True,449.50,1048576,1,
308,True,556.12,1048576,1,
305,True,565.12,1048576,1,
310,True,555.00,1048576,1,
306,True,570.88,1048576,1,
311,True,559.93,1048576,1,
307,True,572.37,1048576,1,
309,True,570.37,1048576,1,
312,True,572.01,1048576,1,
313,True,571.59,1048576,1,
314,True,571.25,1048576,1,
319,True,557.41,1048576,1,
318,True,561.71,1048576,1,
320,True,551.39,1048576,1,
315,True,574.55,1048576,1,
317,True,569.74,1048576,1,
316,True,573.43,1048576,1,
324,True,462.72,1048576,1,
325,True,462.62,1048576,1,
326,True,462.65,1048576,1,
327,True,462.25,1048576,1,
321,True,474.63,1048576,1,
322,True,475.97,1048576,1,
323,True,476.89,1048576,1,
328,True,469.52,1048576,1,
329,True,500.43,1048576,1,
334,True,491.14,1048576,1,
332,True,497.86,1048576,1,
331,True,502.17,1048576,1,
336,True,492.28,1048576,1,
335,True,496.23,1048576,1,
330,True,509.70,1048576,1,
333,True,504.65,1048576,1,
337,True,529.99,1048576,1,
343,True,521.32,1048576,1,
340,True,529.06,1048576,1,
338,True,533.77,1048576,1,
341,True,531.42,1048576,1,
339,True,537.01,1048576,1,
342,True,533.69,1048576,1,
344,True,531.29,1048576,1,
345,True,548.45,1048576,1,
349,True,542.78,1048576,1,
352,True,538.69,1048576,1,
351,True,541.33,1048576,1,
346,True,553.90,1048576,1,
350,True,547.25,1048576,1,
348,True,553.45,1048576,1,
347,True,557.80,1048576,1,
353,True,521.34,1048576,1,
356,True,519.28,1048576,1,
355,True,522.50,1048576,1,
360,True,514.97,1048576,1,
357,True,523.80,1048576,1,
354,True,532.35,1048576,1,
359,True,525.79,1048576,1,
358,True,528.61,1048576,1,
366,True,511.24,1048576,1,
361,True,525.58,1048576,1,
362,True,524.16,1048576,1,
368,True,512.63,1048576,1,
367,True,516.37,1048576,1,
364,True,525.79,1048576,1,
365,True,524.23,1048576,1,
363,True,530.70,1048576,1,
372,True,643.11,1048576,1,
376,True,638.89,1048576,1,
370,True,650.55,1048576,1,
375,True,643.90,1048576,1,
369,True,655.44,1048576,1,
373,True,650.07,1048576,1,
374,True,650.20,1048576,1,
371,True,657.45,1048576,1,
377,True,473.56,1048576,1,
381,True,467.40,1048576,1,
382,True,467.17,1048576,1,
379,True,473.68,1048576,1,
380,True,473.94,1048576,1,
384,True,468.13,1048576,1,
383,True,471.64,1048576,1,
378,True,481.00,1048576,1,
392,True,503.92,1048576,1,
386,True,513.92,1048576,1,
388,True,512.53,1048576,1,
385,True,518.25,1048576,1,
391,True,512.16,1048576,1,
387,True,519.30,1048576,1,
389,True,517.42,1048576,1,
390,True,517.52,1048576,1,
400,True,630.79,1048576,1,
396,True,638.92,1048576,1,
399,True,637.31,1048576,1,
394,True,647.89,1048576,1,
395,True,648.12,1048576,1,
393,True,653.67,1048576,1,
398,True,648.71,1048576,1,
397,True,655.55,1048576,1,
402,True,531.92,1048576,1,
401,True,535.88,1048576,1,
403,True,532.49,1048576,1,
408,True,519.49,1048576,1,
407,True,527.23,1048576,1,
406,True,533.22,1048576,1,
405,True,537.36,1048576,1,
404,True,541.40,1048576,1,
410,True,530.40,1048576,1,
416,True,518.78,1048576,1,
409,True,535.41,1048576,1,
412,True,530.81,1048576,1,
413,True,530.56,1048576,1,
414,True,530.40,1048576,1,
411,True,542.65,1048576,1,
415,True,537.61,1048576,1,
419,True,554.71,1048576,1,
418,True,559.60,1048576,1,
422,True,553.48,1048576,1,
417,True,564.39,1048576,1,
420,True,561.25,1048576,1,
421,True,560.26,1048576,1,
423,True,555.80,1048576,1,
424,True,553.68,1048576,1,
432,True,590.89,1048576,1,
425,True,608.14,1048576,1,
429,True,602.28,1048576,1,
431,True,599.77,1048576,1,
430,True,606.75,1048576,1,
428,True,612.82,1048576,1,
426,True,618.59,1048576,1,
427,True,623.57,1048576,1,
433,True,543.69,1048576,1,
434,True,543.39,1048576,1,
435,True,543.22,1048576,1,
437,True,538.13,1048576,1,
440,True,528.64,1048576,1,
438,True,540.57,1048576,1,
439,True,541.66,1048576,1,
436,True,553.31,1048576,1,
441,True,523.42,1048576,1,
447,True,510.45,1048576,1,
445,True,519.36,1048576,1,
443,True,526.07,1048576,1,
448,True,516.55,1048576,1,
446,True,524.58,1048576,1,
442,True,534.15,1048576,1,
444,True,535.73,1048576,1,
451,True,581.62,1048576,1,
449,True,587.90,1048576,1,
450,True,589.30,1048576,1,
455,True,578.58,1048576,1,
452,True,587.32,1048576,1,
453,True,586.82,1048576,1,
456,True,580.85,1048576,1,
454,True,589.34,1048576,1,
457,True,645.71,1048576,1,
458,True,648.21,1048576,1,
464,True,636.89,1048576,1,
460,True,647.36,1048576,1,
459,True,652.27,1048576,1,
462,True,649.83,1048576,1,
461,True,654.69,1048576,1,
463,True,653.57,1048576,1,
465,True,618.07,1048576,1,
468,True,611.63,1048576,1,
469,True,610.68,1048576,1,
467,True,617.72,1048576,1,
470,True,613.77,1048576,1,
471,True,611.69,1048576,1,
472,True,610.73,1048576,1,
466,True,635.41,1048576,1,
475,True,579.86,1048576,1,
478,True,573.23,1048576,1,
477,True,578.33,1048576,1,
479,True,576.81,1048576,1,
473,True,592.74,1048576,1,
474,True,593.28,1048576,1,
480,True,577.07,1048576,1,
476,True,596.73,1048576,1,
481,True,464.95,1048576,1,
482,True,465.67,1048576,1,
484,True,462.08,1048576,1,
486,True,459.19,1048576,1,
487,True,458.57,1048576,1,
485,True,468.12,1048576,1,
488,True,461.55,1048576,1,
483,True,478.99,1048576,1,
489,True,670.05,1048576,1,
496,True,654.96,1048576,1,
495,True,659.96,1048576,1,
493,True,669.75,1048576,1,
490,True,678.56,1048576,1,
491,True,678.70,1048576,1,
492,True,681.21,1048576,1,
494,True,679.02,1048576,1,
497,True,623.44,1048576,1,
499,True,622.14,1048576,1,
504,True,610.99,1048576,1,
502,True,622.60,1048576,1,
500,True,629.95,1048576,1,
501,True,631.08,1048576,1,
498,True,641.79,1048576,1,
503,True,631.49,1048576,1,
510,True,690.40,1048576,1,
505,True,713.63,1048576,1,
507,True,706.75,1048576,1,
512,True,693.92,1048576,1,
511,True,700.61,1048576,1,
509,True,710.20,1048576,1,
506,True,724.92,1048576,1,
508,True,724.03,1048576,1,
513,True,621.73,1048576,1,
516,True,614.48,1048576,1,
514,True,624.98,1048576,1,
515,True,623.97,1048576,1,
520,True,605.55,1048576,1,
519,True,615.33,1048576,1,
517,True,625.30,1048576,1,
518,True,628.70,1048576,1,
521,True,566.57,1048576,1,
522,True,567.47,1048576,1,
526,True,558.39,1048576,1,
528,True,552.39,1048576,1,
525,True,566.67,1048576,1,
524,True,573.60,1048576,1,
527,True,569.52,1048576,1,
523,True,581.69,1048576,1,
529,True,510.48,1048576,1,
531,True,507.19,1048576,1,
532,True,506.70,1048576,1,
530,True,514.56,1048576,1,
536,True,498.18,1048576,1,
535,True,503.84,1048576,1,
533,True,516.07,1048576,1,
534,True,515.56,1048576,1,
541,True,732.85,1048576,1,
538,True,741.60,1048576,1,
540,True,737.65,1048576,1,
544,True,725.71,1048576,1,
542,True,734.46,1048576,1,
543,True,732.44,1048576,1,
537,True,752.54,1048576,1,
539,True,749.27,1048576,1,
547,True,611.73,1048576,1,
545,True,616.45,1048576,1,
552,True,607.23,1048576,1,
549,True,615.03,1048576,1,
548,True,619.08,1048576,1,
550,True,620.88,1048576,1,
546,True,630.66,1048576,1,
551,True,625.99,1048576,1,
553,True,609.18,1048576,1,
560,True,590.17,1048576,1,
559,True,598.80,1048576,1,
557,True,611.12,1048576,1,
554,True,621.44,1048576,1,
555,True,624.11,1048576,1,
556,True,625.78,1048576,1,
558,True,624.54,1048576,1,
562,True,707.11,1048576,1,
561,True,711.30,1048576,1,
563,True,706.44,1048576,1,
564,True,706.85,1048576,1,
568,True,691.10,1048576,1,
565,True,707.78,1048576,1,
566,True,704.76,1048576,1,
567,True,705.12,1048576,1,
574,True,603.90,1048576,1,
570,True,617.96,1048576,1,
576,True,604.19,1048576,1,
573,True,614.43,1048576,1,
571,True,622.11,1048576,1,
572,True,625.64,1048576,1,
569,True,637.98,1048576,1,
575,True,631.58,1048576,1,
577,True,550.14,1048576,1,
579,True,546.92,1048576,1,
578,True,552.11,1048576,1,
581,True,545.76,1048576,1,
583,True,536.01,1048576,1,
582,True,541.84,1048576,1,
584,True,531.79,1048576,1,
580,True,558.75,1048576,1,
589,True,591.16,1048576,1,
585,True,600.38,1048576,1,
586,True,600.11,1048576,1,
592,True,587.69,1048576,1,
591,True,596.38,1048576,1,
588,True,605.05,1048576,1,
587,True,610.47,1048576,1,
590,True,608.86,1048576,1,
596,True,550.68,1048576,1,
599,True,542.30,1048576,1,
594,True,560.30,1048576,1,
593,True,564.94,1048576,1,
595,True,563.56,1048576,1,
598,True,559.47,1048576,1,
597,True,566.30,1048576,1,
600,True,560.54,1048576,1,
607,True,631.05,1048576,1,
602,True,649.81,1048576,1,
604,True,646.73,1048576,1,
605,True,646.48,1048576,1,
608,True,635.67,1048576,1,
606,True,645.49,1048576,1,
603,True,658.00,1048576,1,
601,True,666.11,1048576,1,
611,True,577.35,1048576,1,
609,True,583.88,1048576,1,
612,True,578.07,1048576,1,
616,True,570.26,1048576,1,
613,True,579.22,1048576,1,
614,True,579.12,1048576,1,
615,True,578.00,1048576,1,
610,True,591.08,1048576,1,
619,True,517.39,1048576,1,
623,True,512.66,1048576,1,
617,True,523.00,1048576,1,
620,True,520.19,1048576,1,
622,True,520.23,1048576,1,
621,True,523.58,1048576,1,
618,True,529.42,1048576,1,
624,True,521.41,1048576,1,
628,True,527.53,1048576,1,
631,True,522.32,1048576,1,
627,True,531.73,1048576,1,
630,True,526.63,1048576,1,
632,True,525.52,1048576,1,
626,True,538.49,1048576,1,
629,True,534.72,1048576,1,
625,True,543.85,1048576,1,
634,True,537.19,1048576,1,
639,True,530.09,1048576,1,
635,True,539.88,1048576,1,
633,True,544.16,1048576,1,
636,True,541.55,1048576,1,
637,True,541.66,1048576,1,
638,True,541.84,1048576,1,
640,True,539.07,1048576,1,
647,True,514.71,1048576,1,
646,True,518.24,1048576,1,
641,True,528.90,1048576,1,
643,True,526.03,1048576,1,
644,True,526.10,1048576,1,
648,True,520.41,1048576,1,
642,True,532.72,1048576,1,
645,True,528.52,1048576,1,
652,True,466.29,1048576,1,
649,True,471.59,1048576,1,
655,True,464.15,1048576,1,
653,True,468.91,1048576,1,
650,True,474.49,1048576,1,
651,True,474.66,1048576,1,
656,True,468.61,1048576,1,
654,True,474.48,1048576,1,
663,True,535.81,1048576,1,
661,True,539.96,1048576,1,
659,True,544.25,1048576,1,
657,True,548.18,1048576,1,
662,True,542.38,1048576,1,
660,True,546.70,1048576,1,
658,True,550.89,1048576,1,
664,True,542.43,1048576,1,
670,True,483.46,1048576,1,
665,True,494.55,1048576,1,
671,True,488.36,1048576,1,
669,True,493.25,1048576,1,
667,True,498.12,1048576,1,
668,True,502.06,1048576,1,
672,True,498.33,1048576,1,
666,True,510.09,1048576,1,
673,True,615.31,1048576,1,
674,True,614.83,1048576,1,
676,True,613.71,1048576,1,
675,True,618.52,1048576,1,
680,True,605.72,1048576,1,
679,True,613.40,1048576,1,
678,True,618.11,1048576,1,
677,True,630.51,1048576,1,
685,True,548.56,1048576,1,
687,True,543.96,1048576,1,
688,True,542.73,1048576,1,
681,True,574.01,1048576,1,
686,True,560.22,1048576,1,
684,True,569.09,1048576,1,
683,True,573.63,1048576,1,
682,True,578.41,1048576,1,
694,True,547.32,1048576,1,
689,True,567.18,1048576,1,
691,True,559.63,1048576,1,
695,True,550.69,1048576,1,
690,True,568.88,1048576,1,
696,True,552.95,1048576,1,
693,True,560.58,1048576,1,
692,True,567.95,1048576,1,
699,True,503.70,1048576,1,
702,True,499.71,1048576,1,
703,True,500.44,1048576,1,
697,True,513.41,1048576,1,
704,True,500.44,1048576,1,
701,True,510.91,1048576,1,
700,True,516.13,1048576,1,
698,True,521.20,1048576,1,
707,True,505.64,1048576,1,
711,True,497.47,1048576,1,
708,True,506.91,1048576,1,
709,True,505.37,1048576,1,
710,True,505.43,1048576,1,
712,True,502.79,1048576,1,
706,True,518.11,1048576,1,
705,True,522.51,1048576,1,
715,True,495.50,1048576,1,
716,True,497.38,1048576,1,
713,True,503.62,1048576,1,
719,True,494.91,1048576,1,
714,True,507.64,1048576,1,
718,True,505.11,1048576,1,
720,True,505.78,1048576,1,
717,True,516.33,1048576,1,
721,True,462.07,1048576,1,
723,True,460.63,1048576,1,
724,True,461.14,1048576,1,
722,True,466.89,1048576,1,
725,True,462.65,1048576,1,
727,True,456.33,1048576,1,
728,True,454.28,1048576,1,
726,True,469.99,1048576,1,
729,True,476.83,1048576,1,
735,True,462.97,1048576,1,
731,True,475.71,1048576,1,
734,True,469.47,1048576,1,
733,True,474.11,1048576,1,
732,True,479.02,1048576,1,
736,True,465.57,1048576,1,
730,True,489.35,1048576,1,
738,True,489.02,1048576,1,
744,True,477.92,1048576,1,
739,True,491.49,1048576,1,
741,True,489.32,1048576,1,
740,True,492.43,1048576,1,
742,True,490.02,1048576,1,
743,True,490.75,1048576,1,
737,True,507.21,1048576,1,
747,True,452.52,1048576,1,
752,True,443.16,1048576,1,
748,True,454.24,1048576,1,
751,True,450.53,1048576,1,
749,True,455.88,1048576,1,
745,True,464.78,1048576,1,
746,True,463.80,1048576,1,
750,True,458.68,1048576,1,
760,True,443.91,1048576,1,
754,True,454.25,1048576,1,
758,True,450.53,1048576,1,
756,True,454.91,1048576,1,
759,True,453.39,1048576,1,
753,True,465.96,1048576,1,
757,True,462.73,1048576,1,
755,True,468.56,1048576,1,
763,True,448.85,1048576,1,
768,True,436.65,1048576,1,
764,True,450.30,1048576,1,
765,True,450.14,1048576,1,
761,True,460.90,1048576,1,
762,True,460.95,1048576,1,
767,True,450.29,1048576,1,
766,True,455.19,1048576,1,
772,True,469.10,1048576,1,
775,True,464.62,1048576,1,
770,True,477.57,1048576,1,
774,True,472.03,1048576,1,
769,True,485.19,1048576,1,
776,True,473.03,1048576,1,
771,True,485.92,1048576,1,
773,True,483.07,1048576,1,
777,True,481.93,1048576,1,
778,True,481.49,1048576,1,
781,True,476.00,1048576,1,
779,True,484.79,1048576,1,
784,True,475.32,1048576,1,
783,True,479.36,1048576,1,
782,True,482.86,1048576,1,
780,True,490.25,1048576,1,
788,True,449.74,1048576,1,
787,True,455.61,1048576,1,
785,True,461.91,1048576,1,
791,True,450.54,1048576,1,
790,True,454.70,1048576,1,
786,True,467.25,1048576,1,
789,True,462.48,1048576,1,
792,True,459.62,1048576,1,
793,True,494.82,1048576,1,
797,True,486.86,1048576,1,
794,True,496.94,1048576,1,
796,True,495.05,1048576,1,
799,True,489.40,1048576,1,
798,True,495.28,1048576,1,
800,True,494.53,1048576,1,
795,True,545.20,1048576,1,
802,True,463.00,1048576,1,
801,True,466.59,1048576,1,
804,True,462.49,1048576,1,
803,True,466.41,1048576,1,
807,True,455.65,1048576,1,
806,True,463.49,1048576,1,
805,True,468.52,1048576,1,
808,True,429.46,1048576,1,
815,True,475.18,1048576,1,
816,True,470.37,1048576,1,
814,True,481.39,1048576,1,
811,True,489.20,1048576,1,
810,True,494.57,1048576,1,
813,True,489.63,1048576,1,
809,True,500.06,1048576,1,
812,True,494.47,1048576,1,
820,True,448.16,1048576,1,
824,True,443.24,1048576,1,
821,True,450.00,1048576,1,
818,True,457.72,1048576,1,
823,True,450.35,1048576,1,
817,True,464.02,1048576,1,
819,True,462.43,1048576,1,
822,True,459.05,1048576,1,
826,True,496.39,1048576,1,
825,True,502.60,1048576,1,
827,True,500.74,1048576,1,
828,True,500.30,1048576,1,
832,True,493.19,1048576,1,
829,True,502.61,1048576,1,
831,True,499.41,1048576,1,
830,True,503.50,1048576,1,
834,True,491.60,1048576,1,
839,True,483.84,1048576,1,
836,True,491.45,1048576,1,
838,True,489.35,1048576,1,
833,True,502.64,1048576,1,
837,True,494.43,1048576,1,
835,True,499.90,1048576,1,
840,True,491.45,1048576,1,
843,True,489.35,1048576,1,
842,True,493.00,1048576,1,
845,True,489.61,1048576,1,
841,True,498.56,1048576,1,
844,True,494.66,1048576,1,
846,True,492.97,1048576,1,
847,True,493.35,1048576,1,
848,True,493.29,1048576,1,
852,True,502.36,1048576,1,
853,True,502.60,1048576,1,
850,True,509.53,1048576,1,
849,True,512.90,1048576,1,
855,True,503.96,1048576,1,
851,True,512.00,1048576,1,
856,True,505.74,1048576,1,
854,True,510.57,1048576,1,
862,True,472.57,1048576,1,
861,True,477.31,1048576,1,
857,True,485.60,1048576,1,
858,True,486.08,1048576,1,
863,True,480.33,1048576,1,
864,True,480.62,1048576,1,
860,True,492.19,1048576,1,
859,True,498.51,1048576,1,
865,True,475.65,1048576,1,
870,True,466.09,1048576,1,
868,True,472.83,1048576,1,
866,True,479.43,1048576,1,
869,True,475.13,1048576,1,
872,True,465.74,1048576,1,
871,True,472.15,1048576,1,
867,True,486.02,1048576,1,
873,True,471.25,1048576,1,
877,True,467.95,1048576,1,
876,True,474.83,1048576,1,
878,True,473.39,1048576,1,
880,True,473.51,1048576,1,
874,True,492.43,1048576,1,
879,True,484.18,1048576,1,
875,True,496.80,1048576,1,
881,True,590.70,1048576,1,
882,True,586.08,1048576,1,
883,True,584.60,1048576,1,
885,True,578.92,1048576,1,
886,True,576.35,1048576,1,
888,True,572.39,1048576,1,
884,True,590.57,1048576,1,
887,True,580.86,1048576,1,
895,True,530.11,1048576,1,
894,True,535.49,1048576,1,
893,True,540.42,1048576,1,
889,True,552.53,1048576,1,
896,True,538.39,1048576,1,
890,True,556.84,1048576,1,
892,True,557.81,1048576,1,
891,True,562.64,1048576,1,
897,True,617.98,1048576,1,
899,True,620.21,1048576,1,
898,True,625.08,1048576,1,
902,True,616.21,1048576,1,
900,True,626.79,1048576,1,
901,True,630.26,1048576,1,
904,True,621.73,1048576,1,
903,True,629.38,1048576,1,
905,True,579.30,1048576,1,
910,True,558.44,1048576,1,
912,True,552.68,1048576,1,
906,True,577.74,1048576,1,
907,True,576.90,1048576,1,
911,True,562.04,1048576,1,
909,True,574.47,1048576,1,
908,True,579.46,1048576,1,
916,True,545.41,1048576,1,
915,True,548.70,1048576,1,
917,True,547.05,1048576,1,
914,True,554.51,1048576,1,
919,True,547.07,1048576,1,
913,True,560.63,1048576,1,
920,True,551.58,1048576,1,
918,True,557.86,1048576,1,
928,True,522.39,1048576,1,
925,True,532.67,1048576,1,
924,True,535.89,1048576,1,
922,True,541.01,1048576,1,
921,True,544.14,1048576,1,
923,True,542.30,1048576,1,
926,True,537.82,1048576,1,
927,True,541.87,1048576,1,
934,True,678.74,1048576,1,
936,True,671.54,1048576,1,
933,True,684.84,1048576,1,
930,True,691.19,1048576,1,
935,True,685.37,1048576,1,
931,True,693.67,1048576,1,
932,True,761.69,1048576,1,
929,True,788.21,1048576,1,
937,True,549.01,1048576,1,
939,True,549.85,1048576,1,
940,True,550.15,1048576,1,
941,True,551.70,1048576,1,
942,True,553.62,1048576,1,
938,True,564.80,1048576,1,
943,True,580.30,1048576,1,
944,True,639.63,1048576,1,
945,True,677.56,1048576,1,
949,True,670.93,1048576,1,
948,True,677.05,1048576,1,
950,True,681.70,1048576,1,
946,True,699.28,1048576,1,
947,True,700.21,1048576,1,
951,True,638.50,1048576,1,
952,True,574.07,1048576,1,
953,True,533.23,1048576,1,
955,True,525.00,1048576,1,
956,True,514.69,1048576,1,
957,True,511.95,1048576,1,
958,True,510.38,1048576,1,
954,True,533.31,1048576,1,
960,True,455.13,1048576,1,
959,True,474.89,1048576,1,
961,True,446.81,1048576,1,
964,True,442.63,1048576,1,
965,True,444.17,1048576,1,
962,True,451.08,1048576,1,
963,True,451.17,1048576,1,
968,True,442.83,1048576,1,
967,True,449.27,1048576,1,
966,True,456.28,1048576,1,
973,True,514.03,1048576,1,
969,True,524.22,1048576,1,
974,True,515.51,1048576,1,
976,True,509.26,1048576,1,
972,True,523.20,1048576,1,
971,True,527.30,1048576,1,
975,True,520.25,1048576,1,
970,True,537.80,1048576,1,
977,True,452.33,1048576,1,
978,True,454.19,1048576,1,
981,True,450.82,1048576,1,
983,True,449.70,1048576,1,
982,True,453.08,1048576,1,
984,True,447.76,1048576,1,
980,True,460.90,1048576,1,
979,True,468.54,1048576,1,
985,True,567.90,1048576,1,
986,True,568.63,1048576,1,
991,True,559.90,1048576,1,
989,True,565.52,1048576,1,
987,True,572.95,1048576,1,
990,True,569.21,1048576,1,
992,True,565.15,1048576,1,
988,True,577.50,1048576,1,
993,True,461.59,1048576,1,
998,True,449.27,1048576,1,
997,True,455.33,1048576,1,
996,True,459.91,1048576,1,
1000,True,451.43,1048576,1,
999,True,456.04,1048576,1,
994,True,472.41,1048576,1,
995,True,474.20,1048576,1,
1002,True,504.30,1048576,1,
1003,True,503.77,1048576,1,
1001,True,510.40,1048576,1,
1006,True,500.63,1048576,1,
1007,True,502.10,1048576,1,
1005,True,510.71,1048576,1,
1008,True,502.20,1048576,1,
1004,True,516.62,1048576,1,
1010,True,435.85,1048576,1,
1012,True,434.74,1048576,1,
1009,True,443.12,1048576,1,
1011,True,439.96,1048576,1,
1014,True,432.88,1048576,1,
1015,True,433.37,1048576,1,
1016,True,432.78,1048576,1,
1013,True,441.66,1048576,1,
1017,True,548.74,1048576,1,
1022,True,539.95,1048576,1,
1021,True,544.86,1048576,1,
1018,True,552.29,1048576,1,
1024,True,541.62,1048576,1,
1023,True,546.46,1048576,1,
1019,True,556.18,1048576,1,
1020,True,557.84,1048576,1,
1025,True,451.11,1048576,1,
1029,True,445.59,1048576,1,
1030,True,445.96,1048576,1,
1032,True,443.32,1048576,1,
1031,True,448.20,1048576,1,
1027,True,459.28,1048576,1,
1028,True,463.03,1048576,1,
1026,True,502.78,1048576,1,
1037,True,520.73,1048576,1,
1034,True,531.61,1048576,1,
1033,True,535.25,1048576,1,
1038,True,524.75,1048576,1,
1040,True,485.56,1048576,1,
1039,True,523.51,1048576,1,
1036,True,537.20,1048576,1,
1035,True,543.94,1048576,1,
1041,True,460.65,1048576,1,
1042,True,460.00,1048576,1,
1044,True,458.08,1048576,1,
1043,True,461.78,1048576,1,
1045,True,460.39,1048576,1,
1048,True,453.61,1048576,1,
1046,True,462.09,1048576,1,
1047,True,460.51,1048576,1,
1049,True,606.17,1048576,1,
1052,True,601.30,1048576,1,
1051,True,604.86,1048576,1,
1056,True,596.86,1048576,1,
1053,True,605.11,1048576,1,
1050,True,613.64,1048576,1,
1054,True,606.45,1048576,1,
1055,True,606.80,1048576,1,
1063,True,435.33,1048576,1,
1058,True,447.44,1048576,1,
1057,True,450.76,1048576,1,
1061,True,444.41,1048576,1,
1064,True,441.67,1048576,1,
1062,True,447.66,1048576,1,
1060,True,453.87,1048576,1,
1059,True,457.67,1048576,1,
1069,True,521.95,1048576,1,
1065,True,532.84,1048576,1,
1072,True,521.40,1048576,1,
1067,True,532.70,1048576,1,
1066,True,536.28,1048576,1,
1068,True,534.77,1048576,1,
1071,True,529.30,1048576,1,
1070,True,532.03,1048576,1,
1074,True,448.96,1048576,1,
1079,True,441.76,1048576,1,
1076,True,448.05,1048576,1,
1077,True,449.20,1048576,1,
1073,True,458.99,1048576,1,
1078,True,451.95,1048576,1,
1080,True,451.00,1048576,1,
1075,True,461.56,1048576,1,
1082,True,547.10,1048576,1,
1084,True,544.30,1048576,1,
1081,True,551.32,1048576,1,
1083,True,550.05,1048576,1,
1088,True,539.22,1048576,1,
1085,True,548.98,1048576,1,
1086,True,547.76,1048576,1,
1087,True,548.31,1048576,1,
1089,True,488.00,1048576,1,
1092,True,486.89,1048576,1,
1094,True,484.63,1048576,1,
1093,True,489.07,1048576,1,
1095,True,486.97,1048576,1,
1091,True,495.59,1048576,1,
1096,True,488.05,1048576,1,
1090,True,501.07,1048576,1,
1104,True,556.17,1048576,1,
1097,True,572.10,1048576,1,
1102,True,563.42,1048576,1,
1099,True,570.26,1048576,1,
1103,True,565.31,1048576,1,
1098,True,575.04,1048576,1,
1100,True,573.47,1048576,1,
1101,True,572.87,1048576,1,
1110,True,498.00,1048576,1,
1111,True,497.86,1048576,1,
1105,True,509.05,1048576,1,
1112,True,500.23,1048576,1,
1109,True,507.07,1048576,1,
1107,True,511.87,1048576,1,
1106,True,516.05,1048576,1,
1108,True,514.98,1048576,1,
1116,True,540.60,1048576,1,
1115,True,545.82,1048576,1,
1118,True,541.34,1048576,1,
1113,True,552.28,1048576,1,
1114,True,553.31,1048576,1,
1120,True,543.73,1048576,1,
1119,True,548.13,1048576,1,
1117,True,556.36,1048576,1,
1121,True,468.76,1048576,1,
1123,True,469.74,1048576,1,
1126,True,465.34,1048576,1,
1128,True,462.41,1048576,1,
1125,True,475.74,1048576,1,
1124,True,481.82,1048576,1,
1122,True,489.91,1048576,1,
1127,True,484.98,1048576,1,
1129,True,509.44,1048576,1,
1136,True,482.85,1048576,1,
1134,True,495.00,1048576,1,
1135,True,492.17,1048576,1,
1130,True,513.42,1048576,1,
1131,True,511.95,1048576,1,
1132,True,510.03,1048576,1,
1133,True,510.32,1048576,1,
1137,True,459.38,1048576,1,
1140,True,454.65,1048576,1,
1143,True,451.14,1048576,1,
1142,True,455.88,1048576,1,
1144,True,452.28,1048576,1,
1138,True,467.65,1048576,1,
1141,True,466.03,1048576,1,
1139,True,473.07,1048576,1,
1146,True,555.11,1048576,1,
1148,True,551.66,1048576,1,
1152,True,543.55,1048576,1,
1147,True,560.54,1048576,1,
1149,True,557.94,1048576,1,
1151,True,554.16,1048576,1,
1145,True,572.91,1048576,1,
1150,True,565.45,1048576,1,
1159,True,468.26,1048576,1,
1155,True,481.78,1048576,1,
1158,True,475.91,1048576,1,
1157,True,480.72,1048576,1,
1153,True,494.54,1048576,1,
1154,True,494.85,1048576,1,
1156,True,491.26,1048576,1,
1160,True,483.25,1048576,1,
1166,True,559.67,1048576,1,
1161,True,574.49,1048576,1,
1162,True,573.19,1048576,1,
1163,True,572.58,1048576,1,
1168,True,560.04,1048576,1,
1164,True,574.43,1048576,1,
1165,True,572.90,1048576,1,
1167,True,570.71,1048576,1,
1173,True,441.70,1048576,1,
1172,True,445.99,1048576,1,
1170,True,451.38,1048576,1,
1171,True,450.59,1048576,1,
1169,True,456.76,1048576,1,
1174,True,448.74,1048576,1,
1176,True,447.50,1048576,1,
1175,True,451.37,1048576,1,
1177,True,531.55,1048576,1,
1184,True,523.02,1048576,1,
1180,True,532.52,1048576,1,
1179,True,535.55,1048576,1,
1178,True,541.85,1048576,1,
1181,True,538.72,1048576,1,
1183,True,536.92,1048576,1,
1182,True,545.69,1048576,1,
1185,True,459.20,1048576,1,
1186,True,455.90,1048576,1,
1189,True,449.61,1048576,1,
1191,True,448.29,1048576,1,
1188,True,459.18,1048576,1,
1187,True,462.39,1048576,1,
1190,True,456.31,1048576,1,
1192,True,450.03,1048576,1,
1193,True,542.74,1048576,1,
1194,True,543.56,1048576,1,
1196,True,540.56,1048576,1,
1197,True,540.28,1048576,1,
1199,True,537.80,1048576,1,
1198,True,543.82,1048576,1,
1200,True,541.14,1048576,1,
1195,True,553.71,1048576,1,
1201,True,469.33,1048576,1,
1202,True,469.99,1048576,1,
1204,True,467.92,1048576,1,
1206,True,464.46,1048576,1,
1208,True,463.30,1048576,1,
1205,True,474.34,1048576,1,
1207,True,470.32,1048576,1,
1203,True,482.08,1048576,1,
1209,True,603.04,1048576,1,
1215,True,591.53,1048576,1,
1210,True,604.47,1048576,1,
1216,True,591.89,1048576,1,
1212,True,604.27,1048576,1,
1213,True,603.47,1048576,1,
1214,True,602.20,1048576,1,
1211,True,611.50,1048576,1,
1218,True,438.78,1048576,1,
1222,True,435.34,1048576,1,
1220,True,439.95,1048576,1,
1221,True,440.51,1048576,1,
1224,True,437.76,1048576,1,
1223,True,440.88,1048576,1,
1219,True,449.76,1048576,1,
1217,True,455.47,1048576,1,
1229,True,554.73,1048576,1,
1227,True,560.95,1048576,1,
1231,True,554.07,1048576,1,
1232,True,554.26,1048576,1,
1226,True,566.63,1048576,1,
1228,True,564.26,1048576,1,
1230,True,561.34,1048576,1,
1225,True,573.71,1048576,1,
1237,True,448.53,1048576,1,
1234,True,463.07,1048576,1,
1235,True,463.49,1048576,1,
1238,True,461.33,1048576,1,
1239,True,461.68,1048576,1,
1240,True,461.66,1048576,1,
1233,True,472.25,1048576,1,
1236,True,470.86,1048576,1,
1247,True,577.08,1048576,1,
1241,True,597.63,1048576,1,
1244,True,584.97,1048576,1,
1246,True,583.53,1048576,1,
1242,True,591.44,1048576,1,
1245,True,588.06,1048576,1,
1243,True,595.32,1048576,1,
1248,True,589.04,1048576,1,
1251,True,470.89,1048576,1,
1250,True,473.61,1048576,1,
1256,True,462.80,1048576,1,
1252,True,473.85,1048576,1,
1253,True,473.81,1048576,1,
1255,True,470.75,1048576,1,
1254,True,476.12,1048576,1,
1249,True,487.22,1048576,1,
1261,True,561.74,1048576,1,
1258,True,570.13,1048576,1,
1259,True,570.46,1048576,1,
1260,True,570.75,1048576,1,
1264,True,565.10,1048576,1,
1262,True,571.64,1048576,1,
1257,True,582.66,1048576,1,
1263,True,577.04,1048576,1,
1265,True,467.52,1048576,1,
1268,True,463.04,1048576,1,
1267,True,466.48,1048576,1,
1269,True,463.87,1048576,1,
1270,True,462.96,1048576,1,
1266,True,474.25,1048576,1,
1272,True,460.42,1048576,1,
1271,True,466.00,1048576,1,
1273,True,534.94,1048576,1,
1275,True,531.75,1048576,1,
1274,True,535.00,1048576,1,
1278,True,528.84,1048576,1,
1277,True,532.58,1048576,1,
1276,True,537.13,1048576,1,
1280,True,531.35,1048576,1,
1279,True,536.06,1048576,1,
1283,True,494.55,1048576,1,
1282,True,497.62,1048576,1,
1287,True,491.14,1048576,1,
1284,True,499.01,1048576,1,
1288,True,492.00,1048576,1,
1286,True,498.26,1048576,1,
1285,True,502.68,1048576,1,
1281,True,512.46,1048576,1,
1290,True,459.80,1048576,1,
1293,True,455.84,1048576,1,
1294,True,455.79,1048576,1,
1292,True,460.70,1048576,1,
1289,True,468.18,1048576,1,
1295,True,458.74,1048576,1,
1296,True,458.23,1048576,1,
1291,True,472.28,1048576,1,
1297,True,449.14,1048576,1,
1300,True,445.13,1048576,1,
1302,True,445.96,1048576,1,
1303,True,450.03,1048576,1,
1299,True,464.98,1048576,1,
1304,True,456.54,1048576,1,
1298,True,470.91,1048576,1,
1301,True,503.79,1048576,1,
1305,True,575.56,1048576,1,
1306,True,576.43,1048576,1,
1309,True,559.96,1048576,1,
1308,True,568.47,1048576,1,
1307,True,577.18,1048576,1,
1312,True,523.03,1048576,1,
1311,True,562.16,1048576,1,
1310,True,565.84,1048576,1,
1316,True,455.18,1048576,1,
1314,True,460.26,1048576,1,
1318,True,455.22,1048576,1,
1315,True,461.18,1048576,1,
1313,True,468.14,1048576,1,
1320,True,457.17,1048576,1,
1317,True,465.34,1048576,1,
1319,True,465.60,1048576,1,
1321,True,554.14,1048576,1,
1324,True,550.99,1048576,1,
1328,True,541.84,1048576,1,
1323,True,555.13,1048576,1,
1327,True,547.61,1048576,1,
1326,True,554.66,1048576,1,
1325,True,557.83,1048576,1,
1322,True,564.61,1048576,1,
1332,True,450.45,1048576,1,
1336,True,446.47,1048576,1,
1335,True,449.57,1048576,1,
1333,True,456.49,1048576,1,
1331,True,461.35,1048576,1,
1329,True,467.24,1048576,1,
1334,True,460.25,1048576,1,
1330,True,470.01,1048576,1,
1337,True,528.36,1048576,1,
1338,True,527.97,1048576,1,
1339,True,527.86,1048576,1,
1341,True,526.08,1048576,1,
1343,True,523.12,1048576,1,
1340,True,533.53,1048576,1,
1342,True,531.59,1048576,1,
1344,True,529.75,1048576,1,
1345,True,437.01,1048576,1,
1348,True,431.98,1048576,1,
1351,True,425.58,1048576,1,
1349,True,433.86,1048576,1,
1346,True,441.79,1048576,1,
1350,True,434.19,1048576,1,
1352,True,430.47,1048576,1,
1347,True,445.90,1048576,1,
1360,True,516.12,1048576,1,
1357,True,527.28,1048576,1,
1353,True,538.45,1048576,1,
1358,True,529.71,1048576,1,
1356,True,535.16,1048576,1,
1355,True,538.65,1048576,1,
1354,True,543.97,1048576,1,
1359,True,537.87,1048576,1,
1362,True,467.74,1048576,1,
1363,True,468.54,1048576,1,
1361,True,478.79,1048576,1,
1367,True,464.62,1048576,1,
1365,True,472.35,1048576,1,
1368,True,467.11,1048576,1,
1364,True,482.39,1048576,1,
1366,True,483.23,1048576,1,
1375,True,595.85,1048576,1,
1371,True,610.57,1048576,1,
1369,True,619.46,1048576,1,
1372,True,613.30,1048576,1,
1370,True,619.67,1048576,1,
1373,True,614.05,1048576,1,
1376,True,604.72,1048576,1,
1374,True,616.96,1048576,1,
1379,True,482.59,1048576,1,
1381,True,479.88,1048576,1,
1380,True,483.53,1048576,1,
1377,True,493.19,1048576,1,
1383,True,481.97,1048576,1,
1382,True,487.27,1048576,1,
1378,True,499.36,1048576,1,
1384,True,491.30,1048576,1,
1385,True,581.82,1048576,1,
1389,True,576.34,1048576,1,
1386,True,585.10,1048576,1,
1387,True,585.00,1048576,1,
1390,True,578.95,1048576,1,
1392,True,572.44,1048576,1,
1391,True,583.51,1048576,1,
1388,True,593.31,1048576,1,
1393,True,461.95,1048576,1,
1397,True,457.52,1048576,1,
1396,True,461.22,1048576,1,
1395,True,465.00,1048576,1,
1399,True,456.61,1048576,1,
1394,True,470.83,1048576,1,
1398,True,465.08,1048576,1,
1400,True,460.20,1048576,1,
1407,True,562.97,1048576,1,
1403,True,572.84,1048576,1,
1408,True,563.87,1048576,1,
1402,True,580.02,1048576,1,
1404,True,577.42,1048576,1,
1405,True,576.38,1048576,1,
1401,True,588.00,1048576,1,
1406,True,577.87,1048576,1,
1409,True,487.73,1048576,1,
1410,True,488.30,1048576,1,
1411,True,489.96,1048576,1,
1412,True,490.96,1048576,1,
1413,True,491.76,1048576,1,
1416,True,489.36,1048576,1,
1414,True,495.29,1048576,1,
1415,True,498.07,1048576,1,
1422,True,591.40,1048576,1,
1419,True,601.91,1048576,1,
1417,True,609.71,1048576,1,
1424,True,591.29,1048576,1,
1421,True,603.20,1048576,1,
1420,True,606.99,1048576,1,
1423,True,601.35,1048576,1,
1418,True,619.07,1048576,1,
1425,True,535.53,1048576,1,
1427,True,534.17,1048576,1,
1429,True,534.11,1048576,1,
1430,True,535.38,1048576,1,
1432,True,538.77,1048576,1,
1431,True,553.83,1048576,1,
1426,True,567.88,1048576,1,
1428,True,565.35,1048576,1,
1433,True,472.45,1048576,1,
1435,True,466.85,1048576,1,
1437,True,460.87,1048576,1,
1434,True,479.47,1048576,1,
1439,True,450.52,1048576,1,
1438,True,458.03,1048576,1,
1436,True,521.01,1048576,1,
1440,True,516.27,1048576,1,
1442,True,472.31,1048576,1,
1445,True,463.51,1048576,1,
1446,True,462.36,1048576,1,
1444,True,471.59,1048576,1,
1441,True,482.98,1048576,1,
1443,True,477.89,1048576,1,
1447,True,426.84,1048576,1,
1448,True,411.43,1048576,1,
1453,True,438.93,1048576,1,
1454,True,440.17,1048576,1,
1455,True,440.09,1048576,1,
1449,True,453.55,1048576,1,
1451,True,450.58,1048576,1,
1452,True,451.16,1048576,1,
1450,True,458.87,1048576,1,
1456,True,446.62,1048576,1,
1457,True,472.81,1048576,1,
1464,True,458.67,1048576,1,
1459,True,475.47,1048576,1,
1460,True,476.26,1048576,1,
1461,True,477.25,1048576,1,
1458,True,486.22,1048576,1,
1462,True,484.18,1048576,1,
1463,True,531.86,1048576,1,
1465,True,585.97,1048576,1,
1466,True,585.39,1048576,1,
1471,True,568.09,1048576,1,
1468,True,582.02,1048576,1,
1470,True,576.39,1048576,1,
1467,True,587.35,1048576,1,
1469,True,584.50,1048576,1,
1472,True,526.30,1048576,1,
1474,True,490.29,1048576,1,
1473,True,494.13,1048576,1,
1475,True,492.45,1048576,1,
1480,True,488.90,1048576,1,
1477,True,497.82,1048576,1,
1478,True,500.20,1048576,1,
1476,True,507.19,1048576,1,
1479,True,506.15,1048576,1,
1483,True,525.95,1048576,1,
1484,True,522.53,1048576,1,
1481,True,533.60,1048576,1,
1488,True,511.04,1048576,1,
1485,True,524.78,1048576,1,
1486,True,522.53,1048576,1,
1482,True,538.42,1048576,1,
1487,True,522.91,1048576,1,
1491,True,507.58,1048576,1,
1490,True,511.60,1048576,1,
1495,True,505.34,1048576,1,
1492,True,512.20,1048576,1,
1493,True,512.39,1048576,1,
1496,True,510.62,1048576,1,
1494,True,519.04,1048576,1,
1489,True,531.33,1048576,1,
1503,True,453.59,1048576,1,
1504,True,451.43,1048576,1,
1500,True,466.47,1048576,1,
1501,True,465.72,1048576,1,
1498,True,473.80,1048576,1,
1502,True,465.14,1048576,1,
1499,True,475.05,1048576,1,
1497,True,482.47,1048576,1,
1511,True,483.54,1048576,1,
1507,True,491.33,1048576,1,
1508,True,491.59,1048576,1,
1509,True,492.16,1048576,1,
1505,True,499.11,1048576,1,
1506,True,499.57,1048576,1,
1512,True,491.49,1048576,1,
1510,True,497.09,1048576,1,
1513,True,433.50,1048576,1,
1514,True,435.26,1048576,1,
1517,True,431.71,1048576,1,
1515,True,437.17,1048576,1,
1516,True,438.03,1048576,1,
1519,True,434.71,1048576,1,
1520,True,436.42,1048576,1,
1518,True,442.01,1048576,1,
1521,True,508.88,1048576,1,
1522,True,508.02,1048576,1,
1524,True,510.02,1048576,1,
1525,True,509.83,1048576,1,
1526,True,510.88,1048576,1,
1527,True,510.07,1048576,1,
1528,True,512.71,1048576,1,
1523,True,529.92,1048576,1,
1530,True,600.15,1048576,1,
1529,True,605.50,1048576,1,
1535,True,586.01,1048576,1,
1534,True,592.75,1048576,1,
1536,True,586.45,1048576,1,
1531,True,607.18,1048576,1,
1532,True,606.78,1048576,1,
1533,True,608.62,1048576,1,
1537,True,479.57,1048576,1,
1541,True,474.80,1048576,1,
1538,True,484.38,1048576,1,
1540,True,484.14,1048576,1,
1544,True,474.11,1048576,1,
1543,True,483.67,1048576,1,
1542,True,489.10,1048576,1,
1539,True,499.64,1048576,1,
1545,True,474.47,1048576,1,
1552,True,452.31,1048576,1,
1549,True,464.51,1048576,1,
1548,True,469.52,1048576,1,
1546,True,476.72,1048576,1,
1551,True,462.29,1048576,1,
1547,True,477.86,1048576,1,
1550,True,468.76,1048576,1,
1553,True,491.78,1048576,1,
1557,True,486.01,1048576,1,
1554,True,493.33,1048576,1,
1559,True,488.89,1048576,1,
1556,True,498.12,1048576,1,
1555,True,502.53,1048576,1,
1560,True,495.98,1048576,1,
1558,True,505.83,1048576,1,
1562,True,588.50,1048576,1,
1566,True,576.40,1048576,1,
1561,True,593.06,1048576,1,
1563,True,590.44,1048576,1,
1564,True,587.72,1048576,1,
1565,True,585.39,1048576,1,
1567,True,581.38,1048576,1,
1568,True,576.51,1048576,1,
1570,True,529.53,1048576,1,
1576,True,522.96,1048576,1,
1572,True,531.72,1048576,1,
1575,True,529.83,1048576,1,
1569,True,541.61,1048576,1,
1571,True,544.34,1048576,1,
1574,True,543.11,1048576,1,
1573,True,547.88,1048576,1,
1581,True,505.22,1048576,1,
1580,True,509.09,1048576,1,
1579,True,513.84,1048576,1,
1578,True,518.12,1048576,1,
1577,True,523.00,1048576,1,
1583,True,505.97,1048576,1,
1582,True,511.58,1048576,1,
1584,True,506.14,1048576,1,
1592,True,532.49,1048576,1,
1585,True,547.14,1048576,1,
1586,True,547.14,1048576,1,
1587,True,546.98,1048576,1,
1588,True,546.17,1048576,1,
1589,True,545.25,1048576,1,
1591,True,542.42,1048576,1,
1590,True,546.06,1048576,1,
1593,True,469.17,1048576,1,
1599,True,461.94,1048576,1,
1598,True,464.60,1048576,1,
1594,True,471.85,1048576,1,
1595,True,472.13,1048576,1,
1600,True,465.63,1048576,1,
1597,True,472.01,1048576,1,
1596,True,475.79,1048576,1,
1605,True,490.51,1048576,1,
1601,True,497.67,1048576,1,
1604,True,494.89,1048576,1,
1603,True,497.99,1048576,1,
1607,True,493.70,1048576,1,
1606,True,497.62,1048576,1,
1608,True,496.31,1048576,1,
1602,True,510.41,1048576,1,
1609,True,463.49,1048576,1,
1610,True,463.48,1048576,1,
1614,True,457.98,1048576,1,
1616,True,455.42,1048576,1,
1612,True,469.46,1048576,1,
1611,True,472.28,1048576,1,
1613,True,474.78,1048576,1,
1615,True,471.49,1048576,1,
1621,True,468.13,1048576,1,
1618,True,479.71,1048576,1,
1620,True,475.69,1048576,1,
1624,True,469.91,1048576,1,
1617,True,491.44,1048576,1,
1623,True,478.07,1048576,1,
1622,True,486.87,1048576,1,
1619,True,500.25,1048576,1,
1627,True,545.06,1048576,1,
1625,True,554.71,1048576,1,
1629,True,546.75,1048576,1,
1632,True,536.18,1048576,1,
1630,True,546.47,1048576,1,
1628,True,555.89,1048576,1,
1631,True,549.39,1048576,1,
1626,True,568.53,1048576,1,
1634,True,513.62,1048576,1,
1633,True,521.74,1048576,1,
1636,True,515.17,1048576,1,
1638,True,511.76,1048576,1,
1635,True,522.37,1048576,1,
1640,True,514.65,1048576,1,
1637,True,525.67,1048576,1,
1639,True,523.26,1048576,1,
1645,True,460.21,1048576,1,
1646,True,458.12,1048576,1,
1644,True,467.14,1048576,1,
1648,True,454.98,1048576,1,
1642,True,477.43,1048576,1,
1643,True,475.63,1048576,1,
1647,True,464.22,1048576,1,
1641,True,486.98,1048576,1,
1650,True,506.63,1048576,1,
1655,True,500.33,1048576,1,
1649,True,513.83,1048576,1,
1651,True,513.73,1048576,1,
1654,True,511.39,1048576,1,
1652,True,518.32,1048576,1,
1656,True,514.90,1048576,1,
1653,True,523.61,1048576,1,
1658,True,496.32,1048576,1,
1657,True,500.60,1048576,1,
1661,True,491.36,1048576,1,
1662,True,490.27,1048576,1,
1659,True,502.04,1048576,1,
1663,True,492.39,1048576,1,
1660,True,506.47,1048576,1,
1664,True,521.68,1048576,1,
1665,True,493.50,1048576,1,
1668,True,491.30,1048576,1,
1666,True,499.16,1048576,1,
1671,True,490.54,1048576,1,
1670,True,496.37,1048576,1,
1667,True,535.46,1048576,1,
1669,True,564.46,1048576,1,
1672,True,553.87,1048576,1,
1673,True,490.58,1048576,1,
1674,True,488.46,1048576,1,
1677,True,479.18,1048576,1,
1676,True,484.17,1048576,1,
1680,True,393.43,1048576,1,
1675,True,494.05,1048576,1,
1679,True,423.06,1048576,1,
1678,True,458.39,1048576,1,
1683,True,562.91,1048576,1,
1686,True,559.02,1048576,1,
1681,True,571.94,1048576,1,
1685,True,568.23,1048576,1,
1688,True,566.47,1048576,1,
1684,True,577.66,1048576,1,
1682,True,585.01,1048576,1,
1687,True,580.08,1048576,1,
1690,True,467.96,1048576,1,
1689,True,473.19,1048576,1,
1691,True,469.77,1048576,1,
1696,True,451.75,1048576,1,
1695,True,458.09,1048576,1,
1692,True,471.30,1048576,1,
1694,True,466.48,1048576,1,
1693,True,471.12,1048576,1,
1698,True,527.74,1048576,1,
1703,True,519.04,1048576,1,
1702,True,524.73,1048576,1,
1700,True,533.26,1048576,1,
1697,True,542.56,1048576,1,
1701,True,537.08,1048576,1,
1699,True,543.60,1048576,1,
1704,True,538.89,1048576,1,
1706,True,472.36,1048576,1,
1705,True,477.13,1048576,1,
1710,True,463.90,1048576,1,
1708,True,470.83,1048576,1,
1711,True,463.77,1048576,1,
1712,True,459.60,1048576,1,
1707,True,479.25,1048576,1,
1709,True,474.28,1048576,1,
1718,True,564.38,1048576,1,
1713,True,576.55,1048576,1,
1714,True,577.33,1048576,1,
1719,True,573.94,1048576,1,
1715,True,584.01,1048576,1,
1720,True,580.74,1048576,1,
1716,True,589.99,1048576,1,
1717,True,592.05,1048576,1,
1721,True,482.80,1048576,1,
1723,True,479.21,1048576,1,
1724,True,476.48,1048576,1,
1726,True,469.95,1048576,1,
1725,True,475.63,1048576,1,
1722,True,490.71,1048576,1,
1728,True,470.69,1048576,1,
1727,True,475.56,1048576,1,
1731,True,549.55,1048576,1,
1732,True,550.04,1048576,1,
1735,True,545.23,1048576,1,
1736,True,546.17,1048576,1,
1733,True,555.69,1048576,1,
1730,True,562.83,1048576,1,
1734,True,557.61,1048576,1,
1729,True,572.51,1048576,1,
1738,True,459.82,1048576,1,
1737,True,463.98,1048576,1,
1744,True,448.10,1048576,1,
1742,True,456.23,1048576,1,
1740,True,462.00,1048576,1,
1741,True,461.90,1048576,1,
1739,True,468.93,1048576,1,
1743,True,460.77,1048576,1,
1745,True,548.92,1048576,1,
1750,True,541.02,1048576,1,
1752,True,538.98,1048576,1,
1751,True,544.24,1048576,1,
1746,True,555.44,1048576,1,
1749,True,552.03,1048576,1,
1747,True,556.49,1048576,1,
1748,True,557.42,1048576,1,
1753,True,480.15,1048576,1,
1755,True,478.24,1048576,1,
1754,True,482.02,1048576,1,
1757,True,477.52,1048576,1,
1760,True,473.75,1048576,1,
1756,True,482.49,1048576,1,
1758,True,481.13,1048576,1,
1759,True,481.80,1048576,1,
1764,True,501.03,1048576,1,
1761,True,508.66,1048576,1,
1763,True,506.71,1048576,1,
1762,True,510.15,1048576,1,
1767,True,501.89,1048576,1,
1768,True,501.65,1048576,1,
1766,True,507.49,1048576,1,
1765,True,511.01,1048576,1,
1769,True,460.43,1048576,1,
1772,True,457.79,1048576,1,
1775,True,453.97,1048576,1,
1774,True,457.26,1048576,1,
1773,True,460.45,1048576,1,
1776,True,456.91,1048576,1,
1770,True,468.36,1048576,1,
1771,True,468.37,1048576,1,
1784,True,507.40,1048576,1,
1781,True,514.52,1048576,1,
1780,True,520.80,1048576,1,
1783,True,518.54,1048576,1,
1778,True,529.44,1048576,1,
1779,True,532.03,1048576,1,
1777,True,537.43,1048576,1,
1782,True,534.06,1048576,1,
1786,True,490.17,1048576,1,
1785,True,495.08,1048576,1,
1792,True,473.16,1048576,1,
1790,True,481.59,1048576,1,
1791,True,481.15,1048576,1,
1789,True,489.17,1048576,1,
1787,True,497.32,1048576,1,
1788,True,496.74,1048576,1,
1800,True,475.75,1048576,1,
1794,True,489.89,1048576,1,
1798,True,487.48,1048576,1,
1793,True,499.14,1048576,1,
1796,True,496.44,1048576,1,
1799,True,493.35,1048576,1,
1795,True,504.24,1048576,1,
1797,True,506.54,1048576,1,
1802,True,479.97,1048576,1,
1801,True,485.45,1048576,1,
1806,True,471.65,1048576,1,
1803,True,481.63,1048576,1,
1804,True,482.67,1048576,1,
1807,True,474.69,1048576,1,
1808,True,470.37,1048576,1,
1805,True,485.16,1048576,1,
1809,True,492.93,1048576,1,
1814,True,485.47,1048576,1,
1815,True,486.16,1048576,1,
1810,True,498.94,1048576,1,
1816,True,491.37,1048576,1,
1811,True,505.69,1048576,1,
1813,True,503.86,1048576,1,
1812,True,514.94,1048576,1,
1822,True,472.84,1048576,1,
1817,True,494.32,1048576,1,
1818,True,493.29,1048576,1,
1819,True,494.82,1048576,1,
1823,True,482.25,1048576,1,
1824,True,476.71,1048576,1,
1820,True,497.49,1048576,1,
1821,True,495.06,1048576,1,
1831,True,456.75,1048576,1,
1825,True,475.08,1048576,1,
1827,True,471.22,1048576,1,
1826,True,476.70,1048576,1,
1829,True,471.36,1048576,1,
1832,True,468.68,1048576,1,
1828,True,478.94,1048576,1,
1830,True,479.62,1048576,1,
1834,True,561.35,1048576,1,
1835,True,560.92,1048576,1,
1840,True,546.64,1048576,1,
1836,True,563.22,1048576,1,
1839,True,556.14,1048576,1,
1838,True,560.45,1048576,1,
1837,True,566.22,1048576,1,
1833,True,579.22,1048576,1,
1843,True,514.61,1048576,1,
1845,True,512.62,1048576,1,
1846,True,515.69,1048576,1,
1847,True,515.53,1048576,1,
1842,True,529.41,1048576,1,
1848,True,520.61,1048576,1,
1844,True,532.17,1048576,1,
1841,True,542.60,1048576,1,
1849,True,485.35,1048576,1,
1856,True,463.27,1048576,1,
1853,True,475.91,1048576,1,
1850,True,487.19,1048576,1,
1852,True,481.62,1048576,1,
1855,True,472.69,1048576,1,
1851,True,486.89,1048576,1,
1854,True,478.46,1048576,1,
1858,True,519.64,1048576,1,
1864,True,514.58,1048576,1,
1857,True,528.04,1048576,1,
1859,True,527.83,1048576,1,
1863,True,526.55,1048576,1,
1860,True,534.19,1048576,1,
1861,True,535.80,1048576,1,
1862,True,539.53,1048576,1,
1867,True,531.07,1048576,1,
1871,True,518.58,1048576,1,
1868,True,531.33,1048576,1,
1872,True,517.08,1048576,1,
1870,True,526.95,1048576,1,
1865,True,547.40,1048576,1,
1866,True,545.52,1048576,1,
1869,True,536.22,1048576,1,
1873,True,537.67,1048576,1,
1878,True,530.20,1048576,1,
1875,True,539.47,1048576,1,
1874,True,545.47,1048576,1,
1879,True,540.15,1048576,1,
1877,True,546.95,1048576,1,
1880,True,544.19,1048576,1,
1876,True,554.35,1048576,1,
1883,True,492.19,1048576,1,
1885,True,485.01,1048576,1,
1888,True,478.64,1048576,1,
1887,True,482.62,1048576,1,
1882,True,501.17,1048576,1,
1886,True,488.75,1048576,1,
1884,True,496.18,1048576,1,
1881,True,511.90,1048576,1,
1894,True,571.31,1048576,1,
1895,True,573.20,1048576,1,
1889,True,583.14,1048576,1,
1892,True,580.39,1048576,1,
1896,True,571.65,1048576,1,
1890,True,586.99,1048576,1,
1893,True,585.16,1048576,1,
1891,True,590.47,1048576,1,
1897,True,489.19,1048576,1,
1904,True,476.51,1048576,1,
1900,True,486.81,1048576,1,
1902,True,484.88,1048576,1,
1903,True,483.89,1048576,1,
1898,True,495.60,1048576,1,
1899,True,495.40,1048576,1,
1901,True,493.88,1048576,1,
1905,True,539.98,1048576,1,
1906,True,542.22,1048576,1,
1912,True,534.07,1048576,1,
1908,True,545.70,1048576,1,
1907,True,549.49,1048576,1,
1909,True,548.42,1048576,1,
1910,True,549.04,1048576,1,
1911,True,550.99,1048576,1,
1917,True,473.08,1048576,1,
1920,True,466.45,1048576,1,
1914,True,487.03,1048576,1,
1913,True,493.43,1048576,1,
1919,True,476.76,1048576,1,
1915,True,490.79,1048576,1,
1916,True,488.35,1048576,1,
1918,True,487.00,1048576,1,
1922,True,506.40,1048576,1,
1925,True,500.97,1048576,1,
1921,True,511.29,1048576,1,
1924,True,507.29,1048576,1,
1927,True,502.97,1048576,1,
1926,True,506.75,1048576,1,
1928,True,503.76,1048576,1,
1923,True,518.84,1048576,1,
1930,True,476.95,1048576,1,
1932,True,475.94,1048576,1,
1935,True,471.54,1048576,1,
1934,True,474.97,1048576,1,
1929,True,486.94,1048576,1,
1931,True,485.22,1048576,1,
1936,True,475.66,1048576,1,
1933,True,486.05,1048576,1,
1937,True,551.69,1048576,1,
1940,True,557.73,1048576,1,
1941,True,557.65,1048576,1,
1942,True,557.92,1048576,1,
1938,True,565.98,1048576,1,
1943,True,558.89,1048576,1,
1939,True,568.60,1048576,1,
1944,True,560.28,1048576,1,
1946,True,455.90,1048576,1,
1945,True,469.91,1048576,1,
1948,True,455.05,1048576,1,
1952,True,448.63,1048576,1,
1949,True,456.76,1048576,1,
1947,True,462.49,1048576,1,
1950,True,458.46,1048576,1,
1951,True,459.91,1048576,1,
1960,True,537.40,1048576,1,
1953,True,551.68,1048576,1,
1959,True,543.61,1048576,1,
1954,True,554.32,1048576,1,
1957,True,552.10,1048576,1,
1955,True,557.09,1048576,1,
1956,True,558.49,1048576,1,
1958,True,556.46,1048576,1,
1962,True,467.78,1048576,1,
1966,True,463.10,1048576,1,
1963,True,470.70,1048576,1,
1968,True,461.04,1048576,1,
1961,True,477.26,1048576,1,
1964,True,473.60,1048576,1,
1967,True,468.90,1048576,1,
1965,True,476.08,1048576,1,
1969,True,537.31,1048576,1,
1970,True,538.18,1048576,1,
1975,True,530.90,1048576,1,
1974,True,535.47,1048576,1,
1971,True,544.08,1048576,1,
1976,True,538.46,1048576,1,
1972,True,548.50,1048576,1,
1973,True,569.13,1048576,1,
1977,True,447.95,1048576,1,
1981,True,437.98,1048576,1,
1978,True,448.10,1048576,1,
1982,True,438.18,1048576,1,
1983,True,437.95,1048576,1,
1980,True,450.11,1048576,1,
1979,True,454.72,1048576,1,
1984,True,423.36,1048576,1,
1985,True,520.50,1048576,1,
1990,True,511.55,1048576,1,
1989,True,517.59,1048576,1,
1992,True,511.39,1048576,1,
1986,True,527.67,1048576,1,
1988,True,526.04,1048576,1,
1987,True,528.81,1048576,1,
1991,True,522.29,1048576,1,
1994,True,488.51,1048576,1,
1993,True,492.29,1048576,1,
1997,True,485.76,1048576,1,
1998,True,484.48,1048576,1,
1996,True,490.86,1048576,1,
1999,True,486.49,1048576,1,
2000,True,485.95,1048576,1,
1995,True,500.72,1048576,1,
2006,True,514.57,1048576,1,
2001,True,525.69,1048576,1,
2004,True,522.47,1048576,1,
2007,True,519.42,1048576,1,
2002,True,530.14,1048576,1,
2008,True,518.30,1048576,1,
2005,True,528.30,1048576,1,
2003,True,534.75,1048576,1,
2010,True,449.73,1048576,1,
2009,True,454.59,1048576,1,
2016,True,440.86,1048576,1,
2011,True,453.38,1048576,1,
2013,True,450.91,1048576,1,
2014,True,451.84,1048576,1,
2012,True,457.09,1048576,1,
2015,True,455.60,1048576,1,
2019,True,561.63,1048576,1,
2021,True,561.56,1048576,1,
2017,True,572.87,1048576,1,
2024,True,560.67,1048576,1,
2023,True,567.30,1048576,1,
2018,True,581.20,1048576,1,
2020,True,583.37,1048576,1,
2022,True,583.90,1048576,1,
2025,True,515.91,1048576,1,
2029,True,505.05,1048576,1,
2026,True,517.48,1048576,1,
2031,True,498.64,1048576,1,
2027,True,518.65,1048576,1,
2028,True,516.96,1048576,1,
2032,True,501.83,1048576,1,
2030,True,515.50,1048576,1,
2033,True,565.95,1048576,1,
2036,True,561.18,1048576,1,
2039,True,555.24,1048576,1,
2035,True,566.66,1048576,1,
2037,True,563.44,1048576,1,
2038,True,564.32,1048576,1,
2034,True,575.22,1048576,1,
2040,True,564.36,1048576,1,
2045,True,485.22,1048576,1,
2042,True,492.13,1048576,1,
2047,True,483.55,1048576,1,
2043,True,493.82,1048576,1,
2041,True,498.92,1048576,1,
2044,True,496.78,1048576,1,
2046,True,493.89,1048576,1,
2048,True,490.71,1048576,1,
2055,True,565.50,1048576,1,
2050,True,578.11,1048576,1,
2054,True,572.69,1048576,1,
2053,True,577.53,1048576,1,
2051,True,583.50,1048576,1,
2052,True,582.97,1048576,1,
2056,True,574.78,1048576,1,
2049,True,590.66,1048576,1,
2059,True,479.19,1048576,1,
2058,True,482.97,1048576,1,
2063,True,475.33,1048576,1,
2060,True,481.71,1048576,1,
2062,True,479.71,1048576,1,
2057,True,491.37,1048576,1,
2061,True,484.01,1048576,1,
2064,True,481.03,1048576,1,
2068,True,546.71,1048576,1,
2071,True,543.59,1048576,1,
2072,True,543.72,1048576,1,
2067,True,552.82,1048576,1,
2070,True,549.81,1048576,1,
2069,True,552.64,1048576,1,
2066,True,558.31,1048576,1,
2065,True,562.58,1048576,1,
2077,True,475.39,1048576,1,
2079,True,474.19,1048576,1,
2080,True,473.32,1048576,1,
2075,True,484.06,1048576,1,
2076,True,483.94,1048576,1,
2078,True,482.59,1048576,1,
2074,True,489.70,1048576,1,
2073,True,496.24,1048576,1,
2084,True,555.00,1048576,1,
2086,True,553.46,1048576,1,
2085,True,556.65,1048576,1,
2081,True,565.28,1048576,1,
2083,True,563.95,1048576,1,
2088,True,553.86,1048576,1,
2082,True,568.74,1048576,1,
2087,True,563.87,1048576,1,
2094,True,457.84,1048576,1,
2093,True,460.76,1048576,1,
2092,True,464.34,1048576,1,
2095,True,460.98,1048576,1,
2091,True,468.85,1048576,1,
2090,True,471.69,1048576,1,
2096,True,462.07,1048576,1,
2089,True,476.40,1048576,1,
2098,True,558.86,1048576,1,
2099,True,559.00,1048576,1,
2102,True,556.30,1048576,1,
2097,True,564.99,1048576,1,
2104,True,556.54,1048576,1,
2103,True,560.44,1048576,1,
2100,True,567.05,1048576,1,
2101,True,569.51,1048576,1,
2110,True,471.08,1048576,1,
2109,True,476.26,1048576,1,
2112,True,469.51,1048576,1,
2108,True,481.80,1048576,1,
2106,True,486.35,1048576,1,
2107,True,486.20,1048576,1,
2111,True,479.86,1048576,1,
2105,True,492.56,1048576,1,
2113,True,555.34,1048576,1,
2114,True,555.24,1048576,1,
2119,True,548.79,1048576,1,
2120,True,548.79,1048576,1,
2117,True,556.18,1048576,1,
2115,True,561.56,1048576,1,
2118,True,558.84,1048576,1,
2116,True,566.27,1048576,1,
2123,True,473.98,1048576,1,
2126,True,469.32,1048576,1,
2124,True,475.46,1048576,1,
2122,True,480.59,1048576,1,
2121,True,484.32,1048576,1,
2125,True,476.99,1048576,1,
2127,True,474.74,1048576,1,
2128,True,471.30,1048576,1,
2135,True,563.32,1048576,1,
2132,True,569.44,1048576,1,
2136,True,565.82,1048576,1,
2133,True,572.49,1048576,1,
2131,True,577.23,1048576,1,
2130,True,580.55,1048576,1,
2134,True,577.82,1048576,1,
2129,True,589.07,1048576,1,
2143,True,510.44,1048576,1,
2142,True,516.11,1048576,1,
2139,True,524.99,1048576,1,
2144,True,515.49,1048576,1,
2141,True,526.53,1048576,1,
2138,True,535.89,1048576,1,
2140,True,533.96,1048576,1,
2137,True,545.74,1048576,1,
2152,True,609.13,1048576,1,
2147,True,628.92,1048576,1,
2151,True,619.56,1048576,1,
2149,True,626.59,1048576,1,
2150,True,625.98,1048576,1,
2145,True,641.86,1048576,1,
2146,True,641.88,1048576,1,
2148,True,637.44,1048576,1,
2155,True,543.77,1048576,1,
2156,True,543.48,1048576,1,
2159,True,537.98,1048576,1,
2158,True,542.48,1048576,1,
2154,True,551.59,1048576,1,
2160,True,540.57,1048576,1,
2153,True,556.58,1048576,1,
2157,True,549.48,1048576,1,
2161,True,473.87,1048576,1,
2164,True,471.09,1048576,1,
2163,True,474.34,1048576,1,
2162,True,477.17,1048576,1,
2168,True,470.28,1048576,1,
2166,True,475.69,1048576,1,
2165,True,478.57,1048576,1,
2167,True,477.10,1048576,1,
2175,True,517.73,1048576,1,
2173,True,523.40,1048576,1,
2174,True,522.12,1048576,1,
2172,True,527.49,1048576,1,
2170,True,532.08,1048576,1,
2169,True,534.96,1048576,1,
2171,True,533.32,1048576,1,
2176,True,527.85,1048576,1,
2181,True,499.99,1048576,1,
2184,True,495.59,1048576,1,
2178,True,507.69,1048576,1,
2177,True,510.52,1048576,1,
2182,True,505.94,1048576,1,
2180,True,510.15,1048576,1,
2179,True,513.14,1048576,1,
2183,True,510.13,1048576,1,
2192,True,556.68,1048576,1,
2187,True,567.94,1048576,1,
2185,True,573.34,1048576,1,
2190,True,566.32,1048576,1,
2188,True,571.41,1048576,1,
2186,True,576.48,1048576,1,
2189,True,572.57,1048576,1,
2191,True,571.01,1048576,1,
2195,True,491.72,1048576,1,
2199,True,488.93,1048576,1,
2198,True,492.17,1048576,1,
2197,True,496.27,1048576,1,
2196,True,500.67,1048576,1,
2200,True,497.47,1048576,1,
2193,True,512.40,1048576,1,
2194,True,513.14,1048576,1,
2207,True,558.02,1048576,1,
2204,True,569.20,1048576,1,
2208,True,558.58,1048576,1,
2206,True,566.21,1048576,1,
2202,True,578.48,1048576,1,
2201,True,584.33,1048576,1,
2205,True,577.92,1048576,1,
2203,True,585.05,1048576,1,
2209,True,452.10,1048576,1,
2214,True,451.97,1048576,1,
2211,True,459.91,1048576,1,
2215,True,451.01,1048576,1,
2213,True,459.09,1048576,1,
2212,True,462.97,1048576,1,
2216,True,454.52,1048576,1,
2210,True,469.50,1048576,1,
2218,True,582.78,1048576,1,
2221,True,579.38,1048576,1,
2220,True,582.53,1048576,1,
2223,True,578.80,1048576,1,
2219,True,587.18,1048576,1,
2224,True,581.54,1048576,1,
2222,True,586.42,1048576,1,
2217,True,603.07,1048576,1,
2232,True,456.47,1048576,1,
2225,True,469.44,1048576,1,
2229,True,466.07,1048576,1,
2230,True,467.19,1048576,1,
2231,True,468.58,1048576,1,
2228,True,475.94,1048576,1,
2227,True,480.36,1048576,1,
2226,True,484.04,1048576,1,
2239,True,543.65,1048576,1,
2238,True,548.10,1048576,1,
2236,True,554.47,1048576,1,
2234,True,562.26,1048576,1,
2235,True,561.72,1048576,1,
2240,True,550.19,1048576,1,
2233,True,569.23,1048576,1,
2237,True,560.77,1048576,1,
2246,True,450.75,1048576,1,
2248,True,448.76,1048576,1,
2243,True,460.85,1048576,1,
2247,True,455.96,1048576,1,
2242,True,466.17,1048576,1,
2244,True,465.09,1048576,1,
2245,True,464.70,1048576,1,
2241,True,474.09,1048576,1,
2254,True,556.16,1048576,1,
2255,True,557.55,1048576,1,
2250,True,569.68,1048576,1,
2251,True,567.96,1048576,1,
2252,True,567.85,1048576,1,
2253,True,568.97,1048576,1,
2256,True,564.53,1048576,1,
2249,True,581.01,1048576,1,
2257,True,457.08,1048576,1,
2264,True,446.04,1048576,1,
2259,True,457.26,1048576,1,
2258,True,460.57,1048576,1,
2260,True,459.01,1048576,1,
2261,True,460.21,1048576,1,
2263,True,457.62,1048576,1,
2262,True,460.82,1048576,1,
2272,True,545.18,1048576,1,
2267,True,556.34,1048576,1,
2271,True,549.76,1048576,1,
2270,True,553.25,1048576,1,
2269,True,557.19,1048576,1,
2265,True,566.66,1048576,1,
2266,True,565.00,1048576,1,
2268,True,563.03,1048576,1,
2273,True,462.78,1048576,1,
2277,True,458.62,1048576,1,
2278,True,458.95,1048576,1,
2274,True,465.73,1048576,1,
2276,True,464.58,1048576,1,
2279,True,461.92,1048576,1,
2275,True,470.17,1048576,1,
2280,True,464.82,1048576,1,
2288,True,558.83,1048576,1,
2282,True,571.70,1048576,1,
2285,True,569.28,1048576,1,
2284,True,573.26,1048576,1,
2283,True,576.14,1048576,1,
2281,True,580.73,1048576,1,
2287,True,572.15,1048576,1,
2286,True,577.58,1048576,1,
2289,True,473.13,1048576,1,
2290,True,473.73,1048576,1,
2293,True,469.23,1048576,1,
2294,True,469.23,1048576,1,
2292,True,474.00,1048576,1,
2295,True,470.81,1048576,1,
2291,True,480.36,1048576,1,
2296,True,474.97,1048576,1,
2299,True,610.80,1048576,1,
2301,True,609.02,1048576,1,
2300,True,612.09,1048576,1,
2297,True,620.37,1048576,1,
2302,True,612.20,1048576,1,
2298,True,619.81,1048576,1,
2304,True,609.26,1048576,1,
2303,True,616.18,1048576,1,
2306,True,447.13,1048576,1,
2305,True,450.34,1048576,1,
2309,True,445.78,1048576,1,
2312,True,442.05,1048576,1,
2307,True,453.91,1048576,1,
2308,True,453.72,1048576,1,
2310,True,453.72,1048576,1,
2311,True,453.83,1048576,1,
2314,True,557.17,1048576,1,
2315,True,557.00,1048576,1,
2319,True,549.14,1048576,1,
2318,True,553.19,1048576,1,
2313,True,564.72,1048576,1,
2316,True,559.82,1048576,1,
2320,True,552.00,1048576,1,
2317,True,561.40,1048576,1,
2325,True,446.64,1048576,1,
2324,True,449.45,1048576,1,
2322,True,454.14,1048576,1,
2323,True,455.27,1048576,1,
2321,True,460.08,1048576,1,
2326,True,455.55,1048576,1,
2328,True,453.50,1048576,1,
2327,True,457.10,1048576,1,
2336,True,565.56,1048576,1,
2329,True,580.17,1048576,1,
2332,True,575.56,1048576,1,
2335,True,571.80,1048576,1,
2334,True,574.57,1048576,1,
2333,True,579.36,1048576,1,
2330,True,588.66,1048576,1,
2331,True,588.62,1048576,1,
2337,True,465.23,1048576,1,
2340,True,463.07,1048576,1,
2339,True,466.85,1048576,1,
2341,True,465.81,1048576,1,
2338,True,472.69,1048576,1,
2344,True,466.49,1048576,1,
2342,True,474.34,1048576,1,
2343,True,473.94,1048576,1,
2351,True,572.99,1048576,1,
2349,True,583.32,1048576,1,
2345,True,593.87,1048576,1,
2350,True,581.31,1048576,1,
2348,True,591.08,1048576,1,
2352,True,580.17,1048576,1,
2346,True,599.64,1048576,1,
2347,True,600.32,1048576,1,
2353,True,537.78,1048576,1,
2357,True,533.07,1048576,1,
2354,True,541.12,1048576,1,
2356,True,538.92,1048576,1,
2360,True,534.83,1048576,1,
2358,True,542.22,1048576,1,
2355,True,552.29,1048576,1,
2359,True,546.62,1048576,1,
2364,True,499.82,1048576,1,
2361,True,508.38,1048576,1,
2367,True,493.65,1048576,1,
2368,True,492.81,1048576,1,
2366,True,501.18,1048576,1,
2365,True,506.97,1048576,1,
2363,True,515.28,1048576,1,
2362,True,522.60,1048576,1,
2376,True,516.06,1048576,1,
2369,True,536.54,1048576,1,
2372,True,545.51,1048576,1,
2371,True,554.86,1048576,1,
2374,True,550.37,1048576,1,
2373,True,555.08,1048576,1,
2375,True,553.66,1048576,1,
2370,True,567.34,1048576,1,
2383,True,511.18,1048576,1,
2378,True,543.46,1048576,1,
2377,True,546.83,1048576,1,
2382,True,518.72,1048576,1,
2380,True,524.99,1048576,1,
2381,True,524.51,1048576,1,
2379,True,536.96,1048576,1,
2384,True,521.85,1048576,1,
2391,True,559.48,1048576,1,
2385,True,571.93,1048576,1,
2389,True,567.31,1048576,1,
2386,True,573.65,1048576,1,
2390,True,568.35,1048576,1,
2387,True,576.15,1048576,1,
2392,True,572.79,1048576,1,
2388,True,583.65,1048576,1,
2394,True,491.61,1048576,1,
2400,True,476.37,1048576,1,
2396,True,491.23,1048576,1,
2395,True,494.52,1048576,1,
2397,True,493.09,1048576,1,
2398,True,492.66,1048576,1,
2399,True,486.69,1048576,1,
2393,True,504.84,1048576,1,
2408,True,545.90,1048576,1,
2403,True,556.20,1048576,1,
2401,True,561.12,1048576,1,
2402,True,562.06,1048576,1,
2406,True,557.14,1048576,1,
2407,True,557.32,1048576,1,
2404,True,563.55,1048576,1,
2405,True,563.87,1048576,1,
2416,True,467.78,1048576,1,
2415,True,471.97,1048576,1,
2410,True,482.85,1048576,1,
2414,True,476.73,1048576,1,
2411,True,484.15,1048576,1,
2412,True,483.45,1048576,1,
2413,True,484.75,1048576,1,
2409,True,495.73,1048576,1,
2417,True,530.54,1048576,1,
2419,True,529.88,1048576,1,
2420,True,530.00,1048576,1,
2424,True,521.69,1048576,1,
2418,True,537.99,1048576,1,
2421,True,536.10,1048576,1,
2422,True,538.38,1048576,1,
2423,True,539.92,1048576,1,
2425,True,462.34,1048576,1,
2428,True,458.67,1048576,1,
2430,True,454.44,1048576,1,
2427,True,464.46,1048576,1,
2426,True,467.62,1048576,1,
2432,True,452.46,1048576,1,
2431,True,459.46,1048576,1,
2429,True,471.47,1048576,1,
2433,True,527.56,1048576,1,
2436,True,523.15,1048576,1,
2438,True,520.66,1048576,1,
2437,True,526.19,1048576,1,
2440,True,517.07,1048576,1,
2435,True,532.32,1048576,1,
2439,True,524.13,1048576,1,
2434,True,537.11,1048576,1,
2441,True,452.91,1048576,1,
2445,True,447.95,1048576,1,
2447,True,446.79,1048576,1,
2443,True,455.08,1048576,1,
2444,True,454.65,1048576,1,
2442,True,461.03,1048576,1,
2448,True,454.23,1048576,1,
2446,True,459.80,1048576,1,
2450,True,594.76,1048576,1,
2454,True,589.94,1048576,1,
2453,True,594.08,1048576,1,
2449,True,604.73,1048576,1,
2456,True,589.60,1048576,1,
2455,True,594.19,1048576,1,
2451,True,605.18,1048576,1,
2452,True,604.56,1048576,1,
2458,True,494.49,1048576,1,
2459,True,494.21,1048576,1,
2461,True,492.65,1048576,1,
2457,True,503.73,1048576,1,
2462,True,496.32,1048576,1,
2460,True,501.49,1048576,1,
2463,True,500.72,1048576,1,
2464,True,505.56,1048576,1,
2472,True,476.13,1048576,1,
2469,True,492.36,1048576,1,
2468,True,496.63,1048576,1,
2471,True,489.86,1048576,1,
2470,True,496.97,1048576,1,
2467,True,507.45,1048576,1,
2465,True,515.45,1048576,1,
2466,True,517.58,1048576,1,
2473,True,430.87,1048576,1,
2474,True,430.34,1048576,1,
2477,True,425.48,1048576,1,
2475,True,431.34,1048576,1,
2479,True,421.94,1048576,1,
2476,True,434.19,1048576,1,
2478,True,429.68,1048576,1,
2480,True,424.88,1048576,1,
2481,True,551.94,1048576,1,
2483,True,552.71,1048576,1,
2482,True,557.92,1048576,1,
2485,True,564.12,1048576,1,
2484,True,570.38,1048576,1,
2486,True,569.74,1048576,1,
2487,True,572.70,1048576,1,
2488,True,574.09,1048576,1,
2491,True,499.92,1048576,1,
2489,True,510.65,1048576,1,
2492,True,490.64,1048576,1,
2495,True,480.68,1048576,1,
2490,True,509.64,1048576,1,
2496,True,478.94,1048576,1,
2493,True,493.57,1048576,1,
2494,True,491.45,1048576,1,
2502,True,574.09,1048576,1,
2498,True,581.69,1048576,1,
2500,True,580.24,1048576,1,
2497,True,586.71,1048576,1,
2504,True,578.99,1048576,1,
2499,True,589.92,1048576,1,
2501,True,588.55,1048576,1,
2503,True,587.93,1048576,1,
2505,True,533.43,1048576,1,
2509,True,526.18,1048576,1,
2512,True,519.82,1048576,1,
2510,True,526.35,1048576,1,
2508,True,534.34,1048576,1,
2507,True,537.15,1048576,1,
2511,True,530.60,1048576,1,
2506,True,545.30,1048576,1,
2513,True,549.61,1048576,1,
2514,True,549.65,1048576,1,
2516,True,547.91,1048576,1,
2519,True,543.22,1048576,1,
2518,True,547.96,1048576,1,
2515,True,554.04,1048576,1,
2520,True,546.53,1048576,1,
2517,True,555.52,1048576,1,
2528,True,473.92,1048576,1,
2526,True,481.19,1048576,1,
2527,True,480.85,1048576,1,
2523,True,491.06,1048576,1,
2522,True,495.25,1048576,1,
2525,True,493.40,1048576,1,
2524,True,501.59,1048576,1,
2521,True,511.79,1048576,1,
2534,True,578.01,1048576,1,
2533,True,581.91,1048576,1,
2535,True,574.48,1048576,1,
2529,True,595.67,1048576,1,
2531,True,592.20,1048576,1,
2530,True,596.23,1048576,1,
2536,True,575.53,1048576,1,
2532,True,596.17,1048576,1,
2540,True,484.21,1048576,1,
2537,True,491.65,1048576,1,
2538,True,493.04,1048576,1,
2543,True,487.86,1048576,1,
2542,True,493.71,1048576,1,
2539,True,500.99,1048576,1,
2544,True,493.67,1048576,1,
2541,True,503.10,1048576,1,
2547,True,583.12,1048576,1,
2550,True,577.67,1048576,1,
2545,True,594.59,1048576,1,
2546,True,593.20,1048576,1,
2551,True,581.01,1048576,1,
2549,True,589.72,1048576,1,
2548,True,593.62,1048576,1,
2552,True,585.13,1048576,1,
2555,True,518.94,1048576,1,
2560,True,509.64,1048576,1,
2559,True,513.83,1048576,1,
2554,True,528.18,1048576,1,
2558,True,523.43,1048576,1,
2556,True,532.48,1048576,1,
2553,True,542.81,1048576,1,
2557,True,535.53,1048576,1,
2561,True,511.12,1048576,1,
2564,True,506.78,1048576,1,
2563,True,511.81,1048576,1,
2565,True,505.21,1048576,1,
2562,True,517.33,1048576,1,
2568,True,499.97,1048576,1,
2566,True,507.44,1048576,1,
2567,True,505.44,1048576,1,
2574,True,462.14,1048576,1,
2572,True,467.86,1048576,1,
2571,True,473.55,1048576,1,
2570,True,478.22,1048576,1,
2573,True,478.27,1048576,1,
2576,True,476.34,1048576,1,
2569,True,493.99,1048576,1,
2575,True,487.30,1048576,1,
2578,True,513.19,1048576,1,
2577,True,517.33,1048576,1,
2583,True,499.88,1048576,1,
2584,True,500.24,1048576,1,
2582,True,527.64,1048576,1,
2581,True,540.34,1048576,1,
2580,True,547.97,1048576,1,
2579,True,560.88,1048576,1,
2585,True,461.22,1048576,1,
2586,True,481.69,1048576,1,
2589,True,475.07,1048576,1,
2592,True,459.86,1048576,1,
2591,True,481.51,1048576,1,
2590,True,522.07,1048576,1,
2587,True,570.78,1048576,1,
2588,True,636.71,1048576,1,
2593,True,523.69,1048576,1,
2595,True,482.15,1048576,1,
2594,True,504.76,1048576,1,
2598,True,429.02,1048576,1,
2599,True,415.74,1048576,1,
2597,True,469.12,1048576,1,
2596,True,484.70,1048576,1,
2600,True,348.84,1048576,1,
2602,True,448.19,1048576,1,
2605,True,446.87,1048576,1,
2604,True,451.47,1048576,1,
2608,True,446.86,1048576,1,
2601,True,462.57,1048576,1,
2607,True,456.27,1048576,1,
2603,True,468.51,1048576,1,
2606,True,465.48,1048576,1,
2609,True,629.65,1048576,1,
2616,True,605.75,1048576,1,
2612,True,621.68,1048576,1,
2610,True,628.92,1048576,1,
2613,True,621.86,1048576,1,
2615,True,615.48,1048576,1,
2614,True,620.85,1048576,1,
2611,True,632.49,1048576,1,
2620,True,509.15,1048576,1,
2624,True,504.90,1048576,1,
2621,True,512.25,1048576,1,
2617,True,520.84,1048576,1,
2618,True,521.79,1048576,1,
2619,True,524.57,1048576,1,
2622,True,522.69,1048576,1,
2623,True,526.32,1048576,1,
2626,True,502.04,1048576,1,
2628,True,498.06,1048576,1,
2629,True,501.44,1048576,1,
2630,True,500.16,1048576,1,
2625,True,515.52,1048576,1,
2627,True,512.33,1048576,1,
2631,True,501.82,1048576,1,
2632,True,498.59,1048576,1,
2633,True,498.75,1048576,1,
2637,True,492.42,1048576,1,
2639,True,491.21,1048576,1,
2635,True,501.99,1048576,1,
2638,True,499.94,1048576,1,
2636,True,509.14,1048576,1,
2634,True,522.56,1048576,1,
2640,True,514.78,1048576,1,
2646,True,485.33,1048576,1,
2642,True,503.56,1048576,1,
2644,True,499.83,1048576,1,
2641,True,511.88,1048576,1,
2645,True,500.29,1048576,1,
2643,True,508.33,1048576,1,
2648,True,485.40,1048576,1,
2647,True,495.13,1048576,1,
2649,True,518.76,1048576,1,
2653,True,512.67,1048576,1,
2656,True,511.61,1048576,1,
2650,True,525.88,1048576,1,
2655,True,518.08,1048576,1,
2652,True,527.68,1048576,1,
2651,True,535.97,1048576,1,
2654,True,534.92,1048576,1,
2658,True,507.77,1048576,1,
2657,True,512.02,1048576,1,
2659,True,507.83,1048576,1,
2663,True,495.20,1048576,1,
2660,True,508.72,1048576,1,
2661,True,508.18,1048576,1,
2662,True,507.85,1048576,1,
2664,True,500.52,1048576,1,
2669,True,513.47,1048576,1,
2667,True,519.35,1048576,1,
2666,True,525.05,1048576,1,
2668,True,522.23,1048576,1,
2672,True,512.92,1048576,1,
2670,True,528.12,1048576,1,
2665,True,543.47,1048576,1,
2671,True,533.78,1048576,1,
2677,True,469.03,1048576,1,
2676,True,473.92,1048576,1,
2675,True,478.45,1048576,1,
2678,True,467.72,1048576,1,
2679,True,464.66,1048576,1,
2674,True,486.48,1048576,1,
2673,True,490.08,1048576,1,
2680,True,468.40,1048576,1,
2681,True,524.83,1048576,1,
2688,True,515.56,1048576,1,
2682,True,528.24,1048576,1,
2683,True,528.78,1048576,1,
2685,True,529.34,1048576,1,
2686,True,529.55,1048576,1,
2687,True,530.13,1048576,1,
2684,True,537.94,1048576,1,
2689,True,460.05,1048576,1,
2690,True,459.95,1048576,1,
2695,True,449.54,1048576,1,
2692,True,459.49,1048576,1,
2696,True,450.86,1048576,1,
2694,True,457.05,1048576,1,
2693,True,463.11,1048576,1,
2691,True,472.12,1048576,1,
2700,True,489.55,1048576,1,
2698,True,494.66,1048576,1,
2704,True,483.11,1048576,1,
2701,True,494.86,1048576,1,
2703,True,491.68,1048576,1,
2697,True,509.29,1048576,1,
2702,True,503.54,1048576,1,
2699,True,512.59,1048576,1,
2709,True,541.67,1048576,1,
2706,True,550.54,1048576,1,
2708,True,546.80,1048576,1,
2707,True,551.80,1048576,1,
2705,True,557.85,1048576,1,
2710,True,547.73,1048576,1,
2711,True,545.53,1048576,1,
2712,True,544.22,1048576,1,
2713,True,542.10,1048576,1,
2717,True,537.45,1048576,1,
2719,True,533.62,1048576,1,
2718,True,538.65,1048576,1,
2715,True,547.22,1048576,1,
2714,True,550.96,1048576,1,
2720,True,539.28,1048576,1,
2716,True,551.13,1048576,1,
2722,True,476.50,1048576,1,
2725,True,471.92,1048576,1,
2728,True,467.34,1048576,1,
2723,True,480.79,1048576,1,
2724,True,480.78,1048576,1,
2727,True,478.17,1048576,1,
2726,True,481.18,1048576,1,
2721,True,493.21,1048576,1,
2729,True,525.45,1048576,1,
2731,True,527.47,1048576,1,
2730,True,531.15,1048576,1,
2732,True,528.29,1048576,1,
2736,True,522.54,1048576,1,
2735,True,526.72,1048576,1,
2734,True,533.58,1048576,1,
2733,True,537.91,1048576,1,
2737,True,448.69,1048576,1,
2741,True,439.25,1048576,1,
2739,True,446.51,1048576,1,
2743,True,436.02,1048576,1,
2744,True,436.61,1048576,1,
2740,True,450.80,1048576,1,
2738,True,458.04,1048576,1,
2742,True,450.98,1048576,1,
2745,True,517.24,1048576,1,
2747,True,514.41,1048576,1,
2746,True,521.84,1048576,1,
2751,True,513.23,1048576,1,
2749,True,520.82,1048576,1,
2752,True,520.09,1048576,1,
2750,True,527.94,1048576,1,
2748,True,536.18,1048576,1,
2754,True,477.41,1048576,1,
2760,True,456.82,1048576,1,
2758,True,465.02,1048576,1,
2757,True,472.55,1048576,1,
2755,True,479.58,1048576,1,
2759,True,468.27,1048576,1,
2753,True,492.55,1048576,1,
2756,True,484.03,1048576,1,
2761,True,597.45,1048576,1,
2764,True,592.81,1048576,1,
2768,True,585.49,1048576,1,
2762,True,598.73,1048576,1,
2763,True,598.57,1048576,1,
2765,True,596.76,1048576,1,
2766,True,594.54,1048576,1,
2767,True,594.49,1048576,1,
2773,True,469.22,1048576,1,
2770,True,474.89,1048576,1,
2776,True,468.35,1048576,1,
2769,True,480.40,1048576,1,
2772,True,477.56,1048576,1,
2775,True,475.63,1048576,1,
2774,True,478.29,1048576,1,
2771,True,485.22,1048576,1,
2784,True,542.05,1048576,1,
2777,True,557.05,1048576,1,
2781,True,551.48,1048576,1,
2778,True,558.67,1048576,1,
2780,True,556.23,1048576,1,
2779,True,559.62,1048576,1,
2782,True,555.77,1048576,1,
2783,True,555.66,1048576,1,
2785,True,466.20,1048576,1,
2792,True,457.60,1048576,1,
2789,True,463.61,1048576,1,
2791,True,462.17,1048576,1,
2790,True,465.13,1048576,1,
2787,True,472.48,1048576,1,
2788,True,472.41,1048576,1,
2786,True,478.46,1048576,1,
2793,True,574.84,1048576,1,
2794,True,574.83,1048576,1,
2799,True,567.84,1048576,1,
2795,True,576.97,1048576,1,
2800,True,568.57,1048576,1,
2797,True,577.78,1048576,1,
2798,True,576.39,1048576,1,
2796,True,584.53,1048576,1,
2803,True,473.31,1048576,1,
2807,True,467.87,1048576,1,
2808,True,465.31,1048576,1,
2805,True,473.69,1048576,1,
2801,True,482.76,1048576,1,
2802,True,482.79,1048576,1,
2804,True,480.93,1048576,1,
2806,True,481.72,1048576,1,
2813,True,541.43,1048576,1,
2812,True,545.01,1048576,1,
2810,True,549.32,1048576,1,
2809,True,552.09,1048576,1,
2816,True,540.05,1048576,1,
2811,True,552.77,1048576,1,
2814,True,550.65,1048576,1,
2815,True,550.98,1048576,1,
2817,True,495.17,1048576,1,
2824,True,483.65,1048576,1,
2820,True,495.97,1048576,1,
2821,True,495.62,1048576,1,
2819,True,501.48,1048576,1,
2823,True,496.08,1048576,1,
2822,True,500.85,1048576,1,
2818,True,511.61,1048576,1,
2825,True,556.35,1048576,1,
2828,True,550.70,1048576,1,
2831,True,545.43,1048576,1,
2830,True,549.24,1048576,1,
2832,True,543.66,1048576,1,
2829,True,553.78,1048576,1,
2827,True,559.31,1048576,1,
2826,True,568.84,1048576,1,
2837,True,522.04,1048576,1,
2838,True,522.28,1048576,1,
2834,True,530.55,1048576,1,
2835,True,531.70,1048576,1,
2840,True,523.81,1048576,1,
2833,True,541.05,1048576,1,
2839,True,535.50,1048576,1,
2836,True,544.59,1048576,1,
2842,True,463.03,1048576,1,
2843,True,461.22,1048576,1,
2844,True,460.40,1048576,1,
2848,True,448.39,1048576,1,
2846,True,458.44,1048576,1,
2847,True,458.42,1048576,1,
2845,True,469.25,1048576,1,
2841,True,480.93,1048576,1,
2851,True,467.05,1048576,1,
2849,True,471.37,1048576,1,
2850,True,471.44,1048576,1,
2854,True,463.59,1048576,1,
2855,True,460.94,1048576,1,
2852,True,471.76,1048576,1,
2856,True,461.74,1048576,1,
2853,True,471.81,1048576,1,
2863,True,538.89,1048576,1,
2860,True,544.24,1048576,1,
2858,True,548.58,1048576,1,
2864,True,541.90,1048576,1,
2859,True,550.95,1048576,1,
2862,True,548.18,1048576,1,
2861,True,550.71,1048576,1,
2857,True,560.15,1048576,1,
2868,True,480.90,1048576,1,
2872,True,475.41,1048576,1,
2865,True,489.98,1048576,1,
2867,True,489.22,1048576,1,
2869,True,487.93,1048576,1,
2870,True,488.85,1048576,1,
2871,True,489.00,1048576,1,
2866,True,499.39,1048576,1,
2873,True,536.51,1048576,1,
2876,True,531.20,1048576,1,
2877,True,532.39,1048576,1,
2875,True,539.08,1048576,1,
2880,True,529.86,1048576,1,
2874,True,544.40,1048576,1,
2878,True,537.96,1048576,1,
2879,True,538.07,1048576,1,
2888,True,451.45,1048576,1,
2883,True,462.17,1048576,1,
2886,True,459.56,1048576,1,
2881,True,472.66,1048576,1,
2887,True,461.89,1048576,1,
2885,True,467.54,1048576,1,
2882,True,477.93,1048576,1,
2884,True,484.92,1048576,1,
2889,True,542.61,1048576,1,
2890,True,542.57,1048576,1,
2893,True,538.34,1048576,1,
2895,True,535.36,1048576,1,
2894,True,540.22,1048576,1,
2896,True,526.36,1048576,1,
2892,True,549.16,1048576,1,
2891,True,553.23,1048576,1,
2898,True,467.91,1048576,1,
2897,True,472.47,1048576,1,
2903,True,460.31,1048576,1,
2904,True,460.16,1048576,1,
2900,True,471.99,1048576,1,
2902,True,471.25,1048576,1,
2899,True,480.74,1048576,1,
2901,True,479.42,1048576,1,
2905,True,534.96,1048576,1,
2907,True,531.82,1048576,1,
2906,True,536.66,1048576,1,
2911,True,525.44,1048576,1,
2910,True,531.09,1048576,1,
2909,True,536.07,1048576,1,
2912,True,528.26,1048576,1,
2908,True,545.82,1048576,1,
2914,True,449.42,1048576,1,
2913,True,453.98,1048576,1,
2915,True,450.77,1048576,1,
2919,True,445.47,1048576,1,
2920,True,441.94,1048576,1,
2916,True,454.39,1048576,1,
2918,True,453.62,1048576,1,
2917,True,457.88,1048576,1,
2921,True,603.40,1048576,1,
2922,True,602.65,1048576,1,
2923,True,602.73,1048576,1,
2927,True,596.07,1048576,1,
2924,True,603.89,1048576,1,
2926,True,603.36,1048576,1,
2925,True,606.53,1048576,1,
2928,True,602.23,1048576,1,
2929,True,481.68,1048576,1,
2932,True,477.34,1048576,1,
2936,True,470.02,1048576,1,
2933,True,479.14,1048576,1,
2935,True,476.23,1048576,1,
2931,True,485.07,1048576,1,
2934,True,481.12,1048576,1,
2930,True,490.40,1048576,1,
2937,True,552.58,1048576,1,
2938,True,552.90,1048576,1,
2944,True,545.03,1048576,1,
2939,True,555.34,1048576,1,
2942,True,553.16,1048576,1,
2941,True,556.09,1048576,1,
2943,True,555.12,1048576,1,
2940,True,563.16,1048576,1,
2945,True,479.67,1048576,1,
2949,True,472.79,1048576,1,
2951,True,470.26,1048576,1,
2946,True,482.41,1048576,1,
2948,True,480.01,1048576,1,
2947,True,483.71,1048576,1,
2952,True,474.04,1048576,1,
2950,True,484.71,1048576,1,
2954,True,584.99,1048576,1,
2953,True,587.83,1048576,1,
2958,True,581.85,1048576,1,
2956,True,587.41,1048576,1,
2957,True,588.15,1048576,1,
2955,True,593.05,1048576,1,
2960,True,581.89,1048576,1,
2959,True,590.51,1048576,1,
2967,True,475.65,1048576,1,
2963,True,484.44,1048576,1,
2966,True,479.75,1048576,1,
2962,True,489.39,1048576,1,
2964,True,486.77,1048576,1,
2961,True,494.90,1048576,1,
2968,True,480.41,1048576,1,
2965,True,489.34,1048576,1,
2972,True,595.16,1048576,1,
2976,True,590.26,1048576,1,
2975,True,592.95,1048576,1,
2971,True,601.44,1048576,1,
2974,True,597.15,1048576,1,
2970,True,606.93,1048576,1,
2969,True,609.84,1048576,1,
2973,True,605.76,1048576,1,
2978,True,460.37,1048576,1,
2984,True,454.90,1048576,1,
2982,True,459.81,1048576,1,
2983,True,459.89,1048576,1,
2981,True,465.95,1048576,1,
2977,True,474.18,1048576,1,
2980,True,472.77,1048576,1,
2979,True,477.39,1048576,1,
2985,True,579.31,1048576,1,
2986,True,578.41,1048576,1,
2987,True,580.59,1048576,1,
2988,True,581.06,1048576,1,
2992,True,572.37,1048576,1,
2989,True,582.96,1048576,1,
2991,True,581.23,1048576,1,
2990,True,585.90,1048576,1,
2994,True,500.62,1048576,1,
2998,True,492.66,1048576,1,
2999,True,490.44,1048576,1,
2996,True,500.38,1048576,1,
2997,True,499.93,1048576,1,
3000,True,495.36,1048576,1,
2995,True,508.72,1048576,1,
2993,True,516.34,1048576,1,
3005,True,466.34,1048576,1,
3007,True,463.03,1048576,1,
3002,True,474.33,1048576,1,
3004,True,472.01,1048576,1,
3001,True,479.04,1048576,1,
3008,True,467.35,1048576,1,
3003,True,479.16,1048576,1,
3006,True,476.41,1048576,1,
3009,True,454.75,1048576,1,
3015,True,446.90,1048576,1,
3013,True,451.82,1048576,1,
3011,True,456.86,1048576,1,
3010,True,460.12,1048576,1,
3014,True,456.46,1048576,1,
3016,True,453.18,1048576,1,
3012,True,463.71,1048576,1,
3017,True,602.51,1048576,1,
3019,True,603.05,1048576,1,
3023,True,596.56,1048576,1,
3020,True,604.78,1048576,1,
3018,True,610.22,1048576,1,
3024,True,601.73,1048576,1,
3021,True,611.45,1048576,1,
3022,True,610.17,1048576,1,
3025,True,483.62,1048576,1,
3029,True,479.28,1048576,1,
3027,True,485.38,1048576,1,
3031,True,477.37,1048576,1,
3030,True,483.53,1048576,1,
3032,True,482.10,1048576,1,
3028,True,494.58,1048576,1,
3026,True,503.75,1048576,1,
3040,True,526.11,1048576,1,
3035,True,544.55,1048576,1,
3037,True,540.67,1048576,1,
3038,True,538.91,1048576,1,
3036,True,547.15,1048576,1,
3039,True,540.49,1048576,1,
3033,True,560.48,1048576,1,
3034,True,556.62,1048576,1,
3041,True,452.07,1048576,1,
3048,True,474.19,1048576,1,
3046,True,494.82,1048576,1,
3047,True,499.57,1048576,1,
3043,True,515.63,1048576,1,
3044,True,524.34,1048576,1,
3042,True,530.58,1048576,1,
3045,True,537.96,1048576,1,
3049,True,525.92,1048576,1,
3051,True,495.93,1048576,1,
3055,True,469.86,1048576,1,
3052,True,501.68,1048576,1,
3050,True,531.91,1048576,1,
3053,True,500.74,1048576,1,
3054,True,491.78,1048576,1,
3056,True,506.70,1048576,1,
3057,True,484.60,1048576,1,
3058,True,466.60,1048576,1,
3059,True,468.02,1048576,1,
3060,True,460.12,1048576,1,
3064,True,422.88,1048576,1,
3061,True,460.91,1048576,1,
3062,True,466.96,1048576,1,
3063,True,513.51,1048576,1,
3066,True,517.49,1048576,1,
3065,True,522.49,1048576,1,
3068,True,516.32,1048576,1,
3069,True,514.11,1048576,1,
3070,True,515.66,1048576,1,
3071,True,512.05,1048576,1,
3067,True,535.35,1048576,1,
3072,True,499.00,1048576,1,
3073,True,534.00,1048576,1,
3074,True,538.41,1048576,1,
3075,True,537.78,1048576,1,
3079,True,526.15,1048576,1,
3077,True,539.74,1048576,1,
3080,True,504.17,1048576,1,
3078,True,545.12,1048576,1,
3076,True,558.87,1048576,1,
3088,True,482.10,1048576,1,
3085,True,497.17,1048576,1,
3081,True,515.75,1048576,1,
3084,True,503.07,1048576,1,
3083,True,510.20,1048576,1,
3086,True,499.45,1048576,1,
3082,True,515.09,1048576,1,
3087,True,497.54,1048576,1,
3089,True,518.02,1048576,1,
3091,True,518.87,1048576,1,
3093,True,519.53,1048576,1,
3096,True,520.22,1048576,1,
3092,True,529.58,1048576,1,
3094,True,560.41,1048576,1,
3090,True,568.79,1048576,1,
3095,True,632.27,1048576,1,
3097,True,507.16,1048576,1,
3099,True,503.12,1048576,1,
3100,True,499.40,1048576,1,
3098,True,509.86,1048576,1,
3102,True,466.34,1048576,1,
3103,True,466.54,1048576,1,
3104,True,399.40,1048576,1,
3101,True,507.34,1048576,1,
3107,True,563.32,1048576,1,
3105,True,570.78,1048576,1,
3108,True,567.11,1048576,1,
3112,True,562.94,1048576,1,
3106,True,578.26,1048576,1,
3111,True,572.91,1048576,1,
3110,True,580.56,1048576,1,
3109,True,588.90,1048576,1,
3120,True,510.45,1048576,1,
3113,True,540.99,1048576,1,
3116,True,532.00,1048576,1,
3115,True,538.86,1048576,1,
3117,True,532.95,1048576,1,
3119,True,524.51,1048576,1,
3118,True,530.77,1048576,1,
3114,True,549.94,1048576,1,
3122,True,584.78,1048576,1,
3121,True,588.30,1048576,1,
3125,True,583.65,1048576,1,
3127,True,580.94,1048576,1,
3126,True,584.93,1048576,1,
3128,True,582.98,1048576,1,
3123,True,594.38,1048576,1,
3124,True,594.17,1048576,1,
3136,True,466.92,1048576,1,
3132,True,476.17,1048576,1,
3131,True,479.95,1048576,1,
3129,True,485.64,1048576,1,
3133,True,479.43,1048576,1,
3135,True,477.86,1048576,1,
3130,True,488.37,1048576,1,
3134,True,484.07,1048576,1,
3143,True,518.59,1048576,1,
3144,True,517.22,1048576,1,
3138,True,533.45,1048576,1,
3139,True,533.24,1048576,1,
3140,True,534.23,1048576,1,
3141,True,534.52,1048576,1,
3142,True,536.41,1048576,1,
3137,True,547.32,1048576,1,
3145,True,470.03,1048576,1,
3146,True,471.29,1048576,1,
3147,True,468.67,1048576,1,
3149,True,465.33,1048576,1,
3150,True,465.08,1048576,1,
3148,True,472.42,1048576,1,
3152,True,464.71,1048576,1,
3151,True,469.65,1048576,1,
3154,True,521.27,1048576,1,
3153,True,526.04,1048576,1,
3158,True,517.35,1048576,1,
3157,True,522.42,1048576,1,
3160,True,517.04,1048576,1,
3159,True,522.68,1048576,1,
3156,True,530.36,1048576,1,
3155,True,533.62,1048576,1,
3167,True,470.56,1048576,1,
3165,True,476.20,1048576,1,
3166,True,477.08,1048576,1,
3163,True,485.82,1048576,1,
3161,True,490.98,1048576,1,
3168,True,479.01,1048576,1,
3164,True,489.50,1048576,1,
3162,True,495.70,1048576,1,
3169,True,570.31,1048576,1,
3170,True,571.72,1048576,1,
3171,True,570.90,1048576,1,
3173,True,570.18,1048576,1,
3175,True,567.84,1048576,1,
3172,True,577.75,1048576,1,
3174,True,576.04,1048576,1,
3176,True,626.63,1048576,1,
3177,True,459.20,1048576,1,
3178,True,458.18,1048576,1,
3180,True,455.20,1048576,1,
3182,True,450.63,1048576,1,
3183,True,449.87,1048576,1,
3181,True,457.41,1048576,1,
3179,True,463.45,1048576,1,
3184,True,398.94,1048576,1,
3186,True,549.84,1048576,1,
3188,True,549.06,1048576,1,
3189,True,549.88,1048576,1,
3185,True,558.88,1048576,1,
3187,True,556.99,1048576,1,
3190,True,555.06,1048576,1,
3191,True,555.15,1048576,1,
3192,True,556.46,1048576,1,
3193,True,474.79,1048576,1,
3198,True,464.63,1048576,1,
3199,True,464.48,1048576,1,
3196,True,471.73,1048576,1,
3194,True,477.80,1048576,1,
3195,True,478.24,1048576,1,
3197,True,475.45,1048576,1,
3200,True,471.55,1048576,1,
3207,True,540.63,1048576,1,
3201,True,553.68,1048576,1,
3204,True,551.27,1048576,1,
3205,True,551.87,1048576,1,
3206,True,552.00,1048576,1,
3202,True,561.59,1048576,1,
3208,True,552.87,1048576,1,
3203,True,570.77,1048576,1,
3209,True,455.15,1048576,1,
3214,True,444.08,1048576,1,
3211,True,453.38,1048576,1,
3210,True,457.24,1048576,1,
3212,True,455.49,1048576,1,
3215,True,449.63,1048576,1,
3213,True,457.19,1048576,1,
3216,True,448.32,1048576,1,
3217,True,550.87,1048576,1,
3220,True,548.86,1048576,1,
3218,True,554.48,1048576,1,
3219,True,554.50,1048576,1,
3221,True,552.15,1048576,1,
3223,True,550.35,1048576,1,
3222,True,558.42,1048576,1,
3224,True,553.01,1048576,1,
3228,True,493.46,1048576,1,
3225,True,503.86,1048576,1,
3231,True,496.16,1048576,1,
3232,True,496.26,1048576,1,
3229,True,507.85,1048576,1,
3226,True,515.22,1048576,1,
3230,True,508.11,1048576,1,
3227,True,518.63,1048576,1,
3234,True,553.44,1048576,1,
3237,True,542.31,1048576,1,
3240,True,536.50,1048576,1,
3238,True,543.18,1048576,1,
3235,True,549.67,1048576,1,
3233,True,563.92,1048576,1,
3239,True,545.93,1048576,1,
3236,True,551.95,1048576,1,
3245,True,447.00,1048576,1,
3241,True,454.32,1048576,1,
3246,True,449.32,1048576,1,
3243,True,454.67,1048576,1,
3242,True,458.54,1048576,1,
3247,True,454.04,1048576,1,
3248,True,454.28,1048576,1,
3244,True,464.26,1048576,1,
3253,True,535.80,1048576,1,
3251,True,541.19,1048576,1,
3254,True,537.13,1048576,1,
3252,True,544.29,1048576,1,
3250,True,548.99,1048576,1,
3255,True,541.32,1048576,1,
3256,True,538.60,1048576,1,
3249,True,556.30,1048576,1,
3257,True,465.26,1048576,1,
3258,True,465.51,1048576,1,
3261,True,462.72,1048576,1,
3263,True,460.89,1048576,1,
3259,True,470.97,1048576,1,
3264,True,465.01,1048576,1,
3260,True,474.16,1048576,1,
3262,True,474.34,1048576,1,
3265,True,577.02,1048576,1,
3267,True,573.46,1048576,1,
3269,True,570.80,1048576,1,
3266,True,579.81,1048576,1,
3268,True,576.48,1048576,1,
3272,True,566.50,1048576,1,
3270,True,573.20,1048576,1,
3271,True,574.27,1048576,1,
3274,True,468.49,1048576,1,
3279,True,462.33,1048576,1,
3278,True,465.17,1048576,1,
3277,True,467.75,1048576,1,
3273,True,475.54,1048576,1,
3276,True,472.48,1048576,1,
3275,True,475.26,1048576,1,
3280,True,467.66,1048576,1,
3281,True,604.05,1048576,1,
3285,True,601.79,1048576,1,
3287,True,600.43,1048576,1,
3286,True,603.90,1048576,1,
3288,True,602.53,1048576,1,
3283,True,611.79,1048576,1,
3282,True,616.93,1048576,1,
3284,True,615.90,1048576,1,
3289,True,441.19,1048576,1,
3290,True,440.33,1048576,1,
3296,True,430.69,1048576,1,
3294,True,437.63,1048576,1,
3291,True,445.32,1048576,1,
3293,True,446.00,1048576,1,
3292,True,450.71,1048576,1,
3295,True,445.33,1048576,1,
3297,True,578.38,1048576,1,
3301,True,572.42,1048576,1,
3304,True,565.50,1048576,1,
3303,True,569.46,1048576,1,
3300,True,580.23,1048576,1,
3299,True,583.71,1048576,1,
3298,True,591.32,1048576,1,
3302,True,582.81,1048576,1,
3305,True,460.41,1048576,1,
3306,True,459.92,1048576,1,
3307,True,459.69,1048576,1,
3310,True,455.72,1048576,1,
3311,True,452.70,1048576,1,
3308,True,462.77,1048576,1,
3309,True,463.00,1048576,1,
3312,True,460.36,1048576,1,
3320,True,537.11,1048576,1,
3317,True,549.26,1048576,1,
3318,True,550.41,1048576,1,
3314,True,559.25,1048576,1,
3313,True,563.43,1048576,1,
3319,True,555.03,1048576,1,
3315,True,565.42,1048576,1,
3316,True,591.82,1048576,1,
3321,True,456.16,1048576,1,
3325,True,448.86,1048576,1,
3323,True,454.52,1048576,1,
3322,True,459.77,1048576,1,
3326,True,451.56,1048576,1,
3327,True,450.28,1048576,1,
3324,True,460.21,1048576,1,
3328,True,426.79,1048576,1,
3329,True,630.09,1048576,1,
3331,True,627.67,1048576,1,
3332,True,627.51,1048576,1,
3330,True,632.94,1048576,1,
3335,True,625.28,1048576,1,
3333,True,630.34,1048576,1,
3336,True,624.79,1048576,1,
3334,True,630.80,1048576,1,
3343,True,487.52,1048576,1,
3337,True,498.74,1048576,1,
3340,True,496.83,1048576,1,
3338,True,504.41,1048576,1,
3341,True,502.68,1048576,1,
3339,True,508.89,1048576,1,
3344,True,505.18,1048576,1,
3342,True,513.40,1048576,1,
3346,True,520.73,1048576,1,
3352,True,499.92,1048576,1,
3350,True,510.26,1048576,1,
3347,True,522.17,1048576,1,
3348,True,519.44,1048576,1,
3349,True,518.32,1048576,1,
3351,True,513.97,1048576,1,
3345,True,534.34,1048576,1,
3354,True,452.11,1048576,1,
3358,True,447.37,1048576,1,
3360,True,449.29,1048576,1,
3353,True,462.52,1048576,1,
3357,True,459.09,1048576,1,
3355,True,465.82,1048576,1,
3356,True,466.32,1048576,1,
3359,True,464.10,1048576,1,
3361,True,528.87,1048576,1,
3368,True,510.52,1048576,1,
3364,True,524.39,1048576,1,
3362,True,532.98,1048576,1,
3365,True,526.06,1048576,1,
3363,True,532.38,1048576,1,
3367,True,524.33,1048576,1,
3366,True,528.68,1048576,1,
3373,True,472.87,1048576,1,
3370,True,481.81,1048576,1,
3371,True,482.08,1048576,1,
3375,True,476.11,1048576,1,
3372,True,485.50,1048576,1,
3369,True,494.32,1048576,1,
3374,True,487.06,1048576,1,
3376,True,484.92,1048576,1,
3382,True,544.99,1048576,1,
3381,True,550.25,1048576,1,
3380,True,554.47,1048576,1,
3379,True,559.81,1048576,1,
3384,True,548.53,1048576,1,
3378,True,568.12,1048576,1,
3377,True,572.73,1048576,1,
3383,True,559.30,1048576,1,
3386,True,561.75,1048576,1,
3390,True,553.73,1048576,1,
3388,True,564.27,1048576,1,
3392,True,556.42,1048576,1,
3385,True,577.44,1048576,1,
3391,True,569.00,1048576,1,
3387,True,583.48,1048576,1,
3389,True,618.62,1048576,1,
3394,True,465.97,1048576,1,
3397,True,456.23,1048576,1,
3395,True,464.68,1048576,1,
3393,True,474.44,1048576,1,
3399,True,452.26,1048576,1,
3398,True,457.51,1048576,1,
3396,True,469.16,1048576,1,
3400,True,420.61,1048576,1,
3405,True,493.01,1048576,1,
3406,True,493.64,1048576,1,
3402,True,504.07,1048576,1,
3404,True,501.56,1048576,1,
3408,True,493.68,1048576,1,
3401,True,512.85,1048576,1,
3403,True,512.64,1048576,1,
3407,True,508.56,1048576,1,
3409,True,485.47,1048576,1,
3415,True,473.31,1048576,1,
3414,True,477.93,1048576,1,
3412,True,485.32,1048576,1,
3413,True,485.48,1048576,1,
3410,True,493.74,1048576,1,
3416,True,480.15,1048576,1,
3411,True,500.94,1048576,1,
3417,True,502.89,1048576,1,
3423,True,492.42,1048576,1,
3422,True,500.65,1048576,1,
3419,True,509.59,1048576,1,
3418,True,514.05,1048576,1,
3420,True,518.25,1048576,1,
3421,True,541.55,1048576,1,
3424,True,560.81,1048576,1,
3425,True,565.24,1048576,1,
3426,True,565.34,1048576,1,
3427,True,562.06,1048576,1,
3429,True,558.10,1048576,1,
3428,True,563.15,1048576,1,
3431,True,529.67,1048576,1,
3432,True,502.37,1048576,1,
3430,True,561.02,1048576,1,
3435,True,587.52,1048576,1,
3433,True,594.69,1048576,1,
3436,True,589.07,1048576,1,
3434,True,595.79,1048576,1,
3437,True,591.58,1048576,1,
3439,True,587.55,1048576,1,
3438,True,592.58,1048576,1,
3440,True,589.10,1048576,1,
3441,True,447.09,1048576,1,
3447,True,437.03,1048576,1,
3443,True,448.58,1048576,1,
3445,True,445.32,1048576,1,
3446,True,444.90,1048576,1,
3442,True,457.53,1048576,1,
3448,True,448.07,1048576,1,
3444,True,458.21,1048576,1,
3453,True,543.78,1048576,1,
3449,True,554.86,1048576,1,
3456,True,538.89,1048576,1,
3451,True,553.50,1048576,1,
3454,True,549.38,1048576,1,
3455,True,548.58,1048576,1,
3450,True,564.79,1048576,1,
3452,True,563.88,1048576,1,
3457,True,472.21,1048576,1,
3462,True,461.98,1048576,1,
3458,True,473.68,1048576,1,
3463,True,464.29,1048576,1,
3461,True,470.69,1048576,1,
3464,True,464.25,1048576,1,
3460,True,480.63,1048576,1,
3459,True,484.32,1048576,1,
3465,True,508.36,1048576,1,
3468,True,503.87,1048576,1,
3467,True,507.61,1048576,1,
3471,True,499.07,1048576,1,
3466,True,514.50,1048576,1,
3469,True,509.84,1048576,1,
3472,True,502.57,1048576,1,
3470,True,511.16,1048576,1,
3473,True,458.57,1048576,1,
3474,True,458.62,1048576,1,
3480,True,449.66,1048576,1,
3478,True,454.75,1048576,1,
3479,True,455.81,1048576,1,
3475,True,464.59,1048576,1,
3477,True,462.57,1048576,1,
3476,True,466.49,1048576,1,
3482,True,524.22,1048576,1,
3487,True,518.36,1048576,1,
3488,True,521.42,1048576,1,
3483,True,533.37,1048576,1,
3481,True,543.56,1048576,1,
3485,True,538.51,1048576,1,
3486,True,543.63,1048576,1,
3484,True,580.87,1048576,1,
3491,True,523.67,1048576,1,
3492,True,523.44,1048576,1,
3489,True,536.65,1048576,1,
3494,True,517.45,1048576,1,
3495,True,512.34,1048576,1,
3490,True,537.25,1048576,1,
3493,True,524.90,1048576,1,
3496,True,483.86,1048576,1,
3503,True,527.63,1048576,1,
3502,True,530.57,1048576,1,
3504,True,528.60,1048576,1,
3499,True,537.68,1048576,1,
3498,True,541.05,1048576,1,
3500,True,539.66,1048576,1,
3497,True,546.88,1048576,1,
3501,True,543.04,1048576,1,
3511,True,465.88,1048576,1,
3508,True,472.50,1048576,1,
3512,True,465.72,1048576,1,
3506,True,478.08,1048576,1,
3509,True,475.19,1048576,1,
3505,True,482.46,1048576,1,
3507,True,480.92,1048576,1,
3510,True,477.69,1048576,1,
3515,True,522.31,1048576,1,
3520,True,516.77,1048576,1,
3518,True,521.14,1048576,1,
3517,True,524.11,1048576,1,
3514,True,529.60,1048576,1,
3516,True,528.90,1048576,1,
3519,True,526.63,1048576,1,
3513,True,537.58,1048576,1,
3521,True,451.30,1048576,1,
3527,True,444.98,1048576,1,
3526,True,448.91,1048576,1,
3525,True,453.00,1048576,1,
3522,True,460.86,1048576,1,
3523,True,461.25,1048576,1,
3528,True,457.37,1048576,1,
3524,True,492.31,1048576,1,
3529,True,534.15,1048576,1,
3531,True,531.04,1048576,1,
3533,True,527.77,1048576,1,
3530,True,541.22,1048576,1,
3532,True,540.96,1048576,1,
3534,True,537.88,1048576,1,
3535,True,535.28,1048576,1,
3536,True,515.37,1048576,1,
3537,True,519.40,1048576,1,
3538,True,521.39,1048576,1,
3539,True,520.58,1048576,1,
3543,True,507.63,1048576,1,
3540,True,519.01,1048576,1,
3542,True,515.02,1048576,1,
3541,True,521.24,1048576,1,
3544,True,511.33,1048576,1,
3545,True,510.54,1048576,1,
3548,True,505.97,1048576,1,
3549,True,504.88,1048576,1,
3546,True,512.61,1048576,1,
3552,True,499.56,1048576,1,
3551,True,503.63,1048576,1,
3550,True,508.55,1048576,1,
3547,True,517.11,1048576,1,
3553,True,472.07,1048576,1,
3557,True,467.67,1048576,1,
3560,True,466.87,1048576,1,
3559,True,473.91,1048576,1,
3554,True,483.16,1048576,1,
3555,True,483.29,1048576,1,
3558,True,480.53,1048576,1,
3556,True,484.96,1048576,1,
3561,True,541.12,1048576,1,
3568,True,523.66,1048576,1,
3566,True,528.25,1048576,1,
3563,True,539.02,1048576,1,
3565,True,533.84,1048576,1,
3567,True,535.72,1048576,1,
3562,True,551.67,1048576,1,
3564,True,544.82,1048576,1,
3569,True,461.65,1048576,1,
3576,True,449.07,1048576,1,
3573,True,459.42,1048576,1,
3570,True,467.53,1048576,1,
3574,True,459.55,1048576,1,
3571,True,470.49,1048576,1,
3572,True,470.11,1048576,1,
3575,True,465.10,1048576,1,
3577,True,537.76,1048576,1,
3580,True,531.83,1048576,1,
3581,True,532.83,1048576,1,
3579,True,540.11,1048576,1,
3582,True,535.18,1048576,1,
3584,True,532.86,1048576,1,
3583,True,553.17,1048576,1,
3578,True,579.18,1048576,1,
3586,True,466.62,1048576,1,
3587,True,479.41,1048576,1,
3589,True,478.04,1048576,1,
3591,True,459.92,1048576,1,
3592,True,446.18,1048576,1,
3585,True,494.72,1048576,1,
3590,True,484.32,1048576,1,
3588,True,491.15,1048576,1,
3594,True,557.68,1048576,1,
3593,True,577.54,1048576,1,
3599,True,550.46,1048576,1,
3598,True,554.43,1048576,1,
3596,True,562.61,1048576,1,
3597,True,564.92,1048576,1,
3600,True,560.00,1048576,1,
3595,True,574.87,1048576,1,
3601,True,456.36,1048576,1,
3603,True,454.35,1048576,1,
3607,True,446.73,1048576,1,
3604,True,457.91,1048576,1,
3602,True,464.04,1048576,1,
3606,True,457.52,1048576,1,
3605,True,464.89,1048576,1,
3608,True,456.26,1048576,1,
3610,True,565.98,1048576,1,
3613,True,561.04,1048576,1,
3611,True,566.50,1048576,1,
3609,True,575.43,1048576,1,
3615,True,558.91,1048576,1,
3616,True,560.61,1048576,1,
3612,True,574.29,1048576,1,
3614,True,573.53,1048576,1,
3622,True,466.95,1048576,1,
3620,True,474.34,1048576,1,
3618,True,479.07,1048576,1,
3621,True,475.20,1048576,1,
3623,True,472.22,1048576,1,
3617,True,487.94,1048576,1,
3624,True,469.55,1048576,1,
3619,True,487.97,1048576,1,
3626,True,523.08,1048576,1,
3627,True,523.23,1048576,1,
3630,True,518.84,1048576,1,
3628,True,524.63,1048576,1,
3632,True,516.83,1048576,1,
3625,True,531.42,1048576,1,
3631,True,522.53,1048576,1,
3629,True,526.98,1048576,1,
3640,True,458.19,1048576,1,
3637,True,463.52,1048576,1,
3639,True,462.52,1048576,1,
3636,True,469.39,1048576,1,
3634,True,474.55,1048576,1,
3633,True,477.64,1048576,1,
3638,True,472.60,1048576,1,
3635,True,478.40,1048576,1,
3641,True,558.44,1048576,1,
3642,True,558.88,1048576,1,
3644,True,557.96,1048576,1,
3643,True,563.24,1048576,1,
3646,True,557.99,1048576,1,
3647,True,560.70,1048576,1,
3645,True,566.64,1048576,1,
3648,True,567.63,1048576,1,
3649,True,450.57,1048576,1,
3650,True,452.00,1048576,1,
3651,True,449.96,1048576,1,
3652,True,449.22,1048576,1,
3656,True,436.25,1048576,1,
3653,True,451.77,1048576,1,
3654,True,450.08,1048576,1,
3655,True,449.62,1048576,1,
3657,True,548.63,1048576,1,
3659,True,545.83,1048576,1,
3663,True,539.21,1048576,1,
3660,True,549.25,1048576,1,
3662,True,546.52,1048576,1,
3664,True,544.84,1048576,1,
3658,True,559.31,1048576,1,
3661,True,556.32,1048576,1,
3665,True,451.40,1048576,1,
3666,True,450.74,1048576,1,
3667,True,449.89,1048576,1,
3671,True,441.83,1048576,1,
3669,True,448.22,1048576,1,
3668,True,451.50,1048576,1,
3670,True,448.44,1048576,1,
3672,True,445.76,1048576,1,
3679,True,524.79,1048576,1,
3674,True,533.58,1048576,1,
3675,True,533.85,1048576,1,
3677,True,532.01,1048576,1,
3680,True,529.49,1048576,1,
3673,True,541.69,1048576,1,
3676,True,539.28,1048576,1,
3678,True,537.79,1048576,1,
3688,True,461.03,1048576,1,
3682,True,474.29,1048576,1,
3685,True,470.83,1048576,1,
3684,True,475.12,1048576,1,
3687,True,471.25,1048576,1,
3681,True,484.24,1048576,1,
3683,True,483.34,1048576,1,
3686,True,482.65,1048576,1,
3689,True,538.07,1048576,1,
3690,True,538.06,1048576,1,
3691,True,538.01,1048576,1,
3695,True,531.14,1048576,1,
3696,True,529.02,1048576,1,
3694,True,537.71,1048576,1,
3693,True,543.60,1048576,1,
3692,True,547.53,1048576,1,
3697,True,522.83,1048576,1,
3704,True,508.32,1048576,1,
3700,True,520.15,1048576,1,
3701,True,520.35,1048576,1,
3699,True,526.31,1048576,1,
3703,True,518.77,1048576,1,
3698,True,532.25,1048576,1,
3702,True,527.07,1048576,1,
3705,True,543.34,1048576,1,
3707,True,542.21,1048576,1,
3708,True,541.60,1048576,1,
3706,True,547.96,1048576,1,
3709,True,543.43,1048576,1,
3712,True,538.56,1048576,1,
3710,True,545.33,1048576,1,
3711,True,545.70,1048576,1,
3715,True,455.28,1048576,1,
3713,True,462.80,1048576,1,
3718,True,453.59,1048576,1,
3717,True,457.76,1048576,1,
3716,True,461.46,1048576,1,
3720,True,455.92,1048576,1,
3714,True,469.39,1048576,1,
3719,True,464.63,1048576,1,
3723,True,546.25,1048576,1,
3725,True,574.92,1048576,1,
3721,True,585.56,1048576,1,
3724,True,581.91,1048576,1,
3722,True,588.73,1048576,1,
3727,True,598.86,1048576,1,
3728,True,597.44,1048576,1,
3726,True,605.49,1048576,1,
3729,True,541.37,1048576,1,
3730,True,525.02,1048576,1,
3731,True,526.33,1048576,1,
3732,True,525.76,1048576,1,
3735,True,501.25,1048576,1,
3736,True,502.54,1048576,1,
3733,True,531.56,1048576,1,
3734,True,528.59,1048576,1,
3737,True,587.19,1048576,1,
3740,True,576.84,1048576,1,
3741,True,578.91,1048576,1,
3739,True,585.52,1048576,1,
3738,True,592.16,1048576,1,
3742,True,592.87,1048576,1,
3743,True,598.78,1048576,1,
3744,True,585.19,1048576,1,
3746,True,552.46,1048576,1,
3745,True,575.24,1048576,1,
3747,True,562.55,1048576,1,
3749,True,558.95,1048576,1,
3748,True,563.22,1048576,1,
3751,True,541.36,1048576,1,
3750,True,552.77,1048576,1,
3752,True,567.64,1048576,1,
3753,True,620.40,1048576,1,
3755,True,608.36,1048576,1,
3757,True,606.82,1048576,1,
3758,True,607.28,1048576,1,
3759,True,608.99,1048576,1,
3756,True,616.22,1048576,1,
3754,True,625.44,1048576,1,
3760,True,589.96,1048576,1,
3761,True,578.15,1048576,1,
3762,True,590.40,1048576,1,
3765,True,587.18,1048576,1,
3764,True,612.76,1048576,1,
3763,True,634.05,1048576,1,
3767,True,667.58,1048576,1,
3766,True,703.14,1048576,1,
3768,True,724.12,1048576,1,
3769,True,542.24,1048576,1,
3770,True,530.97,1048576,1,
3771,True,528.28,1048576,1,
3772,True,507.63,1048576,1,
3773,True,490.97,1048576,1,
3774,True,449.58,1048576,1,
3775,True,423.03,1048576,1,
3776,True,396.04,1048576,1,
3777,True,563.39,1048576,1,
3778,True,564.00,1048576,1,
3784,True,548.46,1048576,1,
3779,True,565.25,1048576,1,
3782,True,559.65,1048576,1,
3783,True,660.12,1048576,1,
3780,True,683.38,1048576,1,
3781,True,702.54,1048576,1,
3785,True,508.73,1048576,1,
3789,True,509.01,1048576,1,
3787,True,521.89,1048576,1,
3786,True,527.10,1048576,1,
3788,True,552.52,1048576,1,
3791,True,457.92,1048576,1,
3790,True,487.46,1048576,1,
3792,True,477.50,1048576,1,
3794,True,647.71,1048576,1,
3793,True,658.50,1048576,1,
3795,True,641.57,1048576,1,
3796,True,640.86,1048576,1,
3798,True,588.81,1048576,1,
3797,True,615.67,1048576,1,
3800,True,551.39,1048576,1,
3799,True,578.93,1048576,1,
3801,True,447.86,1048576,1,
3806,True,439.65,1048576,1,
3805,True,443.13,1048576,1,
3804,True,448.19,1048576,1,
3802,True,453.40,1048576,1,
3807,True,444.72,1048576,1,
3808,True,444.58,1048576,1,
3803,True,457.53,1048576,1,
3812,True,579.18,1048576,1,
3813,True,579.36,1048576,1,
3816,True,574.82,1048576,1,
3809,True,589.19,1048576,1,
3814,True,582.00,1048576,1,
3811,True,588.81,1048576,1,
3810,True,592.03,1048576,1,
3815,True,585.37,1048576,1,
3818,True,431.42,1048576,1,
3821,True,429.28,1048576,1,
3823,True,427.87,1048576,1,
3822,True,430.40,1048576,1,
3824,True,427.64,1048576,1,
3817,True,441.02,1048576,1,
3820,True,438.04,1048576,1,
3819,True,440.73,1048576,1,
3825,True,549.50,1048576,1,
3829,True,544.15,1048576,1,
3828,True,547.75,1048576,1,
3830,True,546.68,1048576,1,
3827,True,553.40,1048576,1,
3832,True,548.13,1048576,1,
3831,True,551.23,1048576,1,
3826,True,560.74,1048576,1,
3834,True,416.12,1048576,1,
3833,True,419.95,1048576,1,
3835,True,418.85,1048576,1,
3837,True,415.99,1048576,1,
3840,True,411.43,1048576,1,
3839,True,415.37,1048576,1,
3838,True,419.21,1048576,1,
3836,True,426.44,1048576,1,
3847,True,591.61,1048576,1,
3848,True,593.59,1048576,1,
3846,True,603.48,1048576,1,
3841,True,615.21,1048576,1,
3843,True,613.08,1048576,1,
3842,True,616.85,1048576,1,
3844,True,615.01,1048576,1,
3845,True,616.36,1048576,1,
3851,True,451.13,1048576,1,
3855,True,444.48,1048576,1,
3849,True,464.24,1048576,1,
3853,True,452.31,1048576,1,
3852,True,457.22,1048576,1,
3854,True,455.40,1048576,1,
3850,True,468.09,1048576,1,
3856,True,455.58,1048576,1,
3857,True,527.39,1048576,1,
3860,True,523.19,1048576,1,
3861,True,523.75,1048576,1,
3858,True,533.39,1048576,1,
3863,True,524.84,1048576,1,
3864,True,524.02,1048576,1,
3859,True,539.33,1048576,1,
3862,True,534.84,1048576,1,
3865,True,428.94,1048576,1,
3866,True,429.71,1048576,1,
3872,True,414.92,1048576,1,
3870,True,422.25,1048576,1,
3867,True,430.91,1048576,1,
3868,True,429.89,1048576,1,
3871,True,424.00,1048576,1,
3869,True,430.70,1048576,1,
3874,True,523.37,1048576,1,
3878,True,518.79,1048576,1,
3873,True,529.72,1048576,1,
3877,True,525.80,1048576,1,
3875,True,530.51,1048576,1,
3876,True,531.22,1048576,1,
3879,True,529.99,1048576,1,
3880,True,530.26,1048576,1,
3887,True,464.21,1048576,1,
3882,True,478.40,1048576,1,
3883,True,478.17,1048576,1,
3886,True,474.31,1048576,1,
3884,True,479.97,1048576,1,
3881,True,490.21,1048576,1,
3885,True,483.77,1048576,1,
3888,True,478.11,1048576,1,
3892,True,537.20,1048576,1,
3891,True,541.72,1048576,1,
3896,True,530.73,1048576,1,
3889,True,548.24,1048576,1,
3894,True,537.78,1048576,1,
3895,True,536.99,1048576,1,
3890,True,551.78,1048576,1,
3893,True,548.67,1048576,1,
3904,True,473.16,1048576,1,
3898,True,487.02,1048576,1,
3899,True,487.65,1048576,1,
3903,True,484.21,1048576,1,
3902,True,488.15,1048576,1,
3901,True,492.24,1048576,1,
3900,True,495.77,1048576,1,
3897,True,503.65,1048576,1,
3905,True,557.53,1048576,1,
3906,True,558.24,1048576,1,
3909,True,553.46,1048576,1,
3910,True,552.45,1048576,1,
3911,True,552.24,1048576,1,
3912,True,551.91,1048576,1,
3908,True,564.80,1048576,1,
3907,True,570.05,1048576,1,
3913,True,473.34,1048576,1,
3914,True,473.18,1048576,1,
3916,True,471.09,1048576,1,
3919,True,464.81,1048576,1,
3915,True,475.86,1048576,1,
3918,True,471.94,1048576,1,
3917,True,476.59,1048576,1,
3920,True,469.63,1048576,1,
3926,True,578.28,1048576,1,
3925,True,582.33,1048576,1,
3924,True,585.13,1048576,1,
3928,True,580.41,1048576,1,
3927,True,583.04,1048576,1,
3923,True,592.88,1048576,1,
3922,True,596.37,1048576,1,
3921,True,600.35,1048576,1,
3931,True,451.89,1048576,1,
3929,True,456.14,1048576,1,
3932,True,453.16,1048576,1,
3930,True,457.50,1048576,1,
3936,True,448.78,1048576,1,
3934,True,453.14,1048576,1,
3933,True,457.02,1048576,1,
3935,True,455.27,1048576,1,
3940,True,546.83,1048576,1,
3942,True,545.47,1048576,1,
3937,True,554.01,1048576,1,
3938,True,554.25,1048576,1,
3939,True,554.22,1048576,1,
3941,True,552.50,1048576,1,
3944,True,552.51,1048576,1,
3943,True,557.71,1048576,1,
3946,True,432.17,1048576,1,
3949,True,429.04,1048576,1,
3951,True,423.91,1048576,1,
3952,True,423.55,1048576,1,
3947,True,437.64,1048576,1,
3948,True,437.84,1048576,1,
3945,True,444.04,1048576,1,
3950,True,440.50,1048576,1,
3953,True,553.67,1048576,1,
3954,True,553.89,1048576,1,
3955,True,554.04,1048576,1,
3957,True,552.30,1048576,1,
3959,True,550.67,1048576,1,
3960,True,548.02,1048576,1,
3956,True,559.49,1048576,1,
3958,True,556.75,1048576,1,
3962,True,453.19,1048576,1,
3961,True,456.04,1048576,1,
3968,True,445.52,1048576,1,
3964,True,453.70,1048576,1,
3963,True,458.58,1048576,1,
3966,True,454.45,1048576,1,
3965,True,458.43,1048576,1,
3967,True,456.81,1048576,1,
3974,True,525.55,1048576,1,
3970,True,534.13,1048576,1,
3971,True,534.39,1048576,1,
3969,True,538.71,1048576,1,
3973,True,533.24,1048576,1,
3976,True,529.75,1048576,1,
3975,True,532.74,1048576,1,
3972,True,540.10,1048576,1,
3978,True,448.95,1048576,1,
3982,True,443.50,1048576,1,
3979,True,450.24,1048576,1,
3977,True,455.46,1048576,1,
3981,True,450.56,1048576,1,
3980,True,454.06,1048576,1,
3984,True,449.18,1048576,1,
3983,True,451.91,1048576,1,
3986,True,548.20,1048576,1,
3985,True,551.12,1048576,1,
3989,True,546.87,1048576,1,
3991,True,546.00,1048576,1,
3992,True,546.03,1048576,1,
3987,True,555.51,1048576,1,
3988,True,555.47,1048576,1,
3990,True,555.15,1048576,1,
3994,True,438.33,1048576,1,
3993,True,441.33,1048576,1,
3996,True,438.30,1048576,1,
4000,True,432.04,1048576,1,
3995,True,444.46,1048576,1,
3998,True,440.95,1048576,1,
3997,True,445.12,1048576,1,
3999,True,447.46,1048576,1,
4001,True,554.36,1048576,1,
4002,True,554.20,1048576,1,
4003,True,554.63,1048576,1,
4005,True,552.57,1048576,1,
4004,True,556.04,1048576,1,
4006,True,554.06,1048576,1,
4007,True,554.17,1048576,1,
4008,True,550.95,1048576,1,
4010,True,453.23,1048576,1,
4015,True,444.09,1048576,1,
4012,True,452.78,1048576,1,
4009,True,461.83,1048576,1,
4011,True,458.99,1048576,1,
4014,True,455.62,1048576,1,
4016,True,452.44,1048576,1,
4013,True,461.97,1048576,1,
4023,True,530.74,1048576,1,
4018,True,543.87,1048576,1,
4021,True,539.40,1048576,1,
4017,True,551.10,1048576,1,
4022,True,541.90,1048576,1,
4019,True,552.39,1048576,1,
4024,True,545.26,1048576,1,
4020,True,557.69,1048576,1,
4025,True,429.75,1048576,1,
4028,True,425.78,1048576,1,
4026,True,432.15,1048576,1,
4029,True,427.47,1048576,1,
4027,True,434.21,1048576,1,
4030,True,428.41,1048576,1,
4031,True,426.40,1048576,1,
4032,True,424.42,1048576,1,
4033,True,516.13,1048576,1,
4035,True,515.10,1048576,1,
4034,True,518.11,1048576,1,
4039,True,509.67,1048576,1,
4037,True,516.01,1048576,1,
4038,True,515.27,1048576,1,
4040,True,513.60,1048576,1,
4036,True,527.58,1048576,1,
4042,True,453.80,1048576,1,
4045,True,449.97,1048576,1,
4044,True,453.61,1048576,1,
4048,True,444.29,1048576,1,
4041,True,463.71,1048576,1,
4047,True,451.85,1048576,1,
4043,True,461.14,1048576,1,
4046,True,457.39,1048576,1,
4054,True,532.59,1048576,1,
4050,True,540.59,1048576,1,
4049,True,544.61,1048576,1,
4055,True,537.87,1048576,1,
4051,True,545.26,1048576,1,
4052,True,546.50,1048576,1,
4053,True,546.96,1048576,1,
4056,True,545.55,1048576,1,
4057,True,474.25,1048576,1,
4058,True,475.64,1048576,1,
4063,True,465.98,1048576,1,
4060,True,474.85,1048576,1,
4064,True,467.87,1048576,1,
4062,True,476.27,1048576,1,
4059,True,485.55,1048576,1,
4061,True,483.05,1048576,1,
4065,True,532.43,1048576,1,
4070,True,522.22,1048576,1,
4068,True,530.11,1048576,1,
4067,True,534.14,1048576,1,
4066,True,537.87,1048576,1,
4071,True,529.72,1048576,1,
4069,True,538.42,1048576,1,
4072,True,533.10,1048576,1,
4073,True,449.22,1048576,1,
4074,True,449.16,1048576,1,
4076,True,447.63,1048576,1,
4077,True,447.15,1048576,1,
4080,True,439.76,1048576,1,
4078,True,447.22,1048576,1,
4075,True,457.37,1048576,1,
4079,True,447.38,1048576,1,
4081,True,538.86,1048576,1,
4084,True,534.18,1048576,1,
4085,True,535.63,1048576,1,
4087,True,533.55,1048576,1,
4082,True,545.75,1048576,1,
4088,True,538.41,1048576,1,
4083,True,582.12,1048576,1,
4086,True,592.31,1048576,1,
4090,True,507.45,1048576,1,
4093,True,501.46,1048576,1,
4091,True,508.14,1048576,1,
4092,True,507.97,1048576,1,
4089,True,518.45,1048576,1,
4094,True,505.62,1048576,1,
4095,True,474.79,1048576,1,
4096,True,460.43,1048576,1,
4099,True,546.54,1048576,1,
4104,True,537.11,1048576,1,
4097,True,553.75,1048576,1,
4098,True,554.95,1048576,1,
4101,True,550.06,1048576,1,
4102,True,549.98,1048576,1,
4100,True,556.62,1048576,1,
4103,True,551.16,1048576,1,
4105,True,462.06,1048576,1,
4112,True,451.18,1048576,1,
4107,True,463.30,1048576,1,
4111,True,456.28,1048576,1,
4106,True,469.75,1048576,1,
4109,True,464.80,1048576,1,
4110,True,466.46,1048576,1,
4108,True,471.81,1048576,1,
4115,True,543.76,1048576,1,
4113,True,550.56,1048576,1,
4120,True,536.51,1048576,1,
4114,True,551.99,1048576,1,
4119,True,542.82,1048576,1,
4118,True,549.01,1048576,1,
4116,True,555.79,1048576,1,
4117,True,555.32,1048576,1,
4121,True,419.68,1048576,1,
4122,True,418.91,1048576,1,
4124,True,417.96,1048576,1,
4123,True,422.21,1048576,1,
4126,True,416.61,1048576,1,
4128,True,413.95,1048576,1,
4127,True,418.80,1048576,1,
4125,True,426.93,1048576,1,
4130,True,546.76,1048576,1,
4129,True,550.77,1048576,1,
4135,True,539.88,1048576,1,
4132,True,547.54,1048576,1,
4131,True,551.01,1048576,1,
4136,True,544.62,1048576,1,
4133,True,554.28,1048576,1,
4134,True,554.41,1048576,1,
4144,True,444.32,1048576,1,
4137,True,462.24,1048576,1,
4142,True,451.36,1048576,1,
4139,True,461.00,1048576,1,
4138,True,464.35,1048576,1,
4140,True,461.84,1048576,1,
4143,True,454.79,1048576,1,
4141,True,463.07,1048576,1,
4145,True,503.13,1048576,1,
4152,True,494.61,1048576,1,
4149,True,500.34,1048576,1,
4147,True,505.38,1048576,1,
4151,True,501.17,1048576,1,
4148,True,507.01,1048576,1,
4146,True,511.75,1048576,1,
4150,True,507.99,1048576,1,
4159,True,442.27,1048576,1,
4153,True,453.63,1048576,1,
4160,True,444.88,1048576,1,
4156,True,453.19,1048576,1,
4157,True,453.44,1048576,1,
4154,True,460.40,1048576,1,
4155,True,462.85,1048576,1,
4158,True,460.25,1048576,1,
4165,True,552.81,1048576,1,
4162,True,561.89,1048576,1,
4164,True,559.82,1048576,1,
4166,True,559.37,1048576,1,
4161,True,573.00,1048576,1,
4167,True,561.76,1048576,1,
4168,True,562.40,1048576,1,
4163,True,577.07,1048576,1,
4169,True,494.48,1048576,1,
4174,True,480.72,1048576,1,
4171,True,492.34,1048576,1,
4175,True,480.74,1048576,1,
4173,True,488.09,1048576,1,
4176,True,482.00,1048576,1,
4170,True,501.52,1048576,1,
4172,True,498.11,1048576,1,
4180,True,537.98,1048576,1,
4178,True,543.75,1048576,1,
4183,True,538.02,1048576,1,
4177,True,549.19,1048576,1,
4184,True,538.61,1048576,1,
4179,True,549.45,1048576,1,
4182,True,546.37,1048576,1,
4181,True,552.13,1048576,1,
4186,True,458.79,1048576,1,
4189,True,454.24,1048576,1,
4187,True,459.02,1048576,1,
4192,True,450.14,1048576,1,
4185,True,467.28,1048576,1,
4191,True,456.44,1048576,1,
4190,True,459.61,1048576,1,
4188,True,464.44,1048576,1,
4197,True,509.24,1048576,1,
4195,True,514.13,1048576,1,
4199,True,510.52,1048576,1,
4198,True,513.89,1048576,1,
4196,True,520.81,1048576,1,
4194,True,526.33,1048576,1,
4200,True,521.58,1048576,1,
4193,True,534.36,1048576,1,
4202,True,471.26,1048576,1,
4208,True,455.17,1048576,1,
4201,True,476.07,1048576,1,
4203,True,474.57,1048576,1,
4207,True,464.24,1048576,1,
4204,True,477.28,1048576,1,
4206,True,472.85,1048576,1,
4205,True,477.52,1048576,1,
4209,True,523.66,1048576,1,
4211,True,523.89,1048576,1,
4213,True,521.30,1048576,1,
4216,True,515.44,1048576,1,
4212,True,527.06,1048576,1,
4210,True,535.05,1048576,1,
4215,True,527.71,1048576,1,
4214,True,533.81,1048576,1,
4217,True,471.31,1048576,1,
4220,True,467.56,1048576,1,
4218,True,472.70,1048576,1,
4221,True,468.60,1048576,1,
4222,True,467.26,1048576,1,
4219,True,477.15,1048576,1,
4224,True,464.05,1048576,1,
4223,True,469.67,1048576,1,
4230,True,532.34,1048576,1,
4231,True,531.56,1048576,1,
4226,True,542.98,1048576,1,
4229,True,538.72,1048576,1,
4225,True,548.95,1048576,1,
4227,True,545.81,1048576,1,
4232,True,536.01,1048576,1,
4228,True,546.34,1048576,1,
4239,True,448.01,1048576,1,
4233,True,457.73,1048576,1,
4234,True,457.97,1048576,1,
4236,True,457.06,1048576,1,
4238,True,455.63,1048576,1,
4235,True,461.99,1048576,1,
4240,True,456.59,1048576,1,
4237,True,461.83,1048576,1,
4247,True,559.42,1048576,1,
4246,True,562.33,1048576,1,
4242,True,572.74,1048576,1,
4244,True,571.10,1048576,1,
4243,True,575.33,1048576,1,
4241,True,579.86,1048576,1,
4248,True,571.19,1048576,1,
4245,True,579.67,1048576,1,
4249,True,437.12,1048576,1,
4250,True,436.91,1048576,1,
4251,True,436.50,1048576,1,
4254,True,432.69,1048576,1,
4255,True,432.39,1048576,1,
4252,True,440.70,1048576,1,
4253,True,442.00,1048576,1,
4256,True,437.20,1048576,1,
4257,True,510.83,1048576,1,
4258,True,514.20,1048576,1,
4262,True,507.64,1048576,1,
4260,True,515.18,1048576,1,
4259,True,520.32,1048576,1,
4263,True,517.65,1048576,1,
4261,True,526.23,1048576,1,
4264,True,520.79,1048576,1,
4265,True,465.36,1048576,1,
4266,True,463.86,1048576,1,
4270,True,449.27,1048576,1,
4267,True,464.37,1048576,1,
4269,True,459.71,1048576,1,
4271,True,452.49,1048576,1,
4268,True,468.18,1048576,1,
4272,True,453.94,1048576,1,
4273,True,476.70,1048576,1,
4277,True,470.76,1048576,1,
4274,True,481.97,1048576,1,
4278,True,476.80,1048576,1,
4275,True,489.48,1048576,1,
4279,True,498.33,1048576,1,
4276,True,511.49,1048576,1,
4280,True,505.43,1048576,1,
4283,True,493.43,1048576,1,
4281,True,504.28,1048576,1,
4285,True,488.95,1048576,1,
4286,True,473.29,1048576,1,
4288,True,465.31,1048576,1,
4284,True,500.73,1048576,1,
4282,True,511.16,1048576,1,
4287,True,474.27,1048576,1,
4292,True,439.19,1048576,1,
4295,True,436.22,1048576,1,
4294,True,440.95,1048576,1,
4290,True,451.98,1048576,1,
4289,True,458.40,1048576,1,
4291,True,455.94,1048576,1,
4293,True,455.87,1048576,1,
4296,True,452.63,1048576,1,
4298,True,557.03,1048576,1,
4303,True,542.84,1048576,1,
4299,True,557.34,1048576,1,
4304,True,543.25,1048576,1,
4300,True,556.44,1048576,1,
4302,True,551.71,1048576,1,
4301,True,555.16,1048576,1,
4297,True,569.73,1048576,1,
4307,True,455.93,1048576,1,
4306,True,459.65,1048576,1,
4311,True,457.75,1048576,1,
4310,True,460.83,1048576,1,
4305,True,473.73,1048576,1,
4312,True,466.97,1048576,1,
4309,True,474.29,1048576,1,
4308,True,515.89,1048576,1,
4313,True,498.86,1048576,1,
4319,True,478.72,1048576,1,
4318,True,483.88,1048576,1,
4316,True,496.13,1048576,1,
4315,True,499.84,1048576,1,
4314,True,506.02,1048576,1,
4320,True,449.90,1048576,1,
4317,True,498.53,1048576,1,
4321,True,450.69,1048576,1,
4322,True,451.54,1048576,1,
4324,True,452.96,1048576,1,
4323,True,458.74,1048576,1,
4327,True,453.92,1048576,1,
4326,True,460.47,1048576,1,
4325,True,468.06,1048576,1,
4328,True,468.23,1048576,1,
4336,True,589.95,1048576,1,
4330,True,622.11,1048576,1,
4331,True,617.15,1048576,1,
4329,True,628.93,1048576,1,
4332,True,618.52,1048576,1,
4334,True,613.02,1048576,1,
4333,True,618.76,1048576,1,
4335,True,610.47,1048576,1,
4343,True,478.29,1048576,1,
4342,True,481.48,1048576,1,
4338,True,491.65,1048576,1,
4344,True,481.51,1048576,1,
4339,True,493.05,1048576,1,
4337,True,497.80,1048576,1,
4340,True,492.85,1048576,1,
4341,True,493.70,1048576,1,
4351,True,456.08,1048576,1,
4349,True,460.17,1048576,1,
4350,True,459.83,1048576,1,
4345,True,468.78,1048576,1,
4352,True,459.63,1048576,1,
4346,True,470.87,1048576,1,
4347,True,471.91,1048576,1,
4348,True,471.69,1048576,1,
4358,True,433.25,1048576,1,
4355,True,440.34,1048576,1,
4359,True,436.44,1048576,1,
4357,True,442.04,1048576,1,
4356,True,446.69,1048576,1,
4360,True,442.43,1048576,1,
4353,True,461.45,1048576,1,
4354,True,506.80,1048576,1,
4361,True,643.01,1048576,1,
4362,True,644.47,1048576,1,
4365,True,638.00,1048576,1,
4367,True,629.19,1048576,1,
4363,True,647.41,1048576,1,
4364,True,648.44,1048576,1,
4366,True,644.40,1048576,1,
4368,True,591.96,1048576,1,
4369,True,531.38,1048576,1,
4370,True,530.06,1048576,1,
4376,True,519.38,1048576,1,
4372,True,531.21,1048576,1,
4371,True,535.54,1048576,1,
4375,True,528.62,1048576,1,
4373,True,535.96,1048576,1,
4374,True,537.38,1048576,1,
4378,True,486.74,1048576,1,
4383,True,477.78,1048576,1,
4381,True,484.72,1048576,1,
4380,True,488.98,1048576,1,
4384,True,478.88,1048576,1,
4382,True,488.22,1048576,1,
4377,True,502.40,1048576,1,
4379,True,499.60,1048576,1,
4385,True,531.42,1048576,1,
4386,True,530.80,1048576,1,
4388,True,531.89,1048576,1,
4387,True,537.47,1048576,1,
4390,True,533.94,1048576,1,
4392,True,534.81,1048576,1,
4391,True,580.39,1048576,1,
4389,True,646.34,1048576,1,
4393,True,521.31,1048576,1,
4396,True,513.18,1048576,1,
4394,True,523.07,1048576,1,
4395,True,520.08,1048576,1,
4397,True,515.93,1048576,1,
4398,True,513.52,1048576,1,
4400,True,410.59,1048576,1,
4399,True,474.10,1048576,1,
4407,True,522.67,1048576,1,
4401,True,537.66,1048576,1,
4405,True,530.03,1048576,1,
4402,True,537.98,1048576,1,
4408,True,527.62,1048576,1,
4403,True,540.05,1048576,1,
4404,True,539.70,1048576,1,
4406,True,536.92,1048576,1,
4415,True,461.05,1048576,1,
4416,True,460.75,1048576,1,
4412,True,469.42,1048576,1,
4413,True,469.61,1048576,1,
4414,True,470.37,1048576,1,
4410,True,478.97,1048576,1,
4411,True,479.03,1048576,1,
4409,True,483.89,1048576,1,
4418,True,540.54,1048576,1,
4417,True,543.90,1048576,1,
4419,True,542.89,1048576,1,
4422,True,538.91,1048576,1,
4421,True,542.99,1048576,1,
4424,True,541.91,1048576,1,
4423,True,545.97,1048576,1,
4420,True,555.25,1048576,1,
4429,True,479.23,1048576,1,
4427,True,485.53,1048576,1,
4430,True,478.99,1048576,1,
4432,True,475.08,1048576,1,
4431,True,481.12,1048576,1,
4428,True,491.07,1048576,1,
4425,True,498.80,1048576,1,
4426,True,503.42,1048576,1,
4436,True,513.60,1048576,1,
4437,True,512.37,1048576,1,
4433,True,521.58,1048576,1,
4435,True,519.38,1048576,1,
4440,True,506.78,1048576,1,
4438,True,516.28,1048576,1,
4434,True,525.00,1048576,1,
4439,True,519.80,1048576,1,
4443,True,437.72,1048576,1,
4444,True,437.75,1048576,1,
4446,True,436.58,1048576,1,
4447,True,436.84,1048576,1,
4445,True,440.74,1048576,1,
4442,True,446.43,1048576,1,
4448,True,437.52,1048576,1,
4441,True,452.67,1048576,1,
4452,True,490.28,1048576,1,
4450,True,494.63,1048576,1,
4456,True,486.52,1048576,1,
4454,True,494.67,1048576,1,
4451,True,503.33,1048576,1,
4455,True,501.49,1048576,1,
4449,True,513.71,1048576,1,
4453,True,511.06,1048576,1,
4463,True,480.80,1048576,1,
4459,True,497.64,1048576,1,
4461,True,491.37,1048576,1,
4464,True,483.40,1048576,1,
4458,True,507.32,1048576,1,
4457,True,511.47,1048576,1,
4462,True,497.94,1048576,1,
4460,True,508.61,1048576,1,
4465,True,505.44,1048576,1,
4467,True,516.33,1048576,1,
4466,True,520.92,1048576,1,
4472,True,509.29,1048576,1,
4470,True,517.32,1048576,1,
4471,True,521.30,1048576,1,
4469,True,565.01,1048576,1,
4468,True,571.67,1048576,1,
4473,True,457.19,1048576,1,
4476,True,457.99,1048576,1,
4474,True,469.24,1048576,1,
4478,True,459.45,1048576,1,
4480,True,419.73,1048576,1,
4475,True,476.68,1048576,1,
4477,True,478.00,1048576,1,
4479,True,462.52,1048576,1,
4481,True,513.64,1048576,1,
4483,True,502.20,1048576,1,
4482,True,522.39,1048576,1,
4484,True,513.63,1048576,1,
4488,True,475.34,1048576,1,
4485,True,519.67,1048576,1,
4487,True,514.78,1048576,1,
4486,True,528.33,1048576,1,
4490,True,473.82,1048576,1,
4489,True,489.92,1048576,1,
4492,True,461.21,1048576,1,
4491,True,465.29,1048576,1,
4494,True,456.24,1048576,1,
4493,True,463.61,1048576,1,
4495,True,455.65,1048576,1,
4496,True,450.93,1048576,1,
4500,True,471.21,1048576,1,
4504,True,468.54,1048576,1,
4502,True,474.38,1048576,1,
4497,True,487.23,1048576,1,
4499,True,485.74,1048576,1,
4501,True,488.13,1048576,1,
4498,True,498.15,1048576,1,
4503,True,490.86,1048576,1,
4505,True,508.47,1048576,1,
4506,True,508.04,1048576,1,
4507,True,506.84,1048576,1,
4511,True,493.61,1048576,1,
4508,True,507.52,1048576,1,
4510,True,500.04,1048576,1,
4512,True,495.81,1048576,1,
4509,True,511.15,1048576,1,
4513,True,437.43,1048576,1,
4515,True,434.79,1048576,1,
4518,True,433.91,1048576,1,
4519,True,435.20,1048576,1,
4517,True,441.46,1048576,1,
4520,True,437.51,1048576,1,
4516,True,451.70,1048576,1,
4514,True,460.85,1048576,1,
4522,True,565.68,1048576,1,
4523,True,563.02,1048576,1,
4524,True,561.45,1048576,1,
4527,True,552.96,1048576,1,
4521,True,575.69,1048576,1,
4525,True,564.97,1048576,1,
4528,True,553.05,1048576,1,
4526,True,566.26,1048576,1,
4529,True,489.64,1048576,1,
4533,True,497.15,1048576,1,
4530,True,506.93,1048576,1,
4535,True,511.07,1048576,1,
4534,True,525.51,1048576,1,
4532,True,532.36,1048576,1,
4531,True,569.60,1048576,1,
4536,True,632.25,1048576,1,
4537,True,543.71,1048576,1,
4538,True,531.18,1048576,1,
4539,True,529.64,1048576,1,
4541,True,504.12,1048576,1,
4540,True,517.84,1048576,1,
4542,True,503.83,1048576,1,
4543,True,471.32,1048576,1,
4544,True,399.38,1048576,1,
4549,True,463.88,1048576,1,
4548,True,467.54,1048576,1,
4546,True,474.14,1048576,1,
4547,True,475.92,1048576,1,
4552,True,471.02,1048576,1,
4551,True,476.24,1048576,1,
4550,True,482.10,1048576,1,
4545,True,496.25,1048576,1,
4554,True,513.92,1048576,1,
4556,True,510.34,1048576,1,
4557,True,509.36,1048576,1,
4553,True,523.18,1048576,1,
4559,True,505.17,1048576,1,
4555,True,521.91,1048576,1,
4560,True,505.41,1048576,1,
4558,True,517.70,1048576,1,
4561,True,505.16,1048576,1,
4565,True,499.64,1048576,1,
4563,True,505.22,1048576,1,
4564,True,505.22,1048576,1,
4567,True,500.42,1048576,1,
4568,True,499.74,1048576,1,
4562,True,515.37,1048576,1,
4566,True,510.46,1048576,1,
4575,True,450.70,1048576,1,
4572,True,458.92,1048576,1,
4569,True,467.25,1048576,1,
4574,True,456.36,1048576,1,
4573,True,464.06,1048576,1,
4570,True,472.04,1048576,1,
4571,True,472.23,1048576,1,
4576,True,462.19,1048576,1,
4581,True,452.97,1048576,1,
4579,True,461.28,1048576,1,
4578,True,464.41,1048576,1,
4580,True,463.21,1048576,1,
4584,True,454.56,1048576,1,
4582,True,459.48,1048576,1,
4583,True,458.78,1048576,1,
4577,True,473.58,1048576,1,
4591,True,595.10,1048576,1,
4587,True,602.38,1048576,1,
4588,True,602.36,1048576,1,
4586,True,606.93,1048576,1,
4589,True,603.77,1048576,1,
4585,True,612.04,1048576,1,
4592,True,602.28,1048576,1,
4590,True,606.75,1048576,1,
4598,True,447.00,1048576,1,
4596,True,452.18,1048576,1,
4599,True,452.54,1048576,1,
4595,True,461.40,1048576,1,
4600,True,456.06,1048576,1,
4593,True,469.13,1048576,1,
4594,True,471.66,1048576,1,
4597,True,476.01,1048576,1,
4601,True,499.19,1048576,1,
4602,True,499.25,1048576,1,
4607,True,484.69,1048576,1,
4604,True,495.19,1048576,1,
4608,True,478.66,1048576,1,
4605,True,496.41,1048576,1,
4603,True,503.00,1048576,1,
4606,True,498.28,1048576,1,
4609,True,461.69,1048576,1,
4615,True,452.21,1048576,1,
4614,True,455.27,1048576,1,
4610,True,463.77,1048576,1,
4611,True,464.30,1048576,1,
4616,True,456.85,1048576,1,
4612,True,466.62,1048576,1,
4613,True,467.56,1048576,1,
4617,True,540.37,1048576,1,
4620,True,538.13,1048576,1,
4624,True,531.45,1048576,1,
4621,True,539.27,1048576,1,
4622,True,538.35,1048576,1,
4619,True,545.68,1048576,1,
4623,True,540.26,1048576,1,
4618,True,551.42,1048576,1,
4626,True,450.19,1048576,1,
4625,True,455.30,1048576,1,
4629,True,450.14,1048576,1,
4630,True,450.47,1048576,1,
4627,True,456.36,1048576,1,
4628,True,459.67,1048576,1,
4631,True,457.74,1048576,1,
4632,True,461.72,1048576,1,
4633,True,550.26,1048576,1,
4638,True,539.02,1048576,1,
4635,True,549.32,1048576,1,
4636,True,549.34,1048576,1,
4637,True,548.97,1048576,1,
4639,True,542.37,1048576,1,
4640,True,538.11,1048576,1,
4634,True,560.89,1048576,1,
4641,True,485.68,1048576,1,
4642,True,485.03,1048576,1,
4647,True,480.91,1048576,1,
4645,True,485.86,1048576,1,
4646,True,485.90,1048576,1,
4644,True,491.32,1048576,1,
4643,True,496.83,1048576,1,
4648,True,490.08,1048576,1,
4654,True,533.04,1048576,1,
4655,True,530.56,1048576,1,
4656,True,528.22,1048576,1,
4649,True,548.38,1048576,1,
4650,True,548.39,1048576,1,
4651,True,545.72,1048576,1,
4653,True,543.78,1048576,1,
4652,True,547.73,1048576,1,
4659,True,472.96,1048576,1,
4658,True,477.34,1048576,1,
4657,True,481.09,1048576,1,
4660,True,479.39,1048576,1,
4663,True,477.36,1048576,1,
4662,True,483.52,1048576,1,
4661,True,486.88,1048576,1,
4664,True,485.49,1048576,1,
4665,True,564.33,1048576,1,
4671,True,550.71,1048576,1,
4670,True,554.25,1048576,1,
4668,True,563.05,1048576,1,
4666,True,569.65,1048576,1,
4669,True,564.44,1048576,1,
4672,True,556.53,1048576,1,
4667,True,578.14,1048576,1,
4677,True,495.78,1048576,1,
4674,True,503.51,1048576,1,
4675,True,504.27,1048576,1,
4678,True,503.33,1048576,1,
4676,True,510.31,1048576,1,
4673,True,520.40,1048576,1,
4679,True,509.96,1048576,1,
4680,True,508.34,1048576,1,
4684,True,574.33,1048576,1,
4688,True,565.26,1048576,1,
4682,True,588.11,1048576,1,
4686,True,575.78,1048576,1,
4681,True,593.32,1048576,1,
4687,True,576.11,1048576,1,
4683,True,591.71,1048576,1,
4685,True,585.65,1048576,1,
4690,True,564.45,1048576,1,
4694,True,560.31,1048576,1,
4696,True,560.74,1048576,1,
4695,True,565.12,1048576,1,
4689,True,579.77,1048576,1,
4693,True,574.78,1048576,1,
4691,True,580.67,1048576,1,
4692,True,581.07,1048576,1,
4697,True,479.54,1048576,1,
4698,True,479.60,1048576,1,
4704,True,463.62,1048576,1,
4702,True,469.91,1048576,1,
4703,True,468.69,1048576,1,
4701,True,477.85,1048576,1,
4699,True,485.23,1048576,1,
4700,True,485.99,1048576,1,
4711,True,572.64,1048576,1,
4708,True,580.77,1048576,1,
4706,True,586.03,1048576,1,
4707,True,586.62,1048576,1,
4710,True,583.37,1048576,1,
4709,True,587.03,1048576,1,
4712,True,581.64,1048576,1,
4705,True,599.63,1048576,1,
4713,True,517.40,1048576,1,
4720,True,505.97,1048576,1,
4718,True,513.70,1048576,1,
4714,True,523.86,1048576,1,
4717,True,520.22,1048576,1,
4719,True,519.89,1048576,1,
4716,True,529.03,1048576,1,
4715,True,535.53,1048576,1,
4721,True,540.20,1048576,1,
4723,True,537.65,1048576,1,
4722,True,541.43,1048576,1,
4725,True,536.08,1048576,1,
4726,True,533.72,1048576,1,
4724,True,593.65,1048576,1,
4727,True,631.95,1048576,1,
4728,True,645.56,1048576,1,
4729,True,496.81,1048576,1,
4732,True,491.85,1048576,1,
4733,True,491.60,1048576,1,
4731,True,496.25,1048576,1,
4730,True,500.07,1048576,1,
4734,True,442.97,1048576,1,
4735,True,397.47,1048576,1,
4736,True,547.50,1048576,1,
4737,True,626.00,1048576,1,
4739,True,625.44,1048576,1,
4743,True,620.99,1048576,1,
4742,True,624.87,1048576,1,
4741,True,628.90,1048576,1,
4740,True,632.79,1048576,1,
4738,True,638.44,1048576,1,
4744,True,463.94,1048576,1,
4745,True,460.98,1048576,1,
4748,True,455.93,1048576,1,
4752,True,448.00,1048576,1,
4747,True,460.45,1048576,1,
4746,True,464.10,1048576,1,
4749,True,458.56,1048576,1,
4750,True,457.88,1048576,1,
4751,True,456.30,1048576,1,
4757,True,544.05,1048576,1,
4754,True,549.49,1048576,1,
4756,True,548.11,1048576,1,
4755,True,551.10,1048576,1,
4753,True,555.38,1048576,1,
4760,True,547.40,1048576,1,
4758,True,552.77,1048576,1,
4759,True,553.71,1048576,1,
4768,True,441.01,1048576,1,
4766,True,447.80,1048576,1,
4763,True,455.22,1048576,1,
4765,True,454.17,1048576,1,
4762,True,460.32,1048576,1,
4767,True,454.11,1048576,1,
4764,True,463.12,1048576,1,
4761,True,473.04,1048576,1,
4769,True,527.11,1048576,1,
4770,True,528.80,1048576,1,
4775,True,517.53,1048576,1,
4773,True,525.45,1048576,1,
4774,True,526.71,1048576,1,
4776,True,521.03,1048576,1,
4772,True,536.24,1048576,1,
4771,True,540.29,1048576,1,
4777,True,438.28,1048576,1,
4779,True,436.57,1048576,1,
4783,True,427.63,1048576,1,
4781,True,434.29,1048576,1,
4784,True,428.94,1048576,1,
4782,True,435.81,1048576,1,
4778,True,448.82,1048576,1,
4780,True,446.55,1048576,1,
4787,True,542.10,1048576,1,
4792,True,533.37,1048576,1,
4790,True,538.26,1048576,1,
4788,True,545.31,1048576,1,
4791,True,539.86,1048576,1,
4786,True,551.62,1048576,1,
4789,True,548.57,1048576,1,
4785,True,559.50,1048576,1,
4797,True,542.48,1048576,1,
4798,True,542.25,1048576,1,
4800,True,539.34,1048576,1,
4794,True,551.74,1048576,1,
4799,True,545.11,1048576,1,
4796,True,551.56,1048576,1,
4793,True,557.84,1048576,1,
4795,True,557.49,1048576,1,
4807,True,553.61,1048576,1,
4801,True,563.94,1048576,1,
4808,True,554.12,1048576,1,
4802,True,565.47,1048576,1,
4803,True,565.77,1048576,1,
4805,True,563.98,1048576,1,
4806,True,563.87,1048576,1,
4804,True,569.56,1048576,1,
4813,True,430.81,1048576,1,
4815,True,429.49,1048576,1,
4811,True,437.00,1048576,1,
4812,True,436.90,1048576,1,
4814,True,435.59,1048576,1,
4810,True,444.64,1048576,1,
4809,True,447.47,1048576,1,
4816,True,437.97,1048576,1,
4817,True,533.06,1048576,1,
4824,True,522.28,1048576,1,
4819,True,533.10,1048576,1,
4820,True,533.21,1048576,1,
4823,True,528.88,1048576,1,
4818,True,539.20,1048576,1,
4821,True,536.05,1048576,1,
4822,True,534.86,1048576,1,
4825,True,455.06,1048576,1,
4827,True,455.36,1048576,1,
4826,True,458.51,1048576,1,
4828,True,457.61,1048576,1,
4832,True,452.61,1048576,1,
4831,True,456.55,1048576,1,
4830,True,461.16,1048576,1,
4829,True,464.37,1048576,1,
4834,True,552.13,1048576,1,
4836,True,549.97,1048576,1,
4840,True,542.96,1048576,1,
4838,True,550.32,1048576,1,
4833,True,563.09,1048576,1,
4835,True,560.05,1048576,1,
4839,True,555.23,1048576,1,
4837,True,562.55,1048576,1,
4847,True,443.67,1048576,1,
4841,True,458.84,1048576,1,
4843,True,457.00,1048576,1,
4846,True,451.82,1048576,1,
4844,True,457.58,1048576,1,
4845,True,456.65,1048576,1,
4848,True,450.71,1048576,1,
4842,True,466.36,1048576,1,
4852,True,674.56,1048576,1,
4853,True,675.06,1048576,1,
4851,True,679.56,1048576,1,
4854,True,676.99,1048576,1,
4855,True,676.69,1048576,1,
4856,True,677.29,1048576,1,
4850,True,688.79,1048576,1,
4849,True,693.80,1048576,1,
4857,True,527.24,1048576,1,
4860,True,525.82,1048576,1,
4864,True,519.93,1048576,1,
4862,True,529.35,1048576,1,
4861,True,533.93,1048576,1,
4858,True,543.14,1048576,1,
4863,True,536.10,1048576,1,
4859,True,545.97,1048576,1,
4867,True,557.64,1048576,1,
4868,True,555.92,1048576,1,
4865,True,568.45,1048576,1,
4866,True,567.56,1048576,1,
4872,True,550.60,1048576,1,
4869,True,560.27,1048576,1,
4871,True,556.73,1048576,1,
4870,True,563.53,1048576,1,
4874,True,549.09,1048576,1,
4879,True,540.45,1048576,1,
4873,True,553.28,1048576,1,
4877,True,547.20,1048576,1,
4878,True,546.81,1048576,1,
4876,True,551.29,1048576,1,
4875,True,555.34,1048576,1,
4880,True,543.30,1048576,1,
4885,True,442.21,1048576,1,
4883,True,446.16,1048576,1,
4884,True,446.73,1048576,1,
4886,True,445.42,1048576,1,
4881,True,453.91,1048576,1,
4888,True,447.04,1048576,1,
4882,True,456.19,1048576,1,
4887,True,453.29,1048576,1,
4893,True,477.83,1048576,1,
4889,True,486.57,1048576,1,
4891,True,485.46,1048576,1,
4894,True,484.67,1048576,1,
4896,True,482.46,1048576,1,
4892,True,495.25,1048576,1,
4895,True,492.35,1048576,1,
4890,True,504.40,1048576,1,
4903,True,566.18,1048576,1,
4902,True,570.44,1048576,1,
4901,True,575.18,1048576,1,
4900,True,580.32,1048576,1,
4899,True,586.34,1048576,1,
4904,True,570.66,1048576,1,
4897,True,595.21,1048576,1,
4898,True,594.69,1048576,1,
4905,True,543.19,1048576,1,
4907,True,541.57,1048576,1,
4906,True,544.48,1048576,1,
4912,True,535.09,1048576,1,
4908,True,544.32,1048576,1,
4911,True,540.97,1048576,1,
4909,True,547.21,1048576,1,
4910,True,549.85,1048576,1,
4917,True,448.88,1048576,1,
4914,True,454.69,1048576,1,
4916,True,453.58,1048576,1,
4920,True,444.55,1048576,1,
4919,True,451.07,1048576,1,
4913,True,463.03,1048576,1,
4918,True,456.51,1048576,1,
4915,True,464.78,1048576,1,
4921,True,470.17,1048576,1,
4925,True,468.89,1048576,1,
4923,True,475.31,1048576,1,
4927,True,470.99,1048576,1,
4924,True,482.56,1048576,1,
4926,True,483.44,1048576,1,
4928,True,483.32,1048576,1,
4922,True,512.21,1048576,1,
4929,True,464.27,1048576,1,
4936,True,423.96,1048576,1,
4932,True,458.17,1048576,1,
4934,True,449.41,1048576,1,
4931,True,464.51,1048576,1,
4933,True,458.05,1048576,1,
4930,True,472.35,1048576,1,
4935,True,454.51,1048576,1,
4937,True,441.83,1048576,1,
4944,True,431.89,1048576,1,
4939,True,445.39,1048576,1,
4940,True,446.31,1048576,1,
4943,True,445.78,1048576,1,
4941,True,456.46,1048576,1,
4942,True,462.83,1048576,1,
4938,True,487.32,1048576,1,
4947,True,572.31,1048576,1,
4949,True,565.61,1048576,1,
4950,True,563.00,1048576,1,
4946,True,582.05,1048576,1,
4945,True,591.90,1048576,1,
4951,True,561.94,1048576,1,
4952,True,549.64,1048576,1,
4948,True,598.20,1048576,1,
4955,True,545.74,1048576,1,
4954,True,550.34,1048576,1,
4956,True,547.92,1048576,1,
4958,True,544.97,1048576,1,
4953,True,560.69,1048576,1,
4957,True,555.44,1048576,1,
4959,True,550.72,1048576,1,
4960,True,542.54,1048576,1,
4965,True,494.29,1048576,1,
4963,True,501.40,1048576,1,
4968,True,486.96,1048576,1,
4966,True,493.45,1048576,1,
4961,True,510.63,1048576,1,
4962,True,511.05,1048576,1,
4964,True,507.28,1048576,1,
4967,True,499.62,1048576,1,
4970,True,470.25,1048576,1,
4969,True,474.41,1048576,1,
4972,True,474.67,1048576,1,
4976,True,468.02,1048576,1,
4975,True,474.42,1048576,1,
4974,True,479.78,1048576,1,
4971,True,490.22,1048576,1,
4973,True,491.39,1048576,1,
4977,True,474.11,1048576,1,
4978,True,474.46,1048576,1,
4982,True,461.89,1048576,1,
4979,True,473.59,1048576,1,
4980,True,474.63,1048576,1,
4981,True,474.45,1048576,1,
4983,True,468.71,1048576,1,
4984,True,467.84,1048576,1,
4986,True,570.14,1048576,1,
4987,True,571.60,1048576,1,
4992,True,558.51,1048576,1,
4991,True,564.73,1048576,1,
4990,True,571.47,1048576,1,
4989,True,577.50,1048576,1,
4988,True,584.98,1048576,1,
4985,True,595.59,1048576,1,
4993,True,554.13,1048576,1,
4995,True,550.06,1048576,1,
4997,True,546.61,1048576,1,
4996,True,551.82,1048576,1,
4999,True,542.30,1048576,1,
4994,True,560.96,1048576,1,
5000,True,543.66,1048576,1,
4998,True,553.18,1048576,1,
