Task_ID,Success,Latency_ms,Bytes,Attempts,Error
1,True,951.92,1048576,1,
4,True,908.52,1048576,1,
2,True,942.11,1048576,1,
5,True,899.28,1048576,1,
3,True,939.30,1048576,1,
8,True,798.63,1048576,1,
6,True,902.57,1048576,1,
7,True,800.96,1048576,1,
9,True,840.94,1048576,1,
11,True,835.89,1048576,1,
12,True,838.08,1048576,1,
16,True,823.75,1048576,1,
14,True,834.88,1048576,1,
15,True,831.69,1048576,1,
13,True,843.59,1048576,1,
10,True,855.47,1048576,1,
18,True,829.40,1048576,1,
21,True,840.38,1048576,1,
19,True,847.13,1048576,1,
24,True,836.76,1048576,1,
22,True,846.26,1048576,1,
17,True,862.62,1048576,1,
20,True,857.54,1048576,1,
23,True,856.88,1048576,1,
25,True,878.05,1048576,1,
29,True,854.74,1048576,1,
27,True,862.69,1048576,1,
30,True,856.52,1048576,1,
26,True,873.14,1048576,1,
28,True,871.82,1048576,1,
31,True,867.38,1048576,1,
32,True,862.62,1048576,1,
36,True,899.54,1048576,1,
33,True,912.19,1048576,1,
34,True,913.14,1048576,1,
37,True,906.50,1048576,1,
39,True,903.90,1048576,1,
35,True,931.37,1048576,1,
40,True,960.73,1048576,1,
38,True,1011.31,1048576,1,
44,True,625.74,1048576,1,
42,True,638.19,1048576,1,
41,True,643.84,1048576,1,
46,True,618.36,1048576,1,
45,True,631.99,1048576,1,
43,True,645.67,1048576,1,
47,True,579.71,1048576,1,
48,True,543.77,1048576,1,
50,True,802.62,1048576,1,
53,True,796.49,1048576,1,
52,True,802.85,1048576,1,
49,True,813.84,1048576,1,
55,True,797.87,1048576,1,
51,True,816.34,1048576,1,
56,True,797.66,1048576,1,
54,True,813.97,1048576,1,
61,True,857.47,1048576,1,
58,True,868.45,1048576,1,
57,True,873.84,1048576,1,
62,True,861.55,1048576,1,
60,True,871.90,1048576,1,
63,True,863.37,1048576,1,
59,True,879.51,1048576,1,
64,True,867.42,1048576,1,
66,True,855.60,1048576,1,
65,True,861.40,1048576,1,
71,True,847.28,1048576,1,
69,True,856.29,1048576,1,
72,True,846.86,1048576,1,
68,True,867.99,1048576,1,
67,True,873.56,1048576,1,
70,True,867.19,1048576,1,
79,True,797.25,1048576,1,
74,True,817.86,1048576,1,
77,True,811.04,1048576,1,
75,True,820.22,1048576,1,
76,True,819.81,1048576,1,
80,True,810.24,1048576,1,
73,True,837.91,1048576,1,
78,True,823.00,1048576,1,
81,True,633.90,1048576,1,
88,True,613.87,1048576,1,
85,True,629.81,1048576,1,
84,True,635.95,1048576,1,
87,True,629.47,1048576,1,
86,True,638.08,1048576,1,
82,True,657.49,1048576,1,
83,True,658.81,1048576,1,
92,True,962.42,1048576,1,
91,True,967.88,1048576,1,
95,True,949.18,1048576,1,
90,True,976.42,1048576,1,
94,True,962.80,1048576,1,
96,True,952.48,1048576,1,
89,True,985.74,1048576,1,
93,True,970.61,1048576,1,
99,True,987.52,1048576,1,
102,True,986.80,1048576,1,
97,True,1006.80,1048576,1,
101,True,1001.82,1048576,1,
100,True,1010.52,1048576,1,
104,True,1007.86,1048576,1,
98,True,1023.72,1048576,1,
103,True,1016.20,1048576,1,
108,True,959.45,1048576,1,
112,True,944.72,1048576,1,
107,True,968.86,1048576,1,
110,True,957.27,1048576,1,
111,True,956.20,1048576,1,
105,True,992.94,1048576,1,
109,True,968.68,1048576,1,
106,True,990.29,1048576,1,
113,True,764.49,1048576,1,
116,True,765.66,1048576,1,
118,True,767.02,1048576,1,
115,True,778.76,1048576,1,
117,True,776.21,1048576,1,
120,True,772.11,1048576,1,
114,True,793.71,1048576,1,
119,True,787.41,1048576,1,
126,True,1037.19,1048576,1,
128,True,1027.83,1048576,1,
122,True,1058.63,1048576,1,
127,True,1039.54,1048576,1,
121,True,1070.68,1048576,1,
123,True,1061.08,1048576,1,
125,True,1058.21,1048576,1,
124,True,1067.52,1048576,1,
135,True,872.40,1048576,1,
132,True,884.44,1048576,1,
136,True,870.65,1048576,1,
130,True,895.71,1048576,1,
129,True,899.69,1048576,1,
133,True,892.73,1048576,1,
131,True,901.05,1048576,1,
134,True,894.99,1048576,1,
138,True,819.88,1048576,1,
139,True,820.12,1048576,1,
142,True,814.38,1048576,1,
143,True,814.49,1048576,1,
137,True,832.89,1048576,1,
141,True,825.38,1048576,1,
144,True,821.15,1048576,1,
140,True,832.90,1048576,1,
146,True,842.83,1048576,1,
147,True,844.48,1048576,1,
151,True,834.20,1048576,1,
150,True,842.89,1048576,1,
145,True,858.53,1048576,1,
149,True,850.14,1048576,1,
148,True,854.96,1048576,1,
152,True,847.48,1048576,1,
153,True,835.96,1048576,1,
154,True,837.09,1048576,1,
156,True,832.11,1048576,1,
159,True,828.26,1048576,1,
158,True,835.67,1048576,1,
160,True,835.70,1048576,1,
157,True,846.52,1048576,1,
155,True,860.59,1048576,1,
161,True,660.20,1048576,1,
165,True,651.64,1048576,1,
162,True,666.63,1048576,1,
163,True,666.35,1048576,1,
167,True,654.69,1048576,1,
164,True,675.46,1048576,1,
168,True,658.38,1048576,1,
166,True,678.67,1048576,1,
175,True,666.42,1048576,1,
170,True,691.21,1048576,1,
171,True,690.12,1048576,1,
169,True,703.19,1048576,1,
173,True,686.66,1048576,1,
172,True,693.91,1048576,1,
176,True,670.80,1048576,1,
174,True,688.46,1048576,1,
183,True,670.63,1048576,1,
179,True,682.81,1048576,1,
184,True,671.45,1048576,1,
181,True,683.48,1048576,1,
180,True,687.40,1048576,1,
177,True,695.84,1048576,1,
182,True,687.70,1048576,1,
178,True,698.18,1048576,1,
191,True,637.30,1048576,1,
187,True,648.49,1048576,1,
190,True,644.17,1048576,1,
185,True,657.58,1048576,1,
186,True,657.58,1048576,1,
189,True,652.19,1048576,1,
188,True,658.79,1048576,1,
192,True,652.86,1048576,1,
199,True,660.23,1048576,1,
195,True,675.65,1048576,1,
200,True,664.70,1048576,1,
193,True,684.38,1048576,1,
197,True,678.54,1048576,1,
194,True,687.27,1048576,1,
198,True,685.07,1048576,1,
196,True,691.38,1048576,1,
201,True,641.38,1048576,1,
204,True,638.47,1048576,1,
202,True,646.37,1048576,1,
207,True,639.85,1048576,1,
205,True,663.75,1048576,1,
208,True,659.29,1048576,1,
206,True,670.77,1048576,1,
203,True,680.22,1048576,1,
209,True,689.74,1048576,1,
210,True,687.58,1048576,1,
211,True,685.72,1048576,1,
212,True,679.89,1048576,1,
214,True,660.11,1048576,1,
215,True,660.51,1048576,1,
216,True,661.21,1048576,1,
213,True,676.69,1048576,1,
217,True,688.93,1048576,1,
220,True,684.16,1048576,1,
221,True,684.69,1048576,1,
223,True,680.61,1048576,1,
219,True,693.53,1048576,1,
218,True,701.95,1048576,1,
224,True,688.18,1048576,1,
222,True,702.33,1048576,1,
226,True,740.25,1048576,1,
225,True,747.42,1048576,1,
228,True,760.33,1048576,1,
232,True,778.09,1048576,1,
227,True,801.87,1048576,1,
230,True,793.12,1048576,1,
229,True,803.57,1048576,1,
231,True,880.03,1048576,1,
234,True,900.90,1048576,1,
233,True,908.65,1048576,1,
235,True,888.02,1048576,1,
238,True,849.44,1048576,1,
237,True,858.00,1048576,1,
240,True,767.90,1048576,1,
239,True,856.93,1048576,1,
236,True,869.49,1048576,1,
241,True,845.34,1048576,1,
244,True,835.18,1048576,1,
248,True,824.56,1048576,1,
242,True,850.61,1048576,1,
245,True,841.12,1048576,1,
243,True,853.35,1048576,1,
247,True,844.97,1048576,1,
246,True,852.81,1048576,1,
252,True,797.86,1048576,1,
255,True,788.50,1048576,1,
253,True,801.30,1048576,1,
249,True,817.23,1048576,1,
250,True,817.24,1048576,1,
251,True,816.80,1048576,1,
256,True,797.89,1048576,1,
254,True,811.60,1048576,1,
260,True,794.34,1048576,1,
263,True,789.82,1048576,1,
257,True,810.84,1048576,1,
264,True,791.65,1048576,1,
259,True,809.22,1048576,1,
261,True,807.01,1048576,1,
262,True,813.03,1048576,1,
258,True,832.66,1048576,1,
266,True,733.11,1048576,1,
265,True,747.80,1048576,1,
272,True,716.41,1048576,1,
271,True,732.54,1048576,1,
268,True,753.25,1048576,1,
270,True,750.68,1048576,1,
269,True,765.52,1048576,1,
267,True,914.45,1048576,1,
273,True,1054.94,1048576,1,
275,True,1046.42,1048576,1,
274,True,1050.64,1048576,1,
277,True,1039.47,1048576,1,
280,True,889.05,1048576,1,
276,True,1059.36,1048576,1,
278,True,1058.15,1048576,1,
279,True,1049.14,1048576,1,
281,True,910.80,1048576,1,
283,True,910.85,1048576,1,
282,True,918.85,1048576,1,
284,True,922.70,1048576,1,
285,True,936.02,1048576,1,
286,True,974.92,1048576,1,
287,True,1011.59,1048576,1,
288,True,1113.20,1048576,1,
289,True,986.05,1048576,1,
291,True,991.06,1048576,1,
290,True,1006.31,1048576,1,
292,True,1004.61,1048576,1,
293,True,1007.64,1048576,1,
294,True,1000.10,1048576,1,
295,True,975.22,1048576,1,
296,True,912.99,1048576,1,
297,True,811.33,1048576,1,
299,True,798.53,1048576,1,
298,True,814.20,1048576,1,
300,True,820.47,1048576,1,
302,True,781.28,1048576,1,
301,True,846.23,1048576,1,
303,True,851.54,1048576,1,
304,True,846.45,1048576,1,
306,True,842.51,1048576,1,
307,True,839.17,1048576,1,
305,True,862.63,1048576,1,
310,True,765.87,1048576,1,
308,True,819.13,1048576,1,
311,True,709.55,1048576,1,
309,True,802.19,1048576,1,
312,True,678.50,1048576,1,
313,True,737.44,1048576,1,
317,True,730.95,1048576,1,
318,True,731.63,1048576,1,
320,True,728.17,1048576,1,
319,True,732.82,1048576,1,
315,True,749.67,1048576,1,
314,True,754.30,1048576,1,
316,True,754.24,1048576,1,
322,True,1066.20,1048576,1,
326,True,1061.04,1048576,1,
321,True,1093.05,1048576,1,
323,True,1107.76,1048576,1,
325,True,1110.22,1048576,1,
327,True,1108.23,1048576,1,
324,True,1121.63,1048576,1,
328,True,1119.23,1048576,1,
336,True,946.14,1048576,1,
335,True,960.90,1048576,1,
330,True,1018.66,1048576,1,
333,True,975.23,1048576,1,
329,True,1030.89,1048576,1,
332,True,985.84,1048576,1,
334,True,979.05,1048576,1,
331,True,1018.10,1048576,1,
344,True,860.23,1048576,1,
337,True,882.05,1048576,1,
343,True,870.61,1048576,1,
342,True,876.28,1048576,1,
339,True,887.18,1048576,1,
340,True,890.88,1048576,1,
338,True,899.71,1048576,1,
341,True,1005.08,1048576,1,
351,True,1012.19,1048576,1,
346,True,1036.60,1048576,1,
349,True,1034.00,1048576,1,
348,True,1085.11,1048576,1,
350,True,1112.37,1048576,1,
345,True,1145.19,1048576,1,
347,True,1145.91,1048576,1,
352,True,1033.25,1048576,1,
359,True,1113.78,1048576,1,
357,True,1132.13,1048576,1,
354,True,1231.64,1048576,1,
358,True,1127.98,1048576,1,
353,True,1241.00,1048576,1,
356,True,1186.20,1048576,1,
355,True,1245.18,1048576,1,
360,True,1125.45,1048576,1,
362,True,1001.73,1048576,1,
366,True,992.42,1048576,1,
365,True,998.25,1048576,1,
361,True,1010.76,1048576,1,
367,True,986.76,1048576,1,
363,True,1010.95,1048576,1,
368,True,990.68,1048576,1,
364,True,1016.61,1048576,1,
372,True,791.79,1048576,1,
373,True,791.95,1048576,1,
374,True,792.33,1048576,1,
370,True,805.86,1048576,1,
376,True,791.29,1048576,1,
371,True,809.41,1048576,1,
369,True,816.91,1048576,1,
375,True,803.96,1048576,1,
380,True,792.25,1048576,1,
378,True,804.06,1048576,1,
379,True,804.04,1048576,1,
381,True,801.39,1048576,1,
377,True,817.42,1048576,1,
383,True,801.91,1048576,1,
384,True,801.86,1048576,1,
382,True,811.58,1048576,1,
392,True,896.98,1048576,1,
391,True,902.72,1048576,1,
386,True,922.59,1048576,1,
385,True,930.90,1048576,1,
389,True,918.33,1048576,1,
388,True,925.04,1048576,1,
387,True,932.57,1048576,1,
390,True,930.15,1048576,1,
395,True,1085.11,1048576,1,
394,True,1092.17,1048576,1,
400,True,1072.05,1048576,1,
396,True,1094.61,1048576,1,
393,True,1106.68,1048576,1,
398,True,1095.27,1048576,1,
397,True,1103.57,1048576,1,
399,True,1102.86,1048576,1,
402,True,1235.25,1048576,1,
408,True,1209.08,1048576,1,
407,True,1218.74,1048576,1,
404,True,1233.39,1048576,1,
401,True,1249.27,1048576,1,
403,True,1241.67,1048576,1,
405,True,1237.75,1048576,1,
406,True,1237.70,1048576,1,
412,True,1320.46,1048576,1,
409,True,1336.82,1048576,1,
414,True,1329.14,1048576,1,
411,True,1339.14,1048576,1,
415,True,1331.32,1048576,1,
413,True,1340.51,1048576,1,
410,True,1355.17,1048576,1,
416,True,1345.73,1048576,1,
422,True,1323.72,1048576,1,
420,True,1333.33,1048576,1,
419,True,1339.29,1048576,1,
424,True,1319.43,1048576,1,
418,True,1350.95,1048576,1,
423,True,1335.67,1048576,1,
417,True,1370.88,1048576,1,
421,True,1357.14,1048576,1,
431,True,1403.84,1048576,1,
427,True,1426.13,1048576,1,
432,True,1407.80,1048576,1,
430,True,1425.50,1048576,1,
428,True,1476.58,1048576,1,
425,True,1503.52,1048576,1,
426,True,1520.24,1048576,1,
429,True,1510.66,1048576,1,
440,True,813.95,1048576,1,
433,True,912.39,1048576,1,
437,True,858.64,1048576,1,
436,True,902.53,1048576,1,
434,True,919.43,1048576,1,
438,True,852.18,1048576,1,
435,True,922.06,1048576,1,
439,True,839.26,1048576,1,
441,True,742.75,1048576,1,
444,True,737.64,1048576,1,
448,True,726.05,1048576,1,
442,True,748.28,1048576,1,
443,True,747.38,1048576,1,
445,True,743.88,1048576,1,
447,True,738.68,1048576,1,
446,True,746.32,1048576,1,
455,True,784.27,1048576,1,
451,True,796.85,1048576,1,
454,True,792.53,1048576,1,
452,True,799.85,1048576,1,
450,True,808.37,1048576,1,
449,True,815.85,1048576,1,
456,True,799.22,1048576,1,
453,True,816.74,1048576,1,
460,True,779.54,1048576,1,
458,True,787.08,1048576,1,
464,True,765.51,1048576,1,
461,True,784.08,1048576,1,
462,True,782.49,1048576,1,
459,True,795.28,1048576,1,
463,True,784.14,1048576,1,
457,True,805.91,1048576,1,
472,True,699.58,1048576,1,
469,True,709.34,1048576,1,
466,True,720.20,1048576,1,
471,True,708.17,1048576,1,
465,True,727.54,1048576,1,
467,True,724.32,1048576,1,
468,True,724.36,1048576,1,
470,True,722.99,1048576,1,
473,True,632.40,1048576,1,
477,True,626.01,1048576,1,
478,True,627.36,1048576,1,
480,True,623.25,1048576,1,
476,True,638.28,1048576,1,
475,True,643.57,1048576,1,
474,True,650.07,1048576,1,
479,True,639.76,1048576,1,
487,True,685.89,1048576,1,
484,True,698.69,1048576,1,
482,True,707.91,1048576,1,
481,True,715.11,1048576,1,
488,True,695.56,1048576,1,
483,True,715.63,1048576,1,
485,True,713.38,1048576,1,
486,True,714.10,1048576,1,
489,True,904.33,1048576,1,
491,True,902.92,1048576,1,
495,True,890.56,1048576,1,
492,True,903.35,1048576,1,
490,True,912.01,1048576,1,
496,True,891.89,1048576,1,
494,True,901.82,1048576,1,
493,True,908.28,1048576,1,
500,True,668.04,1048576,1,
504,True,662.13,1048576,1,
503,True,666.66,1048576,1,
498,True,679.01,1048576,1,
499,True,678.21,1048576,1,
502,True,675.60,1048576,1,
501,True,679.00,1048576,1,
497,True,694.62,1048576,1,
511,True,611.63,1048576,1,
507,True,622.05,1048576,1,
506,True,626.29,1048576,1,
509,True,623.04,1048576,1,
508,True,628.15,1048576,1,
512,True,617.63,1048576,1,
510,True,629.90,1048576,1,
505,True,643.65,1048576,1,
514,True,574.30,1048576,1,
520,True,559.24,1048576,1,
519,True,564.47,1048576,1,
518,True,573.61,1048576,1,
515,True,586.48,1048576,1,
513,True,594.74,1048576,1,
516,True,591.31,1048576,1,
517,True,598.00,1048576,1,
526,True,607.35,1048576,1,
523,True,624.28,1048576,1,
528,True,598.77,1048576,1,
522,True,631.82,1048576,1,
527,True,614.31,1048576,1,
524,True,628.96,1048576,1,
521,True,643.29,1048576,1,
525,True,635.07,1048576,1,
530,True,663.33,1048576,1,
536,True,643.92,1048576,1,
532,True,661.81,1048576,1,
533,True,660.81,1048576,1,
531,True,668.48,1048576,1,
534,True,661.68,1048576,1,
535,True,660.22,1048576,1,
529,True,682.11,1048576,1,
541,True,565.82,1048576,1,
539,True,573.87,1048576,1,
537,True,585.08,1048576,1,
540,True,592.42,1048576,1,
543,True,599.16,1048576,1,
544,True,596.38,1048576,1,
538,True,612.81,1048576,1,
542,True,608.42,1048576,1,
547,True,560.15,1048576,1,
552,True,530.09,1048576,1,
551,True,534.71,1048576,1,
548,True,553.40,1048576,1,
545,True,579.59,1048576,1,
546,True,577.17,1048576,1,
549,True,546.26,1048576,1,
550,True,547.16,1048576,1,
560,True,547.78,1048576,1,
558,True,554.34,1048576,1,
559,True,554.64,1048576,1,
555,True,563.79,1048576,1,
554,True,567.77,1048576,1,
556,True,567.79,1048576,1,
553,True,575.70,1048576,1,
557,True,570.49,1048576,1,
566,True,553.92,1048576,1,
562,True,565.60,1048576,1,
563,True,565.37,1048576,1,
565,True,563.02,1048576,1,
564,True,566.47,1048576,1,
561,True,574.37,1048576,1,
567,True,562.50,1048576,1,
568,True,562.01,1048576,1,
573,True,524.24,1048576,1,
574,True,524.00,1048576,1,
569,True,534.80,1048576,1,
571,True,533.31,1048576,1,
576,True,526.33,1048576,1,
575,True,531.34,1048576,1,
572,True,539.74,1048576,1,
570,True,545.03,1048576,1,
583,True,548.68,1048576,1,
577,True,564.49,1048576,1,
581,True,557.81,1048576,1,
578,True,566.74,1048576,1,
579,True,566.37,1048576,1,
582,True,560.71,1048576,1,
584,True,558.10,1048576,1,
580,True,570.57,1048576,1,
585,True,557.12,1048576,1,
588,True,552.91,1048576,1,
587,True,557.29,1048576,1,
591,True,551.16,1048576,1,
586,True,562.65,1048576,1,
592,True,554.72,1048576,1,
590,True,561.76,1048576,1,
589,True,565.39,1048576,1,
593,True,527.14,1048576,1,
599,True,515.32,1048576,1,
600,True,515.42,1048576,1,
595,True,529.52,1048576,1,
597,True,527.50,1048576,1,
594,True,534.69,1048576,1,
596,True,533.07,1048576,1,
598,True,533.59,1048576,1,
601,True,571.60,1048576,1,
603,True,571.17,1048576,1,
606,True,569.43,1048576,1,
604,True,574.91,1048576,1,
608,True,566.12,1048576,1,
602,True,583.07,1048576,1,
605,True,578.80,1048576,1,
607,True,582.09,1048576,1,
612,True,547.78,1048576,1,
610,True,554.60,1048576,1,
609,True,560.17,1048576,1,
616,True,540.90,1048576,1,
613,True,552.93,1048576,1,
615,True,552.71,1048576,1,
614,True,555.83,1048576,1,
611,True,564.20,1048576,1,
617,True,559.36,1048576,1,
623,True,549.79,1048576,1,
624,True,550.70,1048576,1,
620,True,561.46,1048576,1,
619,True,567.30,1048576,1,
622,True,563.18,1048576,1,
618,True,575.42,1048576,1,
621,True,571.90,1048576,1,
629,True,620.64,1048576,1,
632,True,614.37,1048576,1,
631,True,618.75,1048576,1,
627,True,633.22,1048576,1,
628,True,633.42,1048576,1,
630,True,629.64,1048576,1,
626,True,644.64,1048576,1,
625,True,648.65,1048576,1,
638,True,592.93,1048576,1,
635,True,601.58,1048576,1,
634,True,605.42,1048576,1,
633,True,610.39,1048576,1,
639,True,597.44,1048576,1,
640,True,598.21,1048576,1,
636,True,609.88,1048576,1,
637,True,609.29,1048576,1,
644,True,534.10,1048576,1,
648,True,527.90,1048576,1,
647,True,532.41,1048576,1,
643,True,544.50,1048576,1,
641,True,550.65,1048576,1,
645,True,544.47,1048576,1,
646,True,545.12,1048576,1,
642,True,556.36,1048576,1,
649,True,550.69,1048576,1,
656,True,534.52,1048576,1,
652,True,546.66,1048576,1,
654,True,545.12,1048576,1,
650,True,557.87,1048576,1,
653,True,550.90,1048576,1,
651,True,560.57,1048576,1,
655,True,551.64,1048576,1,
664,True,541.85,1048576,1,
657,True,559.89,1048576,1,
659,True,558.29,1048576,1,
663,True,549.60,1048576,1,
662,True,555.15,1048576,1,
661,True,558.40,1048576,1,
658,True,568.27,1048576,1,
660,True,570.19,1048576,1,
669,True,558.37,1048576,1,
672,True,549.74,1048576,1,
671,True,559.31,1048576,1,
670,True,565.15,1048576,1,
668,True,570.87,1048576,1,
667,True,574.66,1048576,1,
666,True,580.55,1048576,1,
665,True,585.31,1048576,1,
679,True,568.23,1048576,1,
680,True,568.27,1048576,1,
673,True,590.78,1048576,1,
676,True,587.75,1048576,1,
674,True,598.86,1048576,1,
677,True,595.03,1048576,1,
678,True,597.29,1048576,1,
675,True,608.49,1048576,1,
682,True,574.41,1048576,1,
686,True,557.80,1048576,1,
683,True,574.73,1048576,1,
688,True,554.34,1048576,1,
681,True,585.40,1048576,1,
687,True,561.66,1048576,1,
684,True,576.45,1048576,1,
685,True,573.39,1048576,1,
689,True,529.63,1048576,1,
694,True,522.02,1048576,1,
692,True,527.94,1048576,1,
696,True,522.76,1048576,1,
690,True,535.13,1048576,1,
691,True,534.85,1048576,1,
693,True,533.76,1048576,1,
695,True,533.07,1048576,1,
697,True,515.86,1048576,1,
702,True,508.49,1048576,1,
704,True,505.14,1048576,1,
699,True,518.16,1048576,1,
698,True,521.91,1048576,1,
701,True,518.11,1048576,1,
700,True,522.23,1048576,1,
703,True,517.55,1048576,1,
708,True,532.74,1048576,1,
710,True,531.47,1048576,1,
705,True,543.02,1048576,1,
711,True,533.48,1048576,1,
707,True,544.71,1048576,1,
712,True,537.28,1048576,1,
706,True,551.85,1048576,1,
709,True,547.46,1048576,1,
713,True,590.47,1048576,1,
715,True,588.25,1048576,1,
714,True,592.15,1048576,1,
717,True,586.44,1048576,1,
719,True,584.43,1048576,1,
718,True,588.53,1048576,1,
716,True,596.27,1048576,1,
720,True,589.74,1048576,1,
722,True,586.75,1048576,1,
721,True,590.22,1048576,1,
726,True,581.83,1048576,1,
728,True,577.75,1048576,1,
723,True,591.31,1048576,1,
725,True,588.62,1048576,1,
727,True,586.24,1048576,1,
724,True,595.47,1048576,1,
731,True,645.70,1048576,1,
735,True,641.55,1048576,1,
734,True,646.44,1048576,1,
730,True,656.19,1048576,1,
729,True,661.78,1048576,1,
733,True,657.49,1048576,1,
736,True,657.42,1048576,1,
732,True,667.50,1048576,1,
744,True,616.78,1048576,1,
739,True,636.65,1048576,1,
738,True,642.29,1048576,1,
741,True,634.87,1048576,1,
737,True,649.55,1048576,1,
740,True,642.04,1048576,1,
743,True,633.43,1048576,1,
742,True,640.92,1048576,1,
745,True,576.34,1048576,1,
747,True,575.66,1048576,1,
748,True,582.56,1048576,1,
751,True,612.07,1048576,1,
746,True,626.05,1048576,1,
752,True,615.51,1048576,1,
749,True,624.12,1048576,1,
750,True,624.52,1048576,1,
758,True,532.13,1048576,1,
757,True,536.38,1048576,1,
756,True,540.27,1048576,1,
755,True,578.23,1048576,1,
753,True,593.82,1048576,1,
760,True,536.88,1048576,1,
754,True,593.60,1048576,1,
759,True,545.31,1048576,1,
767,True,832.12,1048576,1,
762,True,844.21,1048576,1,
768,True,833.62,1048576,1,
764,True,847.26,1048576,1,
761,True,856.92,1048576,1,
763,True,856.04,1048576,1,
765,True,854.58,1048576,1,
766,True,855.32,1048576,1,
771,True,701.02,1048576,1,
772,True,698.87,1048576,1,
776,True,690.68,1048576,1,
774,True,699.90,1048576,1,
775,True,699.19,1048576,1,
770,True,716.38,1048576,1,
773,True,708.27,1048576,1,
769,True,727.19,1048576,1,
779,True,570.61,1048576,1,
777,True,579.08,1048576,1,
778,True,579.80,1048576,1,
782,True,573.81,1048576,1,
781,True,579.69,1048576,1,
783,True,577.65,1048576,1,
784,True,574.80,1048576,1,
780,True,591.08,1048576,1,
788,True,714.62,1048576,1,
785,True,728.46,1048576,1,
792,True,706.62,1048576,1,
787,True,729.16,1048576,1,
789,True,723.00,1048576,1,
786,True,738.24,1048576,1,
790,True,727.98,1048576,1,
791,True,727.14,1048576,1,
796,True,890.32,1048576,1,
794,True,901.59,1048576,1,
793,True,909.92,1048576,1,
799,True,893.28,1048576,1,
795,True,909.81,1048576,1,
797,True,905.65,1048576,1,
798,True,910.80,1048576,1,
800,True,909.04,1048576,1,
806,True,639.79,1048576,1,
801,True,660.45,1048576,1,
802,True,658.93,1048576,1,
804,True,655.39,1048576,1,
808,True,639.83,1048576,1,
805,True,657.34,1048576,1,
803,True,666.45,1048576,1,
807,True,661.43,1048576,1,
809,True,697.92,1048576,1,
810,True,699.39,1048576,1,
812,True,695.55,1048576,1,
815,True,692.23,1048576,1,
814,True,697.62,1048576,1,
813,True,706.96,1048576,1,
811,True,718.24,1048576,1,
816,True,695.38,1048576,1,
820,True,700.95,1048576,1,
823,True,688.89,1048576,1,
818,True,712.71,1048576,1,
817,True,719.09,1048576,1,
821,True,708.15,1048576,1,
824,True,696.24,1048576,1,
819,True,720.26,1048576,1,
822,True,707.35,1048576,1,
825,True,605.28,1048576,1,
826,True,606.07,1048576,1,
828,True,603.68,1048576,1,
832,True,597.14,1048576,1,
829,True,607.53,1048576,1,
830,True,607.29,1048576,1,
827,True,617.46,1048576,1,
831,True,610.33,1048576,1,
834,True,621.23,1048576,1,
839,True,609.24,1048576,1,
835,True,621.82,1048576,1,
833,True,629.06,1048576,1,
840,True,612.69,1048576,1,
838,True,623.40,1048576,1,
837,True,628.41,1048576,1,
836,True,634.21,1048576,1,
841,True,609.94,1048576,1,
843,True,609.60,1048576,1,
845,True,606.52,1048576,1,
848,True,598.74,1048576,1,
844,True,615.39,1048576,1,
846,True,611.06,1048576,1,
842,True,625.65,1048576,1,
847,True,614.40,1048576,1,
856,True,616.78,1048576,1,
852,True,631.63,1048576,1,
851,True,635.78,1048576,1,
855,True,627.57,1048576,1,
853,True,636.53,1048576,1,
849,True,649.61,1048576,1,
850,True,649.55,1048576,1,
854,True,640.78,1048576,1,
857,True,604.68,1048576,1,
858,True,604.34,1048576,1,
861,True,599.21,1048576,1,
863,True,596.36,1048576,1,
864,True,594.73,1048576,1,
862,True,603.85,1048576,1,
860,True,609.92,1048576,1,
859,True,617.53,1048576,1,
868,True,556.54,1048576,1,
870,True,553.24,1048576,1,
865,True,566.49,1048576,1,
869,True,560.40,1048576,1,
871,True,558.26,1048576,1,
872,True,557.11,1048576,1,
866,True,575.34,1048576,1,
867,True,574.35,1048576,1,
880,True,617.32,1048576,1,
873,True,634.62,1048576,1,
874,True,637.51,1048576,1,
878,True,631.20,1048576,1,
879,True,630.66,1048576,1,
876,True,642.02,1048576,1,
877,True,644.77,1048576,1,
875,True,652.77,1048576,1,
887,True,629.38,1048576,1,
885,True,639.83,1048576,1,
883,True,647.64,1048576,1,
888,True,633.66,1048576,1,
882,True,657.87,1048576,1,
884,True,653.56,1048576,1,
881,True,664.60,1048576,1,
886,True,652.29,1048576,1,
889,True,583.95,1048576,1,
891,True,582.84,1048576,1,
894,True,576.99,1048576,1,
890,True,591.02,1048576,1,
895,True,580.18,1048576,1,
892,True,590.66,1048576,1,
893,True,590.27,1048576,1,
896,True,585.38,1048576,1,
897,True,610.67,1048576,1,
904,True,593.70,1048576,1,
901,True,602.96,1048576,1,
898,True,612.94,1048576,1,
900,True,608.46,1048576,1,
903,True,604.09,1048576,1,
902,True,607.18,1048576,1,
899,True,619.16,1048576,1,
909,True,612.51,1048576,1,
906,True,621.04,1048576,1,
905,True,628.91,1048576,1,
910,True,623.63,1048576,1,
911,True,627.58,1048576,1,
907,True,644.01,1048576,1,
912,True,641.96,1048576,1,
908,True,662.69,1048576,1,
917,True,668.16,1048576,1,
913,True,688.64,1048576,1,
920,True,643.24,1048576,1,
919,True,657.39,1048576,1,
915,True,687.66,1048576,1,
916,True,685.79,1048576,1,
914,True,699.43,1048576,1,
918,True,677.93,1048576,1,
922,True,716.97,1048576,1,
924,True,713.67,1048576,1,
921,True,722.51,1048576,1,
923,True,721.00,1048576,1,
927,True,711.29,1048576,1,
926,True,716.54,1048576,1,
925,True,721.62,1048576,1,
928,True,714.83,1048576,1,
930,True,685.45,1048576,1,
931,True,692.24,1048576,1,
936,True,695.87,1048576,1,
935,True,702.38,1048576,1,
933,True,737.99,1048576,1,
934,True,763.19,1048576,1,
932,True,806.65,1048576,1,
929,True,836.90,1048576,1,
937,True,587.77,1048576,1,
938,True,581.52,1048576,1,
940,True,564.59,1048576,1,
942,True,508.52,1048576,1,
943,True,471.81,1048576,1,
939,True,575.42,1048576,1,
941,True,542.51,1048576,1,
944,True,453.38,1048576,1,
946,True,664.42,1048576,1,
945,True,669.73,1048576,1,
952,True,656.98,1048576,1,
951,True,660.29,1048576,1,
949,True,666.94,1048576,1,
950,True,667.21,1048576,1,
948,True,673.36,1048576,1,
947,True,678.81,1048576,1,
957,True,582.44,1048576,1,
954,True,590.66,1048576,1,
958,True,584.19,1048576,1,
956,True,590.41,1048576,1,
955,True,593.81,1048576,1,
959,True,588.10,1048576,1,
953,True,602.92,1048576,1,
960,True,588.77,1048576,1,
961,True,537.09,1048576,1,
964,True,533.25,1048576,1,
968,True,527.03,1048576,1,
966,True,533.23,1048576,1,
965,True,537.06,1048576,1,
962,True,544.80,1048576,1,
963,True,545.03,1048576,1,
967,True,540.67,1048576,1,
969,True,729.77,1048576,1,
970,True,731.49,1048576,1,
971,True,736.57,1048576,1,
974,True,735.12,1048576,1,
973,True,740.97,1048576,1,
976,True,738.01,1048576,1,
972,True,752.05,1048576,1,
975,True,749.05,1048576,1,
980,True,519.95,1048576,1,
977,True,537.92,1048576,1,
982,True,517.92,1048576,1,
978,True,539.44,1048576,1,
984,True,515.01,1048576,1,
981,True,529.83,1048576,1,
979,True,539.40,1048576,1,
983,True,524.67,1048576,1,
985,True,573.98,1048576,1,
986,True,574.30,1048576,1,
989,True,568.52,1048576,1,
991,True,565.96,1048576,1,
987,True,577.26,1048576,1,
988,True,578.89,1048576,1,
992,True,572.03,1048576,1,
990,True,579.92,1048576,1,
997,True,615.38,1048576,1,
999,True,611.57,1048576,1,
993,True,631.01,1048576,1,
998,True,621.88,1048576,1,
995,True,633.38,1048576,1,
1000,True,623.47,1048576,1,
994,True,641.26,1048576,1,
996,True,643.34,1048576,1,
1001,True,747.41,1048576,1,
1002,True,751.86,1048576,1,
1007,True,740.14,1048576,1,
1008,True,737.66,1048576,1,
1003,True,764.89,1048576,1,
1006,True,810.17,1048576,1,
1005,True,819.33,1048576,1,
1004,True,827.27,1048576,1,
1012,True,720.50,1048576,1,
1010,True,731.47,1048576,1,
1013,True,716.87,1048576,1,
1009,True,743.37,1048576,1,
1015,True,657.36,1048576,1,
1016,True,657.68,1048576,1,
1011,True,737.14,1048576,1,
1014,True,673.47,1048576,1,
1018,True,574.64,1048576,1,
1019,True,575.09,1048576,1,
1017,True,582.49,1048576,1,
1022,True,574.90,1048576,1,
1020,True,583.78,1048576,1,
1021,True,584.60,1048576,1,
1023,True,607.36,1048576,1,
1024,True,615.96,1048576,1,
1027,True,1039.86,1048576,1,
1029,True,1034.69,1048576,1,
1025,True,1050.59,1048576,1,
1026,True,1051.30,1048576,1,
1031,True,1011.91,1048576,1,
1028,True,1048.86,1048576,1,
1030,True,1046.13,1048576,1,
1032,True,1008.71,1048576,1,
1036,True,657.74,1048576,1,
1038,True,654.63,1048576,1,
1034,True,667.55,1048576,1,
1035,True,666.99,1048576,1,
1033,True,677.29,1048576,1,
1037,True,675.49,1048576,1,
1039,True,673.83,1048576,1,
1040,True,674.98,1048576,1,
1047,True,630.97,1048576,1,
1041,True,659.03,1048576,1,
1048,True,631.76,1048576,1,
1043,True,659.03,1048576,1,
1045,True,654.22,1048576,1,
1042,True,668.60,1048576,1,
1044,True,668.67,1048576,1,
1046,True,655.39,1048576,1,
1054,True,631.25,1048576,1,
1051,True,643.25,1048576,1,
1049,True,648.88,1048576,1,
1052,True,644.20,1048576,1,
1053,True,642.70,1048576,1,
1050,True,653.63,1048576,1,
1055,True,643.67,1048576,1,
1056,True,644.04,1048576,1,
1057,True,597.64,1048576,1,
1058,True,599.82,1048576,1,
1063,True,587.95,1048576,1,
1062,True,595.71,1048576,1,
1064,True,589.69,1048576,1,
1059,True,607.24,1048576,1,
1060,True,611.82,1048576,1,
1061,True,613.74,1048576,1,
1066,True,779.84,1048576,1,
1069,True,775.97,1048576,1,
1068,True,781.61,1048576,1,
1070,True,780.43,1048576,1,
1067,True,791.29,1048576,1,
1072,True,776.56,1048576,1,
1071,True,785.00,1048576,1,
1065,True,806.90,1048576,1,
1080,True,690.37,1048576,1,
1077,True,701.63,1048576,1,
1079,True,697.15,1048576,1,
1073,True,719.93,1048576,1,
1078,True,708.73,1048576,1,
1076,True,718.95,1048576,1,
1074,True,727.78,1048576,1,
1075,True,728.27,1048576,1,
1081,True,661.61,1048576,1,
1088,True,642.13,1048576,1,
1087,True,648.45,1048576,1,
1084,True,660.57,1048576,1,
1086,True,654.40,1048576,1,
1083,True,666.87,1048576,1,
1085,True,663.46,1048576,1,
1082,True,675.38,1048576,1,
1096,True,670.93,1048576,1,
1093,True,681.51,1048576,1,
1095,True,678.32,1048576,1,
1091,True,692.64,1048576,1,
1089,True,699.34,1048576,1,
1090,True,699.32,1048576,1,
1092,True,698.32,1048576,1,
1094,True,701.98,1048576,1,
1099,True,746.68,1048576,1,
1102,True,739.36,1048576,1,
1097,True,755.53,1048576,1,
1100,True,747.47,1048576,1,
1101,True,746.55,1048576,1,
1104,True,735.43,1048576,1,
1103,True,745.57,1048576,1,
1098,True,763.83,1048576,1,
1109,True,706.39,1048576,1,
1107,True,713.83,1048576,1,
1106,True,722.63,1048576,1,
1108,True,723.26,1048576,1,
1105,True,734.59,1048576,1,
1112,True,722.62,1048576,1,
1110,True,732.62,1048576,1,
1111,True,732.85,1048576,1,
1117,True,777.69,1048576,1,
1114,True,796.67,1048576,1,
1118,True,779.96,1048576,1,
1115,True,796.51,1048576,1,
1119,True,786.40,1048576,1,
1116,True,802.74,1048576,1,
1113,True,819.08,1048576,1,
1120,True,791.17,1048576,1,
1127,True,694.06,1048576,1,
1124,True,707.35,1048576,1,
1122,True,717.86,1048576,1,
1123,True,717.88,1048576,1,
1121,True,725.83,1048576,1,
1126,True,710.07,1048576,1,
1128,True,706.67,1048576,1,
1125,True,719.07,1048576,1,
1130,True,784.36,1048576,1,
1133,True,777.56,1048576,1,
1135,True,773.84,1048576,1,
1134,True,778.51,1048576,1,
1131,True,789.43,1048576,1,
1132,True,787.64,1048576,1,
1129,True,799.50,1048576,1,
1136,True,782.12,1048576,1,
1141,True,684.33,1048576,1,
1138,True,692.37,1048576,1,
1144,True,681.11,1048576,1,
1137,True,699.98,1048576,1,
1140,True,696.87,1048576,1,
1143,True,692.31,1048576,1,
1142,True,696.90,1048576,1,
1139,True,705.49,1048576,1,
1152,True,714.17,1048576,1,
1149,True,722.97,1048576,1,
1148,True,728.49,1048576,1,
1145,True,739.69,1048576,1,
1147,True,738.07,1048576,1,
1151,True,732.49,1048576,1,
1150,True,737.42,1048576,1,
1146,True,752.12,1048576,1,
1154,True,677.67,1048576,1,
1153,True,682.01,1048576,1,
1155,True,679.19,1048576,1,
1158,True,670.37,1048576,1,
1157,True,677.64,1048576,1,
1160,True,667.78,1048576,1,
1156,True,683.97,1048576,1,
1159,True,677.31,1048576,1,
1161,True,633.11,1048576,1,
1164,True,628.72,1048576,1,
1167,True,625.37,1048576,1,
1166,True,629.21,1048576,1,
1165,True,634.22,1048576,1,
1162,True,642.93,1048576,1,
1163,True,644.06,1048576,1,
1168,True,636.23,1048576,1,
1169,True,704.59,1048576,1,
1170,True,704.48,1048576,1,
1175,True,692.93,1048576,1,
1171,True,706.11,1048576,1,
1172,True,706.25,1048576,1,
1176,True,694.94,1048576,1,
1173,True,706.06,1048576,1,
1174,True,706.53,1048576,1,
1177,True,652.70,1048576,1,
1178,True,652.50,1048576,1,
1183,True,645.55,1048576,1,
1180,True,653.33,1048576,1,
1184,True,648.54,1048576,1,
1179,True,660.68,1048576,1,
1181,True,658.79,1048576,1,
1182,True,659.00,1048576,1,
1189,True,532.21,1048576,1,
1188,True,536.60,1048576,1,
1190,True,533.21,1048576,1,
1192,True,530.33,1048576,1,
1187,True,544.11,1048576,1,
1186,True,547.70,1048576,1,
1185,True,550.82,1048576,1,
1191,True,538.95,1048576,1,
1194,True,509.06,1048576,1,
1197,True,506.07,1048576,1,
1196,True,509.18,1048576,1,
1199,True,506.48,1048576,1,
1193,True,516.97,1048576,1,
1195,True,516.65,1048576,1,
1200,True,511.42,1048576,1,
1198,True,516.58,1048576,1,
1208,True,661.74,1048576,1,
1205,True,671.62,1048576,1,
1206,True,670.66,1048576,1,
1202,True,681.52,1048576,1,
1201,True,685.40,1048576,1,
1203,True,685.10,1048576,1,
1204,True,687.71,1048576,1,
1207,True,683.83,1048576,1,
1209,True,565.89,1048576,1,
1210,True,566.94,1048576,1,
1211,True,570.94,1048576,1,
1213,True,568.38,1048576,1,
1212,True,574.10,1048576,1,
1216,True,565.37,1048576,1,
1214,True,577.67,1048576,1,
1215,True,578.20,1048576,1,
1217,True,516.82,1048576,1,
1219,True,508.97,1048576,1,
1221,True,503.93,1048576,1,
1223,True,497.40,1048576,1,
1218,True,519.45,1048576,1,
1222,True,505.16,1048576,1,
1220,True,514.60,1048576,1,
1224,True,499.21,1048576,1,
1230,True,570.75,1048576,1,
1231,True,570.81,1048576,1,
1227,True,579.76,1048576,1,
1229,True,578.70,1048576,1,
1226,True,585.75,1048576,1,
1225,True,589.86,1048576,1,
1228,True,586.97,1048576,1,
1232,True,582.07,1048576,1,
1234,True,503.24,1048576,1,
1238,True,496.28,1048576,1,
1233,True,508.48,1048576,1,
1236,True,504.61,1048576,1,
1237,True,503.41,1048576,1,
1239,True,501.65,1048576,1,
1235,True,512.19,1048576,1,
1240,True,503.35,1048576,1,
1247,True,614.16,1048576,1,
1245,True,620.43,1048576,1,
1246,True,620.47,1048576,1,
1241,True,632.21,1048576,1,
1242,True,632.49,1048576,1,
1244,True,630.86,1048576,1,
1248,True,625.71,1048576,1,
1243,True,636.60,1048576,1,
1254,True,557.67,1048576,1,
1249,True,572.48,1048576,1,
1250,True,573.81,1048576,1,
1253,True,570.45,1048576,1,
1256,True,567.79,1048576,1,
1251,True,581.21,1048576,1,
1252,True,584.17,1048576,1,
1255,True,581.23,1048576,1,
1264,True,558.59,1048576,1,
1262,True,569.49,1048576,1,
1261,True,574.13,1048576,1,
1258,True,586.30,1048576,1,
1263,True,568.30,1048576,1,
1260,True,583.58,1048576,1,
1257,True,596.38,1048576,1,
1259,True,591.53,1048576,1,
1271,True,510.28,1048576,1,
1270,True,515.11,1048576,1,
1266,True,529.72,1048576,1,
1268,True,529.31,1048576,1,
1269,True,530.47,1048576,1,
1265,True,540.46,1048576,1,
1267,True,543.43,1048576,1,
1272,True,537.03,1048576,1,
1274,True,647.03,1048576,1,
1273,True,652.24,1048576,1,
1279,True,630.67,1048576,1,
1275,True,647.30,1048576,1,
1280,True,629.77,1048576,1,
1276,True,648.52,1048576,1,
1277,True,647.33,1048576,1,
1278,True,647.99,1048576,1,
1283,True,665.83,1048576,1,
1282,True,670.28,1048576,1,
1285,True,665.61,1048576,1,
1281,True,676.51,1048576,1,
1286,True,668.97,1048576,1,
1287,True,669.88,1048576,1,
1288,True,670.45,1048576,1,
1284,True,684.58,1048576,1,
1292,True,653.93,1048576,1,
1293,True,652.61,1048576,1,
1294,True,652.28,1048576,1,
1290,True,665.69,1048576,1,
1296,True,649.24,1048576,1,
1289,True,673.85,1048576,1,
1291,True,672.94,1048576,1,
1295,True,665.03,1048576,1,
1300,True,561.79,1048576,1,
1302,True,557.58,1048576,1,
1304,True,552.26,1048576,1,
1303,True,558.20,1048576,1,
1301,True,567.41,1048576,1,
1297,True,579.18,1048576,1,
1299,True,577.17,1048576,1,
1298,True,581.03,1048576,1,
1305,True,568.15,1048576,1,
1311,True,559.54,1048576,1,
1309,True,565.26,1048576,1,
1306,True,573.53,1048576,1,
1308,True,572.98,1048576,1,
1312,True,569.03,1048576,1,
1310,True,575.79,1048576,1,
1307,True,583.17,1048576,1,
1319,True,595.32,1048576,1,
1315,True,610.53,1048576,1,
1317,True,607.69,1048576,1,
1313,True,620.25,1048576,1,
1318,True,608.73,1048576,1,
1314,True,622.24,1048576,1,
1316,True,620.66,1048576,1,
1320,True,614.49,1048576,1,
1321,True,552.56,1048576,1,
1322,True,552.59,1048576,1,
1328,True,536.62,1048576,1,
1327,True,543.82,1048576,1,
1325,True,552.18,1048576,1,
1323,True,558.14,1048576,1,
1326,True,553.61,1048576,1,
1324,True,559.41,1048576,1,
1330,True,707.01,1048576,1,
1332,True,705.94,1048576,1,
1335,True,701.80,1048576,1,
1333,True,709.12,1048576,1,
1329,True,721.60,1048576,1,
1336,True,708.39,1048576,1,
1334,True,713.99,1048576,1,
1331,True,723.56,1048576,1,
1344,True,579.57,1048576,1,
1340,True,591.35,1048576,1,
1339,True,597.69,1048576,1,
1343,True,589.64,1048576,1,
1341,True,595.45,1048576,1,
1342,True,596.06,1048576,1,
1338,True,607.71,1048576,1,
1337,True,612.00,1048576,1,
1345,True,585.20,1048576,1,
1351,True,574.90,1048576,1,
1350,True,578.32,1048576,1,
1348,True,584.41,1048576,1,
1352,True,579.32,1048576,1,
1347,True,591.29,1048576,1,
1349,True,588.18,1048576,1,
1346,True,597.58,1048576,1,
1357,True,494.32,1048576,1,
1356,True,498.65,1048576,1,
1359,True,495.74,1048576,1,
1360,True,494.64,1048576,1,
1354,True,509.10,1048576,1,
1358,True,502.59,1048576,1,
1353,True,515.80,1048576,1,
1355,True,513.83,1048576,1,
1365,True,649.63,1048576,1,
1367,True,646.95,1048576,1,
1366,True,652.32,1048576,1,
1368,True,649.42,1048576,1,
1362,True,664.57,1048576,1,
1363,True,663.45,1048576,1,
1361,True,670.14,1048576,1,
1364,True,665.00,1048576,1,
1374,True,486.28,1048576,1,
1373,True,489.27,1048576,1,
1375,True,487.53,1048576,1,
1376,True,487.51,1048576,1,
1372,True,496.95,1048576,1,
1370,True,503.86,1048576,1,
1369,True,507.95,1048576,1,
1371,True,505.88,1048576,1,
1377,True,679.89,1048576,1,
1378,True,680.56,1048576,1,
1381,True,676.46,1048576,1,
1379,True,682.45,1048576,1,
1384,True,673.45,1048576,1,
1383,True,677.37,1048576,1,
1380,True,687.76,1048576,1,
1382,True,685.61,1048576,1,
1386,True,593.63,1048576,1,
1387,True,596.42,1048576,1,
1385,True,601.95,1048576,1,
1390,True,594.97,1048576,1,
1389,True,599.00,1048576,1,
1392,True,593.32,1048576,1,
1388,True,606.37,1048576,1,
1391,True,602.24,1048576,1,
1394,True,531.51,1048576,1,
1395,True,531.25,1048576,1,
1397,True,528.28,1048576,1,
1400,True,522.38,1048576,1,
1399,True,526.83,1048576,1,
1396,True,535.92,1048576,1,
1398,True,534.67,1048576,1,
1393,True,549.89,1048576,1,
1406,True,563.82,1048576,1,
1407,True,562.34,1048576,1,
1403,True,572.99,1048576,1,
1408,True,564.96,1048576,1,
1405,True,573.65,1048576,1,
1404,True,577.81,1048576,1,
1402,True,583.10,1048576,1,
1401,True,592.68,1048576,1,
1413,True,509.23,1048576,1,
1415,True,507.33,1048576,1,
1414,True,511.02,1048576,1,
1410,True,522.32,1048576,1,
1416,True,506.68,1048576,1,
1412,True,523.45,1048576,1,
1409,True,532.00,1048576,1,
1411,True,530.39,1048576,1,
1417,True,598.48,1048576,1,
1422,True,588.95,1048576,1,
1418,True,601.85,1048576,1,
1419,True,601.72,1048576,1,
1420,True,601.60,1048576,1,
1423,True,595.69,1048576,1,
1424,True,596.49,1048576,1,
1421,True,606.15,1048576,1,
1430,True,545.04,1048576,1,
1431,True,544.81,1048576,1,
1425,True,562.29,1048576,1,
1432,True,548.07,1048576,1,
1426,True,565.66,1048576,1,
1429,True,561.02,1048576,1,
1428,True,568.18,1048576,1,
1427,True,573.80,1048576,1,
1433,True,611.64,1048576,1,
1436,True,604.95,1048576,1,
1435,True,610.01,1048576,1,
1440,True,595.64,1048576,1,
1434,True,618.30,1048576,1,
1438,True,609.14,1048576,1,
1437,True,613.72,1048576,1,
1439,True,609.52,1048576,1,
1445,True,566.92,1048576,1,
1443,True,577.50,1048576,1,
1441,True,584.15,1048576,1,
1448,True,573.84,1048576,1,
1446,True,582.70,1048576,1,
1447,True,585.90,1048576,1,
1442,True,599.96,1048576,1,
1444,True,598.14,1048576,1,
1449,True,510.53,1048576,1,
1451,True,505.30,1048576,1,
1453,True,498.69,1048576,1,
1456,True,491.71,1048576,1,
1455,True,496.67,1048576,1,
1454,True,501.35,1048576,1,
1450,True,521.28,1048576,1,
1452,True,514.79,1048576,1,
1457,True,583.61,1048576,1,
1458,True,584.12,1048576,1,
1459,True,582.29,1048576,1,
1463,True,576.43,1048576,1,
1464,True,575.63,1048576,1,
1461,True,584.41,1048576,1,
1460,True,588.58,1048576,1,
1462,True,587.09,1048576,1,
1466,True,472.85,1048576,1,
1465,True,480.53,1048576,1,
1471,True,469.36,1048576,1,
1470,True,477.63,1048576,1,
1467,True,486.44,1048576,1,
1472,True,476.49,1048576,1,
1468,True,487.85,1048576,1,
1469,True,489.09,1048576,1,
1475,True,580.05,1048576,1,
1474,True,585.25,1048576,1,
1478,True,574.61,1048576,1,
1477,True,578.25,1048576,1,
1476,True,582.74,1048576,1,
1473,True,598.15,1048576,1,
1480,True,576.19,1048576,1,
1479,True,581.76,1048576,1,
1485,True,500.50,1048576,1,
1482,True,508.65,1048576,1,
1481,True,513.66,1048576,1,
1483,True,510.56,1048576,1,
1488,True,502.86,1048576,1,
1486,True,510.08,1048576,1,
1487,True,511.08,1048576,1,
1484,True,518.47,1048576,1,
1492,True,607.13,1048576,1,
1495,True,601.37,1048576,1,
1491,True,614.41,1048576,1,
1494,True,609.67,1048576,1,
1489,True,622.80,1048576,1,
1490,True,622.78,1048576,1,
1496,True,611.53,1048576,1,
1493,True,621.64,1048576,1,
1498,True,473.65,1048576,1,
1497,True,477.86,1048576,1,
1504,True,464.08,1048576,1,
1501,True,472.63,1048576,1,
1503,True,469.80,1048576,1,
1499,True,480.73,1048576,1,
1502,True,476.24,1048576,1,
1500,True,482.57,1048576,1,
1506,True,588.74,1048576,1,
1510,True,582.40,1048576,1,
1511,True,582.39,1048576,1,
1509,True,587.90,1048576,1,
1512,True,583.68,1048576,1,
1505,True,600.39,1048576,1,
1508,True,596.52,1048576,1,
1507,True,600.51,1048576,1,
1514,True,488.87,1048576,1,
1518,True,483.73,1048576,1,
1515,True,492.18,1048576,1,
1513,True,498.20,1048576,1,
1520,True,486.31,1048576,1,
1516,True,498.75,1048576,1,
1519,True,495.18,1048576,1,
1517,True,510.92,1048576,1,
1524,True,676.63,1048576,1,
1528,True,657.97,1048576,1,
1521,True,688.43,1048576,1,
1526,True,676.97,1048576,1,
1523,True,688.05,1048576,1,
1525,True,685.41,1048576,1,
1522,True,694.57,1048576,1,
1527,True,681.91,1048576,1,
1531,True,588.23,1048576,1,
1529,True,594.22,1048576,1,
1530,True,594.29,1048576,1,
1536,True,584.55,1048576,1,
1535,True,588.87,1048576,1,
1532,True,597.97,1048576,1,
1534,True,594.89,1048576,1,
1533,True,600.09,1048576,1,
1537,True,504.33,1048576,1,
1544,True,489.51,1048576,1,
1540,True,503.07,1048576,1,
1538,True,510.03,1048576,1,
1543,True,500.20,1048576,1,
1542,True,506.20,1048576,1,
1539,True,516.79,1048576,1,
1541,True,515.52,1048576,1,
1546,True,585.11,1048576,1,
1549,True,579.88,1048576,1,
1545,True,591.69,1048576,1,
1547,True,589.63,1048576,1,
1552,True,576.29,1048576,1,
1551,True,582.66,1048576,1,
1550,True,587.00,1048576,1,
1548,True,600.35,1048576,1,
1560,True,475.23,1048576,1,
1553,True,498.01,1048576,1,
1559,True,486.03,1048576,1,
1557,True,491.44,1048576,1,
1555,True,498.28,1048576,1,
1554,True,501.84,1048576,1,
1556,True,498.11,1048576,1,
1558,True,495.87,1048576,1,
1561,True,622.93,1048576,1,
1563,True,621.45,1048576,1,
1562,True,625.66,1048576,1,
1564,True,626.94,1048576,1,
1566,True,626.58,1048576,1,
1565,True,630.17,1048576,1,
1568,True,629.01,1048576,1,
1567,True,633.84,1048576,1,
1573,True,521.55,1048576,1,
1571,True,531.06,1048576,1,
1569,True,537.56,1048576,1,
1570,True,537.61,1048576,1,
1572,True,531.72,1048576,1,
1574,True,528.69,1048576,1,
1575,True,527.00,1048576,1,
1576,True,526.24,1048576,1,
1577,True,600.18,1048576,1,
1582,True,593.82,1048576,1,
1581,True,597.70,1048576,1,
1583,True,596.06,1048576,1,
1578,True,607.29,1048576,1,
1579,True,608.23,1048576,1,
1584,True,600.79,1048576,1,
1580,True,612.41,1048576,1,
1585,True,572.65,1048576,1,
1592,True,558.06,1048576,1,
1588,True,572.42,1048576,1,
1589,True,573.34,1048576,1,
1591,True,572.84,1048576,1,
1590,True,579.99,1048576,1,
1586,True,592.26,1048576,1,
1587,True,593.68,1048576,1,
1593,True,527.54,1048576,1,
1595,True,522.69,1048576,1,
1598,True,513.71,1048576,1,
1597,True,522.21,1048576,1,
1599,True,515.97,1048576,1,
1594,True,536.45,1048576,1,
1600,True,517.78,1048576,1,
1596,True,538.62,1048576,1,
1601,True,575.24,1048576,1,
1604,True,570.02,1048576,1,
1608,True,560.36,1048576,1,
1606,True,570.54,1048576,1,
1603,True,579.12,1048576,1,
1602,True,584.39,1048576,1,
1607,True,571.75,1048576,1,
1605,True,578.62,1048576,1,
1614,True,477.45,1048576,1,
1610,True,486.64,1048576,1,
1612,True,484.10,1048576,1,
1615,True,481.30,1048576,1,
1611,True,489.70,1048576,1,
1616,True,483.67,1048576,1,
1613,True,492.04,1048576,1,
1609,True,502.69,1048576,1,
1619,True,588.33,1048576,1,
1617,True,593.98,1048576,1,
1622,True,586.39,1048576,1,
1620,True,592.54,1048576,1,
1623,True,586.87,1048576,1,
1618,True,601.16,1048576,1,
1624,True,590.00,1048576,1,
1621,True,598.83,1048576,1,
1628,True,491.46,1048576,1,
1630,True,488.79,1048576,1,
1632,True,487.08,1048576,1,
1625,True,503.52,1048576,1,
1626,True,504.03,1048576,1,
1627,True,504.07,1048576,1,
1631,True,497.31,1048576,1,
1629,True,504.26,1048576,1,
1639,True,598.74,1048576,1,
1634,True,610.65,1048576,1,
1635,True,610.21,1048576,1,
1637,True,607.85,1048576,1,
1640,True,603.16,1048576,1,
1636,True,613.35,1048576,1,
1633,True,621.62,1048576,1,
1638,True,612.87,1048576,1,
1643,True,507.51,1048576,1,
1646,True,504.62,1048576,1,
1644,True,509.69,1048576,1,
1645,True,510.10,1048576,1,
1648,True,506.51,1048576,1,
1647,True,510.98,1048576,1,
1641,True,523.73,1048576,1,
1642,True,525.33,1048576,1,
1649,True,611.53,1048576,1,
1651,True,609.57,1048576,1,
1654,True,604.43,1048576,1,
1653,True,609.38,1048576,1,
1650,True,617.07,1048576,1,
1656,True,604.85,1048576,1,
1652,True,617.02,1048576,1,
1655,True,613.47,1048576,1,
1661,True,506.28,1048576,1,
1658,True,518.11,1048576,1,
1659,True,519.94,1048576,1,
1663,True,518.36,1048576,1,
1662,True,523.59,1048576,1,
1664,True,522.76,1048576,1,
1657,True,546.71,1048576,1,
1660,True,547.02,1048576,1,
1669,True,632.75,1048576,1,
1670,True,630.27,1048576,1,
1667,True,645.95,1048576,1,
1672,True,618.53,1048576,1,
1665,True,658.94,1048576,1,
1671,True,627.84,1048576,1,
1666,True,655.74,1048576,1,
1668,True,648.75,1048576,1,
1674,True,582.71,1048576,1,
1676,True,581.21,1048576,1,
1677,True,581.48,1048576,1,
1679,True,582.36,1048576,1,
1680,True,581.49,1048576,1,
1673,True,596.51,1048576,1,
1678,True,589.36,1048576,1,
1675,True,596.11,1048576,1,
1682,True,525.81,1048576,1,
1684,True,521.27,1048576,1,
1685,True,521.17,1048576,1,
1688,True,517.97,1048576,1,
1686,True,524.91,1048576,1,
1687,True,525.56,1048576,1,
1681,True,540.61,1048576,1,
1683,True,540.33,1048576,1,
1689,True,609.95,1048576,1,
1691,True,609.12,1048576,1,
1695,True,602.03,1048576,1,
1690,True,616.01,1048576,1,
1693,True,610.78,1048576,1,
1694,True,611.32,1048576,1,
1696,True,607.74,1048576,1,
1692,True,623.41,1048576,1,
1701,True,499.14,1048576,1,
1700,True,502.84,1048576,1,
1699,True,506.96,1048576,1,
1698,True,511.71,1048576,1,
1703,True,501.97,1048576,1,
1702,True,506.90,1048576,1,
1704,True,503.19,1048576,1,
1697,True,524.36,1048576,1,
1705,True,594.75,1048576,1,
1707,True,593.47,1048576,1,
1712,True,586.75,1048576,1,
1709,True,597.18,1048576,1,
1711,True,594.22,1048576,1,
1710,True,600.34,1048576,1,
1708,True,609.69,1048576,1,
1706,True,615.94,1048576,1,
1715,True,496.31,1048576,1,
1716,True,495.58,1048576,1,
1719,True,487.23,1048576,1,
1714,True,507.68,1048576,1,
1717,True,498.33,1048576,1,
1720,True,491.96,1048576,1,
1713,True,516.49,1048576,1,
1718,True,503.37,1048576,1,
1722,True,583.63,1048576,1,
1721,True,589.33,1048576,1,
1724,True,586.55,1048576,1,
1725,True,586.57,1048576,1,
1723,True,592.81,1048576,1,
1726,True,589.00,1048576,1,
1727,True,589.02,1048576,1,
1728,True,587.53,1048576,1,
1731,True,510.52,1048576,1,
1732,True,513.45,1048576,1,
1729,True,526.29,1048576,1,
1730,True,525.62,1048576,1,
1735,True,517.48,1048576,1,
1733,True,526.15,1048576,1,
1734,True,525.79,1048576,1,
1736,True,528.85,1048576,1,
1743,True,569.17,1048576,1,
1739,True,583.55,1048576,1,
1742,True,575.58,1048576,1,
1744,True,568.38,1048576,1,
1737,True,598.99,1048576,1,
1741,True,585.79,1048576,1,
1740,True,592.53,1048576,1,
1738,True,603.47,1048576,1,
1752,True,568.75,1048576,1,
1745,True,587.26,1048576,1,
1748,True,583.63,1048576,1,
1749,True,583.87,1048576,1,
1750,True,582.92,1048576,1,
1747,True,591.01,1048576,1,
1746,True,594.24,1048576,1,
1751,True,583.90,1048576,1,
1758,True,478.44,1048576,1,
1757,True,481.71,1048576,1,
1754,True,489.49,1048576,1,
1755,True,489.66,1048576,1,
1756,True,489.62,1048576,1,
1753,True,498.18,1048576,1,
1759,True,489.65,1048576,1,
1760,True,491.17,1048576,1,
1765,True,585.02,1048576,1,
1763,True,590.98,1048576,1,
1764,True,590.85,1048576,1,
1762,True,597.16,1048576,1,
1768,True,584.09,1048576,1,
1761,True,602.17,1048576,1,
1767,True,592.00,1048576,1,
1766,True,595.71,1048576,1,
1770,True,484.52,1048576,1,
1774,True,479.21,1048576,1,
1773,True,483.07,1048576,1,
1775,True,480.78,1048576,1,
1772,True,489.19,1048576,1,
1769,True,496.93,1048576,1,
1771,True,495.16,1048576,1,
1776,True,487.96,1048576,1,
1783,True,575.74,1048576,1,
1782,True,579.30,1048576,1,
1777,True,591.69,1048576,1,
1778,True,592.00,1048576,1,
1784,True,581.19,1048576,1,
1781,True,589.65,1048576,1,
1779,True,595.85,1048576,1,
1780,True,598.09,1048576,1,
1791,True,493.50,1048576,1,
1790,True,497.06,1048576,1,
1785,True,509.57,1048576,1,
1788,True,506.67,1048576,1,
1792,True,498.10,1048576,1,
1787,True,512.46,1048576,1,
1789,True,510.77,1048576,1,
1786,True,520.09,1048576,1,
1798,True,623.05,1048576,1,
1800,True,619.25,1048576,1,
1793,True,638.23,1048576,1,
1795,True,636.21,1048576,1,
1794,True,640.30,1048576,1,
1796,True,636.63,1048576,1,
1799,True,631.81,1048576,1,
1797,True,641.35,1048576,1,
1806,True,561.86,1048576,1,
1803,True,573.91,1048576,1,
1804,True,581.04,1048576,1,
1801,True,594.35,1048576,1,
1805,True,591.87,1048576,1,
1807,True,598.25,1048576,1,
1802,True,645.39,1048576,1,
1808,True,640.16,1048576,1,
1809,True,587.41,1048576,1,
1811,True,573.61,1048576,1,
1812,True,568.02,1048576,1,
1816,True,505.77,1048576,1,
1810,True,587.85,1048576,1,
1815,True,525.85,1048576,1,
1813,True,574.58,1048576,1,
1814,True,568.34,1048576,1,
1819,True,562.37,1048576,1,
1817,True,567.88,1048576,1,
1820,True,564.61,1048576,1,
1822,True,558.48,1048576,1,
1821,True,564.89,1048576,1,
1818,True,575.67,1048576,1,
1824,True,562.50,1048576,1,
1823,True,566.68,1048576,1,
1827,True,516.24,1048576,1,
1828,True,515.87,1048576,1,
1831,True,509.31,1048576,1,
1829,True,517.51,1048576,1,
1825,True,529.26,1048576,1,
1830,True,521.45,1048576,1,
1832,True,519.39,1048576,1,
1826,True,539.79,1048576,1,
1833,True,640.18,1048576,1,
1836,True,636.19,1048576,1,
1834,True,644.02,1048576,1,
1840,True,626.72,1048576,1,
1839,True,634.15,1048576,1,
1838,True,639.75,1048576,1,
1837,True,645.15,1048576,1,
1835,True,651.95,1048576,1,
1841,True,544.18,1048576,1,
1844,True,538.43,1048576,1,
1846,True,536.46,1048576,1,
1847,True,536.41,1048576,1,
1845,True,542.99,1048576,1,
1842,True,552.49,1048576,1,
1843,True,551.70,1048576,1,
1848,True,545.24,1048576,1,
1849,True,626.78,1048576,1,
1850,True,627.54,1048576,1,
1853,True,623.30,1048576,1,
1852,True,628.23,1048576,1,
1856,True,619.13,1048576,1,
1851,True,635.03,1048576,1,
1855,True,628.70,1048576,1,
1854,True,636.09,1048576,1,
1859,True,556.03,1048576,1,
1864,True,543.76,1048576,1,
1860,True,559.79,1048576,1,
1861,True,560.89,1048576,1,
1862,True,560.99,1048576,1,
1858,True,573.19,1048576,1,
1863,True,563.90,1048576,1,
1857,True,587.44,1048576,1,
1868,True,542.60,1048576,1,
1869,True,541.62,1048576,1,
1865,True,555.74,1048576,1,
1867,True,551.28,1048576,1,
1871,True,542.48,1048576,1,
1872,True,536.25,1048576,1,
1870,True,550.07,1048576,1,
1866,True,565.83,1048576,1,
1878,True,555.34,1048576,1,
1874,True,568.66,1048576,1,
1879,True,563.66,1048576,1,
1877,True,573.39,1048576,1,
1875,True,581.21,1048576,1,
1873,True,590.53,1048576,1,
1880,True,577.68,1048576,1,
1876,True,594.49,1048576,1,
1881,True,511.76,1048576,1,
1882,True,509.57,1048576,1,
1883,True,507.23,1048576,1,
1887,True,489.55,1048576,1,
1885,True,501.04,1048576,1,
1884,True,508.41,1048576,1,
1888,True,492.21,1048576,1,
1886,True,505.04,1048576,1,
1892,True,581.04,1048576,1,
1889,True,589.87,1048576,1,
1891,True,588.64,1048576,1,
1893,True,588.01,1048576,1,
1890,True,596.35,1048576,1,
1895,True,589.41,1048576,1,
1894,True,592.75,1048576,1,
1896,True,591.55,1048576,1,
1897,True,454.32,1048576,1,
1898,True,455.08,1048576,1,
1904,True,438.08,1048576,1,
1902,True,446.57,1048576,1,
1899,True,457.37,1048576,1,
1903,True,449.07,1048576,1,
1900,True,459.60,1048576,1,
1901,True,459.33,1048576,1,
1908,True,570.59,1048576,1,
1911,True,564.93,1048576,1,
1910,True,569.80,1048576,1,
1912,True,567.04,1048576,1,
1906,True,582.64,1048576,1,
1905,True,586.71,1048576,1,
1909,True,581.18,1048576,1,
1907,True,587.19,1048576,1,
1917,True,493.04,1048576,1,
1920,True,488.22,1048576,1,
1919,True,494.64,1048576,1,
1914,True,507.51,1048576,1,
1913,True,511.68,1048576,1,
1918,True,504.94,1048576,1,
1916,True,512.45,1048576,1,
1915,True,516.62,1048576,1,
1922,True,577.97,1048576,1,
1921,True,584.18,1048576,1,
1926,True,572.66,1048576,1,
1923,True,581.52,1048576,1,
1925,True,578.89,1048576,1,
1924,True,582.81,1048576,1,
1928,True,573.40,1048576,1,
1927,True,578.26,1048576,1,
1934,True,487.61,1048576,1,
1932,True,493.29,1048576,1,
1929,True,503.58,1048576,1,
1930,True,502.63,1048576,1,
1931,True,503.81,1048576,1,
1935,True,498.36,1048576,1,
1933,True,503.39,1048576,1,
1936,True,499.28,1048576,1,
1937,True,602.37,1048576,1,
1939,True,599.80,1048576,1,
1942,True,595.37,1048576,1,
1938,True,608.57,1048576,1,
1944,True,597.28,1048576,1,
1941,True,605.05,1048576,1,
1940,True,609.81,1048576,1,
1943,True,606.96,1048576,1,
1945,True,511.28,1048576,1,
1946,True,512.12,1048576,1,
1948,True,509.09,1048576,1,
1949,True,512.31,1048576,1,
1950,True,513.11,1048576,1,
1947,True,525.26,1048576,1,
1951,True,521.00,1048576,1,
1952,True,522.73,1048576,1,
1957,True,711.99,1048576,1,
1954,True,726.35,1048576,1,
1953,True,731.80,1048576,1,
1958,True,713.62,1048576,1,
1960,True,708.74,1048576,1,
1959,True,716.52,1048576,1,
1955,True,738.80,1048576,1,
1956,True,737.45,1048576,1,
1961,True,737.93,1048576,1,
1968,True,721.53,1048576,1,
1965,True,734.28,1048576,1,
1966,True,734.82,1048576,1,
1962,True,751.54,1048576,1,
1963,True,752.98,1048576,1,
1967,True,745.09,1048576,1,
1964,True,759.74,1048576,1,
1972,True,719.79,1048576,1,
1974,True,713.97,1048576,1,
1969,True,736.78,1048576,1,
1973,True,723.87,1048576,1,
1975,True,717.87,1048576,1,
1970,True,742.49,1048576,1,
1971,True,743.14,1048576,1,
1976,True,725.43,1048576,1,
1977,True,723.81,1048576,1,
1978,True,723.20,1048576,1,
1979,True,724.98,1048576,1,
1980,True,724.94,1048576,1,
1984,True,713.97,1048576,1,
1981,True,730.45,1048576,1,
1982,True,731.67,1048576,1,
1983,True,731.99,1048576,1,
1986,True,827.24,1048576,1,
1987,True,824.89,1048576,1,
1991,True,810.76,1048576,1,
1985,True,839.87,1048576,1,
1989,True,830.17,1048576,1,
1988,True,837.29,1048576,1,
1990,True,833.44,1048576,1,
1992,True,829.03,1048576,1,
1995,True,763.26,1048576,1,
1993,True,772.35,1048576,1,
1998,True,755.58,1048576,1,
1997,True,763.73,1048576,1,
1996,True,771.71,1048576,1,
1994,True,781.16,1048576,1,
1999,True,764.26,1048576,1,
2000,True,761.89,1048576,1,
2005,True,690.55,1048576,1,
2002,True,703.69,1048576,1,
2003,True,705.37,1048576,1,
2004,True,706.07,1048576,1,
2007,True,699.82,1048576,1,
2001,True,719.85,1048576,1,
2006,True,709.75,1048576,1,
2008,True,707.83,1048576,1,
2009,True,684.31,1048576,1,
2010,True,684.72,1048576,1,
2016,True,664.00,1048576,1,
2012,True,681.27,1048576,1,
2011,True,689.46,1048576,1,
2015,True,679.22,1048576,1,
2013,True,692.66,1048576,1,
2014,True,695.13,1048576,1,
2021,True,630.54,1048576,1,
2020,True,635.64,1048576,1,
2017,True,647.00,1048576,1,
2024,True,621.54,1048576,1,
2019,True,647.89,1048576,1,
2018,True,654.41,1048576,1,
2023,True,636.79,1048576,1,
2022,True,648.96,1048576,1,
2025,True,524.40,1048576,1,
2026,True,524.63,1048576,1,
2029,True,519.14,1048576,1,
2031,True,515.28,1048576,1,
2032,True,513.90,1048576,1,
2028,True,531.44,1048576,1,
2030,True,526.67,1048576,1,
2027,True,541.91,1048576,1,
2038,True,625.88,1048576,1,
2039,True,624.47,1048576,1,
2036,True,633.54,1048576,1,
2034,True,642.56,1048576,1,
2035,True,641.18,1048576,1,
2040,True,626.72,1048576,1,
2033,True,650.87,1048576,1,
2037,True,642.56,1048576,1,
2048,True,581.70,1048576,1,
2041,True,598.59,1048576,1,
2046,True,591.99,1048576,1,
2042,True,602.40,1048576,1,
2045,True,599.45,1048576,1,
2043,True,606.14,1048576,1,
2047,True,601.69,1048576,1,
2044,True,611.99,1048576,1,
2053,True,593.86,1048576,1,
2055,True,589.70,1048576,1,
2050,True,606.45,1048576,1,
2049,True,610.62,1048576,1,
2054,True,600.52,1048576,1,
2056,True,595.56,1048576,1,
2051,True,614.84,1048576,1,
2052,True,613.44,1048576,1,
2063,True,634.35,1048576,1,
2062,True,639.34,1048576,1,
2064,True,636.68,1048576,1,
2058,True,654.09,1048576,1,
2057,True,659.34,1048576,1,
2061,True,652.06,1048576,1,
2059,True,660.43,1048576,1,
2060,True,660.75,1048576,1,
2067,True,643.85,1048576,1,
2066,True,649.23,1048576,1,
2070,True,642.79,1048576,1,
2065,True,657.46,1048576,1,
2068,True,656.21,1048576,1,
2069,True,655.97,1048576,1,
2072,True,650.99,1048576,1,
2071,True,657.96,1048576,1,
2075,True,634.44,1048576,1,
2073,True,643.23,1048576,1,
2079,True,627.64,1048576,1,
2076,True,642.45,1048576,1,
2080,True,630.16,1048576,1,
2074,True,654.82,1048576,1,
2077,True,648.19,1048576,1,
2078,True,648.61,1048576,1,
2083,True,632.43,1048576,1,
2086,True,625.00,1048576,1,
2081,True,645.13,1048576,1,
2087,True,624.58,1048576,1,
2084,True,639.50,1048576,1,
2088,True,626.72,1048576,1,
2082,True,653.98,1048576,1,
2085,True,642.89,1048576,1,
2093,True,605.09,1048576,1,
2095,True,602.62,1048576,1,
2089,True,620.56,1048576,1,
2096,True,606.42,1048576,1,
2092,True,618.76,1048576,1,
2091,True,624.02,1048576,1,
2090,True,630.45,1048576,1,
2094,True,623.45,1048576,1,
2101,True,679.52,1048576,1,
2103,True,675.76,1048576,1,
2102,True,682.21,1048576,1,
2098,True,697.09,1048576,1,
2100,True,693.94,1048576,1,
2097,True,705.93,1048576,1,
2104,True,692.38,1048576,1,
2099,True,710.49,1048576,1,
2107,True,763.02,1048576,1,
2110,True,758.10,1048576,1,
2109,True,765.97,1048576,1,
2105,True,780.88,1048576,1,
2111,True,762.58,1048576,1,
2108,True,783.51,1048576,1,
2106,True,794.11,1048576,1,
2112,True,776.34,1048576,1,
2117,True,675.02,1048576,1,
2116,True,680.88,1048576,1,
2115,True,686.50,1048576,1,
2120,True,664.48,1048576,1,
2118,True,675.75,1048576,1,
2113,True,701.95,1048576,1,
2114,True,700.44,1048576,1,
2119,True,682.94,1048576,1,
2122,True,594.63,1048576,1,
2125,True,590.03,1048576,1,
2121,True,601.22,1048576,1,
2126,True,593.22,1048576,1,
2124,True,599.87,1048576,1,
2123,True,603.84,1048576,1,
2127,True,595.21,1048576,1,
2128,True,591.97,1048576,1,
2130,True,689.64,1048576,1,
2132,True,686.97,1048576,1,
2135,True,684.27,1048576,1,
2133,True,691.23,1048576,1,
2134,True,693.45,1048576,1,
2129,True,707.68,1048576,1,
2131,True,709.34,1048576,1,
2136,True,702.68,1048576,1,
2140,True,602.87,1048576,1,
2137,True,615.04,1048576,1,
2141,True,607.71,1048576,1,
2138,True,620.75,1048576,1,
2143,True,602.80,1048576,1,
2144,True,602.16,1048576,1,
2142,True,617.25,1048576,1,
2139,True,630.35,1048576,1,
2152,True,593.00,1048576,1,
2146,True,615.99,1048576,1,
2145,True,621.36,1048576,1,
2149,True,608.94,1048576,1,
2147,True,616.92,1048576,1,
2151,True,607.11,1048576,1,
2148,True,619.15,1048576,1,
2150,True,620.15,1048576,1,
2155,True,615.07,1048576,1,
2156,True,614.96,1048576,1,
2159,True,611.14,1048576,1,
2153,True,627.48,1048576,1,
2157,True,622.09,1048576,1,
2160,True,612.39,1048576,1,
2158,True,627.22,1048576,1,
2154,True,639.05,1048576,1,
2165,True,616.00,1048576,1,
2167,True,610.46,1048576,1,
2162,True,629.99,1048576,1,
2168,True,611.87,1048576,1,
2164,True,628.47,1048576,1,
2166,True,624.13,1048576,1,
2161,True,642.18,1048576,1,
2163,True,638.54,1048576,1,
2173,True,658.49,1048576,1,
2169,True,669.51,1048576,1,
2174,True,660.57,1048576,1,
2176,True,657.73,1048576,1,
2170,True,676.63,1048576,1,
2171,True,677.31,1048576,1,
2175,True,671.66,1048576,1,
2172,True,683.90,1048576,1,
2181,True,652.11,1048576,1,
2182,True,651.59,1048576,1,
2180,True,660.76,1048576,1,
2178,True,668.99,1048576,1,
2177,True,673.24,1048576,1,
2183,True,656.72,1048576,1,
2184,True,654.26,1048576,1,
2179,True,678.26,1048576,1,
2192,True,802.13,1048576,1,
2185,True,823.29,1048576,1,
2187,True,821.23,1048576,1,
2189,True,821.24,1048576,1,
2188,True,827.88,1048576,1,
2190,True,826.52,1048576,1,
2186,True,838.52,1048576,1,
2191,True,831.86,1048576,1,
2197,True,675.42,1048576,1,
2199,True,672.38,1048576,1,
2194,True,693.13,1048576,1,
2193,True,700.43,1048576,1,
2198,True,686.19,1048576,1,
2195,True,705.68,1048576,1,
2196,True,704.32,1048576,1,
2200,True,692.55,1048576,1,
2201,True,778.00,1048576,1,
2208,True,753.89,1048576,1,
2202,True,783.27,1048576,1,
2203,True,784.17,1048576,1,
2206,True,772.12,1048576,1,
2205,True,784.21,1048576,1,
2207,True,776.87,1048576,1,
2204,True,792.58,1048576,1,
2212,True,657.72,1048576,1,
2210,True,673.36,1048576,1,
2215,True,655.99,1048576,1,
2209,True,679.87,1048576,1,
2213,True,668.04,1048576,1,
2216,True,664.23,1048576,1,
2214,True,670.37,1048576,1,
2211,True,684.83,1048576,1,
2218,True,542.43,1048576,1,
2217,True,550.36,1048576,1,
2221,True,540.89,1048576,1,
2222,True,537.34,1048576,1,
2219,True,549.86,1048576,1,
2224,True,537.52,1048576,1,
2223,True,543.48,1048576,1,
2220,True,555.54,1048576,1,
2225,True,574.93,1048576,1,
2226,True,574.43,1048576,1,
2232,True,563.13,1048576,1,
2231,True,567.35,1048576,1,
2227,True,579.76,1048576,1,
2229,True,577.14,1048576,1,
2230,True,577.98,1048576,1,
2228,True,584.14,1048576,1,
2233,True,547.19,1048576,1,
2236,True,546.00,1048576,1,
2234,True,553.56,1048576,1,
2239,True,547.76,1048576,1,
2235,True,562.10,1048576,1,
2240,True,556.77,1048576,1,
2237,True,578.82,1048576,1,
2238,True,593.06,1048576,1,
2244,True,591.20,1048576,1,
2242,True,601.62,1048576,1,
2241,True,609.48,1048576,1,
2245,True,591.51,1048576,1,
2246,True,588.92,1048576,1,
2248,True,558.55,1048576,1,
2243,True,608.08,1048576,1,
2247,True,576.93,1048576,1,
2256,True,487.04,1048576,1,
2251,True,497.72,1048576,1,
2253,True,496.25,1048576,1,
2254,True,497.37,1048576,1,
2250,True,507.54,1048576,1,
2252,True,505.32,1048576,1,
2249,True,514.24,1048576,1,
2255,True,507.49,1048576,1,
2257,True,630.60,1048576,1,
2260,True,624.15,1048576,1,
2258,True,632.15,1048576,1,
2261,True,626.22,1048576,1,
2263,True,624.58,1048576,1,
2264,True,622.03,1048576,1,
2259,True,637.87,1048576,1,
2262,True,634.38,1048576,1,
2267,True,495.64,1048576,1,
2269,True,492.95,1048576,1,
2272,True,488.00,1048576,1,
2265,True,507.81,1048576,1,
2268,True,504.27,1048576,1,
2266,True,512.47,1048576,1,
2270,True,505.55,1048576,1,
2271,True,507.23,1048576,1,
2279,True,573.80,1048576,1,
2276,True,583.92,1048576,1,
2278,True,579.39,1048576,1,
2273,True,596.23,1048576,1,
2274,True,594.92,1048576,1,
2275,True,593.67,1048576,1,
2277,True,590.23,1048576,1,
2280,True,581.67,1048576,1,
2283,True,533.23,1048576,1,
2287,True,529.17,1048576,1,
2286,True,535.47,1048576,1,
2282,True,545.40,1048576,1,
2281,True,550.27,1048576,1,
2288,True,541.32,1048576,1,
2284,True,553.83,1048576,1,
2285,True,555.39,1048576,1,
2294,True,526.57,1048576,1,
2295,True,522.37,1048576,1,
2296,True,523.11,1048576,1,
2291,True,543.88,1048576,1,
2290,True,550.56,1048576,1,
2293,True,541.85,1048576,1,
2292,True,547.61,1048576,1,
2289,True,560.86,1048576,1,
2298,True,554.42,1048576,1,
2297,True,559.47,1048576,1,
2302,True,549.40,1048576,1,
2304,True,550.23,1048576,1,
2303,True,554.71,1048576,1,
2300,True,566.02,1048576,1,
2299,True,570.98,1048576,1,
2301,True,568.38,1048576,1,
2312,True,467.82,1048576,1,
2307,True,482.67,1048576,1,
2308,True,481.76,1048576,1,
2306,True,492.70,1048576,1,
2305,True,498.64,1048576,1,
2309,True,486.05,1048576,1,
2311,True,482.13,1048576,1,
2310,True,487.94,1048576,1,
2314,True,575.35,1048576,1,
2319,True,566.81,1048576,1,
2315,True,578.11,1048576,1,
2316,True,576.84,1048576,1,
2318,True,574.66,1048576,1,
2317,True,578.71,1048576,1,
2320,True,574.19,1048576,1,
2313,True,591.73,1048576,1,
2327,True,534.22,1048576,1,
2323,True,544.26,1048576,1,
2328,True,534.95,1048576,1,
2322,True,549.03,1048576,1,
2324,True,547.27,1048576,1,
2326,True,544.94,1048576,1,
2325,True,549.07,1048576,1,
2321,True,557.97,1048576,1,
2335,True,586.39,1048576,1,
2330,True,595.85,1048576,1,
2331,True,596.02,1048576,1,
2332,True,596.80,1048576,1,
2329,True,602.98,1048576,1,
2336,True,594.63,1048576,1,
2334,True,598.96,1048576,1,
2333,True,602.36,1048576,1,
2338,True,499.01,1048576,1,
2337,True,502.29,1048576,1,
2341,True,497.32,1048576,1,
2344,True,494.57,1048576,1,
2343,True,497.91,1048576,1,
2340,True,505.63,1048576,1,
2342,True,503.56,1048576,1,
2339,True,513.97,1048576,1,
2346,True,557.55,1048576,1,
2351,True,548.01,1048576,1,
2350,True,552.53,1048576,1,
2345,True,565.85,1048576,1,
2348,True,561.35,1048576,1,
2347,True,565.39,1048576,1,
2352,True,554.19,1048576,1,
2349,True,563.61,1048576,1,
2357,True,500.19,1048576,1,
2355,True,506.82,1048576,1,
2360,True,499.35,1048576,1,
2358,True,504.35,1048576,1,
2354,True,514.50,1048576,1,
2353,True,518.17,1048576,1,
2359,True,508.48,1048576,1,
2356,True,517.16,1048576,1,
2367,True,620.40,1048576,1,
2363,True,629.99,1048576,1,
2365,True,629.90,1048576,1,
2361,True,639.37,1048576,1,
2368,True,626.35,1048576,1,
2362,True,641.45,1048576,1,
2364,True,640.51,1048576,1,
2366,True,638.22,1048576,1,
2370,True,617.74,1048576,1,
2369,True,622.04,1048576,1,
2375,True,610.45,1048576,1,
2376,True,611.91,1048576,1,
2374,True,620.16,1048576,1,
2371,True,632.39,1048576,1,
2372,True,632.44,1048576,1,
2373,True,633.28,1048576,1,
2380,True,523.42,1048576,1,
2377,True,533.21,1048576,1,
2381,True,522.59,1048576,1,
2378,True,535.26,1048576,1,
2384,True,516.09,1048576,1,
2379,True,536.58,1048576,1,
2383,True,522.85,1048576,1,
2382,True,529.25,1048576,1,
2390,True,525.64,1048576,1,
2391,True,525.13,1048576,1,
2385,True,539.29,1048576,1,
2389,True,532.97,1048576,1,
2392,True,526.90,1048576,1,
2388,True,538.98,1048576,1,
2386,True,545.55,1048576,1,
2387,True,545.41,1048576,1,
2399,True,491.93,1048576,1,
2394,True,502.99,1048576,1,
2396,True,501.07,1048576,1,
2397,True,501.04,1048576,1,
2398,True,501.49,1048576,1,
2395,True,509.65,1048576,1,
2400,True,502.03,1048576,1,
2393,True,518.26,1048576,1,
2408,True,622.28,1048576,1,
2402,True,637.58,1048576,1,
2406,True,631.49,1048576,1,
2407,True,632.82,1048576,1,
2405,True,639.29,1048576,1,
2404,True,645.16,1048576,1,
2403,True,649.15,1048576,1,
2401,True,655.88,1048576,1,
2409,True,480.66,1048576,1,
2411,True,479.13,1048576,1,
2410,True,484.62,1048576,1,
2413,True,479.44,1048576,1,
2412,True,483.99,1048576,1,
2416,True,477.17,1048576,1,
2415,True,482.41,1048576,1,
2414,True,486.94,1048576,1,
2418,True,569.15,1048576,1,
2417,True,573.05,1048576,1,
2420,True,566.41,1048576,1,
2419,True,570.58,1048576,1,
2421,True,568.19,1048576,1,
2422,True,566.00,1048576,1,
2423,True,565.41,1048576,1,
2424,True,565.80,1048576,1,
2430,True,473.50,1048576,1,
2426,True,482.53,1048576,1,
2427,True,482.42,1048576,1,
2428,True,482.66,1048576,1,
2432,True,476.03,1048576,1,
2429,True,484.06,1048576,1,
2431,True,482.21,1048576,1,
2425,True,496.80,1048576,1,
2439,True,591.50,1048576,1,
2436,True,598.88,1048576,1,
2437,True,599.08,1048576,1,
2440,True,593.52,1048576,1,
2438,True,599.89,1048576,1,
2435,True,606.92,1048576,1,
2433,True,611.22,1048576,1,
2434,True,611.23,1048576,1,
2448,True,522.76,1048576,1,
2443,True,532.06,1048576,1,
2442,True,536.80,1048576,1,
2446,True,535.15,1048576,1,
2445,True,539.94,1048576,1,
2444,True,546.28,1048576,1,
2447,True,544.96,1048576,1,
2441,True,557.50,1048576,1,
2454,True,570.60,1048576,1,
2450,True,587.82,1048576,1,
2452,True,581.96,1048576,1,
2453,True,579.84,1048576,1,
2456,True,570.98,1048576,1,
2449,True,596.72,1048576,1,
2451,True,593.90,1048576,1,
2455,True,581.11,1048576,1,
2463,True,522.79,1048576,1,
2464,True,522.17,1048576,1,
2460,True,536.75,1048576,1,
2459,True,541.07,1048576,1,
2458,True,545.11,1048576,1,
2462,True,542.28,1048576,1,
2457,True,555.88,1048576,1,
2461,True,554.24,1048576,1,
2471,True,565.52,1048576,1,
2470,True,573.46,1048576,1,
2472,True,564.93,1048576,1,
2466,True,592.75,1048576,1,
2467,True,590.94,1048576,1,
2465,True,600.80,1048576,1,
2468,True,591.37,1048576,1,
2469,True,591.11,1048576,1,
2473,True,560.73,1048576,1,
2475,True,560.43,1048576,1,
2476,True,559.77,1048576,1,
2478,True,556.05,1048576,1,
2480,True,554.10,1048576,1,
2479,True,560.30,1048576,1,
2474,True,574.42,1048576,1,
2477,True,567.94,1048576,1,
2485,True,483.42,1048576,1,
2486,True,480.95,1048576,1,
2482,True,493.49,1048576,1,
2483,True,494.04,1048576,1,
2487,True,486.08,1048576,1,
2481,True,504.52,1048576,1,
2488,True,488.85,1048576,1,
2484,True,501.11,1048576,1,
2489,True,606.67,1048576,1,
2494,True,597.68,1048576,1,
2495,True,598.04,1048576,1,
2491,True,609.38,1048576,1,
2493,True,606.61,1048576,1,
2492,True,612.64,1048576,1,
2490,True,619.85,1048576,1,
2496,True,609.01,1048576,1,
2503,True,531.47,1048576,1,
2501,True,539.13,1048576,1,
2504,True,531.47,1048576,1,
2499,True,546.23,1048576,1,
2502,True,540.36,1048576,1,
2497,True,556.21,1048576,1,
2500,True,550.38,1048576,1,
2498,True,555.90,1048576,1,
2508,True,595.11,1048576,1,
2507,True,598.50,1048576,1,
2511,True,592.58,1048576,1,
2512,True,592.90,1048576,1,
2509,True,601.14,1048576,1,
2505,True,608.79,1048576,1,
2510,True,600.31,1048576,1,
2506,True,609.71,1048576,1,
2519,True,590.55,1048576,1,
2517,True,625.31,1048576,1,
2515,True,632.09,1048576,1,
2513,True,638.46,1048576,1,
2514,True,640.53,1048576,1,
2518,True,636.23,1048576,1,
2520,True,636.95,1048576,1,
2516,True,648.18,1048576,1,
2521,True,562.14,1048576,1,
2524,True,527.04,1048576,1,
2525,True,525.74,1048576,1,
2526,True,524.75,1048576,1,
2527,True,523.54,1048576,1,
2522,True,541.29,1048576,1,
2523,True,541.38,1048576,1,
2528,True,525.05,1048576,1,
2529,True,528.01,1048576,1,
2532,True,524.36,1048576,1,
2530,True,530.77,1048576,1,
2533,True,526.83,1048576,1,
2536,True,524.45,1048576,1,
2531,True,538.45,1048576,1,
2535,True,531.44,1048576,1,
2534,True,539.90,1048576,1,
2537,True,477.43,1048576,1,
2543,True,461.80,1048576,1,
2539,True,476.08,1048576,1,
2542,True,467.87,1048576,1,
2544,True,461.63,1048576,1,
2540,True,479.88,1048576,1,
2538,True,487.07,1048576,1,
2541,True,480.29,1048576,1,
2545,True,643.16,1048576,1,
2548,True,639.45,1048576,1,
2549,True,640.26,1048576,1,
2546,True,648.08,1048576,1,
2550,True,642.89,1048576,1,
2547,True,650.41,1048576,1,
2551,True,642.95,1048576,1,
2552,True,645.10,1048576,1,
2554,True,488.23,1048576,1,
2557,True,482.47,1048576,1,
2553,True,494.63,1048576,1,
2559,True,483.74,1048576,1,
2556,True,492.30,1048576,1,
2560,True,485.93,1048576,1,
2558,True,493.87,1048576,1,
2555,True,503.02,1048576,1,
2561,True,579.91,1048576,1,
2567,True,566.57,1048576,1,
2566,True,570.59,1048576,1,
2568,True,568.01,1048576,1,
2565,True,578.03,1048576,1,
2563,True,584.74,1048576,1,
2564,True,584.73,1048576,1,
2562,True,591.51,1048576,1,
2575,True,478.41,1048576,1,
2571,True,488.63,1048576,1,
2570,True,492.97,1048576,1,
2569,True,495.78,1048576,1,
2576,True,484.21,1048576,1,
2573,True,492.01,1048576,1,
2574,True,492.75,1048576,1,
2572,True,500.62,1048576,1,
2577,True,557.67,1048576,1,
2579,True,555.56,1048576,1,
2578,True,560.38,1048576,1,
2582,True,554.74,1048576,1,
2583,True,553.55,1048576,1,
2581,True,559.11,1048576,1,
2580,True,563.50,1048576,1,
2584,True,555.04,1048576,1,
2587,True,521.92,1048576,1,
2592,True,517.31,1048576,1,
2589,True,533.95,1048576,1,
2586,True,541.69,1048576,1,
2585,True,546.24,1048576,1,
2591,True,536.08,1048576,1,
2588,True,548.92,1048576,1,
2590,True,553.45,1048576,1,
2593,True,684.02,1048576,1,
2594,True,682.12,1048576,1,
2597,True,711.19,1048576,1,
2595,True,728.48,1048576,1,
2596,True,728.71,1048576,1,
2598,True,739.97,1048576,1,
2600,True,792.18,1048576,1,
2599,True,806.02,1048576,1,
2601,True,626.69,1048576,1,
2602,True,628.49,1048576,1,
2603,True,600.10,1048576,1,
2605,True,595.59,1048576,1,
2606,True,593.30,1048576,1,
2604,True,638.43,1048576,1,
2608,True,583.24,1048576,1,
2607,True,606.91,1048576,1,
2609,True,595.62,1048576,1,
2610,True,595.32,1048576,1,
2611,True,589.33,1048576,1,
2612,True,580.09,1048576,1,
2613,True,570.18,1048576,1,
2614,True,545.25,1048576,1,
2615,True,515.63,1048576,1,
2616,True,533.05,1048576,1,
2617,True,628.21,1048576,1,
2618,True,635.59,1048576,1,
2621,True,633.27,1048576,1,
2619,True,650.11,1048576,1,
2620,True,651.55,1048576,1,
2622,True,663.32,1048576,1,
2623,True,659.71,1048576,1,
2624,True,665.60,1048576,1,
2626,True,566.14,1048576,1,
2625,True,581.75,1048576,1,
2627,True,562.36,1048576,1,
2628,True,555.86,1048576,1,
2629,True,556.35,1048576,1,
2630,True,548.20,1048576,1,
2631,True,583.58,1048576,1,
2632,True,666.18,1048576,1,
2636,True,698.09,1048576,1,
2635,True,707.62,1048576,1,
2633,True,719.80,1048576,1,
2634,True,719.00,1048576,1,
2637,True,711.94,1048576,1,
2638,True,728.25,1048576,1,
2639,True,723.65,1048576,1,
2640,True,615.52,1048576,1,
2641,True,624.57,1048576,1,
2642,True,622.79,1048576,1,
2643,True,635.04,1048576,1,
2646,True,604.44,1048576,1,
2644,True,638.59,1048576,1,
2647,True,575.26,1048576,1,
2645,True,663.20,1048576,1,
2648,True,624.01,1048576,1,
2649,True,526.44,1048576,1,
2650,True,538.38,1048576,1,
2651,True,526.00,1048576,1,
2652,True,527.42,1048576,1,
2653,True,547.64,1048576,1,
2654,True,575.03,1048576,1,
2655,True,571.18,1048576,1,
2656,True,607.94,1048576,1,
2657,True,649.85,1048576,1,
2659,True,642.89,1048576,1,
2658,True,648.94,1048576,1,
2660,True,642.47,1048576,1,
2661,True,661.84,1048576,1,
2662,True,659.30,1048576,1,
2663,True,679.99,1048576,1,
2664,True,645.40,1048576,1,
2665,True,634.32,1048576,1,
2667,True,622.25,1048576,1,
2666,True,625.58,1048576,1,
2668,True,622.40,1048576,1,
2669,True,582.59,1048576,1,
2670,True,557.39,1048576,1,
2671,True,512.74,1048576,1,
2672,True,479.27,1048576,1,
2673,True,494.71,1048576,1,
2675,True,494.26,1048576,1,
2678,True,491.08,1048576,1,
2679,True,490.36,1048576,1,
2674,True,502.35,1048576,1,
2676,True,500.55,1048576,1,
2680,True,493.69,1048576,1,
2677,True,505.50,1048576,1,
2687,True,615.00,1048576,1,
2685,True,621.39,1048576,1,
2682,True,633.39,1048576,1,
2683,True,634.42,1048576,1,
2686,True,631.91,1048576,1,
2684,True,639.56,1048576,1,
2688,True,632.82,1048576,1,
2681,True,653.45,1048576,1,
2689,True,488.51,1048576,1,
2693,True,475.32,1048576,1,
2690,True,489.61,1048576,1,
2692,True,482.15,1048576,1,
2695,True,472.83,1048576,1,
2694,True,478.50,1048576,1,
2691,True,490.96,1048576,1,
2696,True,475.00,1048576,1,
2701,True,570.53,1048576,1,
2704,True,567.17,1048576,1,
2700,True,575.72,1048576,1,
2703,True,572.54,1048576,1,
2697,True,585.45,1048576,1,
2702,True,578.57,1048576,1,
2699,True,585.84,1048576,1,
2698,True,590.27,1048576,1,
2706,True,477.24,1048576,1,
2712,True,465.49,1048576,1,
2711,True,469.79,1048576,1,
2710,True,474.31,1048576,1,
2708,True,479.66,1048576,1,
2705,True,486.42,1048576,1,
2709,True,480.00,1048576,1,
2707,True,485.73,1048576,1,
2718,True,578.29,1048576,1,
2717,True,581.18,1048576,1,
2715,True,586.31,1048576,1,
2719,True,581.82,1048576,1,
2716,True,588.49,1048576,1,
2714,True,593.64,1048576,1,
2720,True,586.38,1048576,1,
2713,True,598.50,1048576,1,
2725,True,486.84,1048576,1,
2727,True,485.11,1048576,1,
2726,True,488.35,1048576,1,
2728,True,486.82,1048576,1,
2723,True,497.38,1048576,1,
2724,True,498.79,1048576,1,
2721,True,504.98,1048576,1,
2722,True,504.77,1048576,1,
2732,True,602.36,1048576,1,
2734,True,599.39,1048576,1,
2729,True,610.05,1048576,1,
2730,True,610.24,1048576,1,
2733,True,607.22,1048576,1,
2736,True,604.88,1048576,1,
2735,True,607.98,1048576,1,
2731,True,616.77,1048576,1,
2742,True,477.91,1048576,1,
2739,True,485.99,1048576,1,
2740,True,485.89,1048576,1,
2738,True,491.83,1048576,1,
2741,True,489.96,1048576,1,
2743,True,486.82,1048576,1,
2737,True,502.18,1048576,1,
2744,True,491.79,1048576,1,
2748,True,625.76,1048576,1,
2747,True,630.31,1048576,1,
2750,True,625.30,1048576,1,
2751,True,624.11,1048576,1,
2745,True,641.74,1048576,1,
2746,True,642.17,1048576,1,
2749,True,637.23,1048576,1,
2752,True,631.20,1048576,1,
2753,True,538.13,1048576,1,
2754,True,541.11,1048576,1,
2759,True,531.65,1048576,1,
2760,True,532.47,1048576,1,
2755,True,547.91,1048576,1,
2758,True,546.59,1048576,1,
2756,True,554.32,1048576,1,
2757,True,557.64,1048576,1,
2768,True,509.65,1048576,1,
2766,True,520.05,1048576,1,
2762,True,536.68,1048576,1,
2764,True,532.39,1048576,1,
2761,True,545.07,1048576,1,
2765,True,532.29,1048576,1,
2763,True,541.55,1048576,1,
2767,True,527.84,1048576,1,
2769,True,570.56,1048576,1,
2774,True,564.41,1048576,1,
2776,True,560.69,1048576,1,
2771,True,572.54,1048576,1,
2773,True,570.87,1048576,1,
2770,True,577.07,1048576,1,
2775,True,569.36,1048576,1,
2772,True,578.14,1048576,1,
2778,True,542.57,1048576,1,
2779,True,542.97,1048576,1,
2782,True,539.70,1048576,1,
2784,True,537.08,1048576,1,
2783,True,541.19,1048576,1,
2777,True,552.42,1048576,1,
2781,True,547.93,1048576,1,
2780,True,552.67,1048576,1,
2787,True,584.17,1048576,1,
2792,True,576.22,1048576,1,
2790,True,583.68,1048576,1,
2786,True,591.68,1048576,1,
2785,True,595.26,1048576,1,
2791,True,587.00,1048576,1,
2788,True,593.43,1048576,1,
2789,True,595.09,1048576,1,
2799,True,515.69,1048576,1,
2795,True,524.35,1048576,1,
2794,True,529.34,1048576,1,
2793,True,533.24,1048576,1,
2797,True,527.39,1048576,1,
2800,True,522.93,1048576,1,
2798,True,530.15,1048576,1,
2796,True,539.79,1048576,1,
2808,True,574.84,1048576,1,
2804,True,588.93,1048576,1,
2806,True,586.92,1048576,1,
2803,True,593.74,1048576,1,
2807,True,587.43,1048576,1,
2802,True,600.01,1048576,1,
2805,True,596.64,1048576,1,
2801,True,607.61,1048576,1,
2811,True,482.81,1048576,1,
2813,True,481.07,1048576,1,
2814,True,481.52,1048576,1,
2810,True,491.24,1048576,1,
2815,True,482.81,1048576,1,
2812,True,491.33,1048576,1,
2809,True,497.57,1048576,1,
2816,True,486.85,1048576,1,
2822,True,541.02,1048576,1,
2819,True,548.98,1048576,1,
2818,True,552.96,1048576,1,
2824,True,541.89,1048576,1,
2821,True,549.52,1048576,1,
2823,True,547.76,1048576,1,
2817,True,561.06,1048576,1,
2820,True,556.04,1048576,1,
2826,True,492.60,1048576,1,
2829,True,489.14,1048576,1,
2830,True,489.05,1048576,1,
2828,True,494.61,1048576,1,
2827,True,497.79,1048576,1,
2825,True,504.22,1048576,1,
2831,True,496.00,1048576,1,
2832,True,496.54,1048576,1,
2833,True,625.24,1048576,1,
2840,True,612.80,1048576,1,
2837,True,621.46,1048576,1,
2835,True,626.94,1048576,1,
2839,True,619.76,1048576,1,
2838,True,623.03,1048576,1,
2836,True,629.10,1048576,1,
2834,True,636.11,1048576,1,
2842,True,566.47,1048576,1,
2845,True,565.06,1048576,1,
2841,True,573.62,1048576,1,
2848,True,564.74,1048576,1,
2843,True,576.55,1048576,1,
2846,True,574.08,1048576,1,
2847,True,577.92,1048576,1,
2844,True,584.33,1048576,1,
2851,True,491.37,1048576,1,
2852,True,489.39,1048576,1,
2855,True,480.94,1048576,1,
2849,True,501.69,1048576,1,
2856,True,482.74,1048576,1,
2853,True,494.58,1048576,1,
2850,True,505.02,1048576,1,
2854,True,496.37,1048576,1,
2864,True,513.17,1048576,1,
2858,True,527.83,1048576,1,
2861,True,525.38,1048576,1,
2862,True,527.98,1048576,1,
2857,True,539.42,1048576,1,
2859,True,539.71,1048576,1,
2863,True,534.57,1048576,1,
2860,True,545.07,1048576,1,
2872,True,485.94,1048576,1,
2870,True,495.29,1048576,1,
2871,True,493.67,1048576,1,
2865,True,514.38,1048576,1,
2868,True,506.60,1048576,1,
2869,True,506.06,1048576,1,
2867,True,517.20,1048576,1,
2866,True,522.54,1048576,1,
2873,True,589.94,1048576,1,
2878,True,582.23,1048576,1,
2876,True,588.05,1048576,1,
2874,True,593.44,1048576,1,
2875,True,593.84,1048576,1,
2877,True,591.97,1048576,1,
2880,True,585.24,1048576,1,
2879,True,589.56,1048576,1,
2881,True,457.41,1048576,1,
2886,True,450.63,1048576,1,
2883,True,459.20,1048576,1,
2887,True,453.08,1048576,1,
2884,True,460.86,1048576,1,
2882,True,466.50,1048576,1,
2885,True,463.67,1048576,1,
2888,True,459.59,1048576,1,
2892,True,590.66,1048576,1,
2895,True,586.40,1048576,1,
2896,True,587.95,1048576,1,
2894,True,594.09,1048576,1,
2890,True,604.66,1048576,1,
2891,True,605.82,1048576,1,
2889,True,612.81,1048576,1,
2893,True,607.77,1048576,1,
2900,True,506.29,1048576,1,
2902,True,501.87,1048576,1,
2898,True,513.99,1048576,1,
2899,True,512.66,1048576,1,
2903,True,504.68,1048576,1,
2897,True,521.45,1048576,1,
2904,True,505.47,1048576,1,
2901,True,515.62,1048576,1,
2909,True,585.37,1048576,1,
2906,True,591.74,1048576,1,
2911,True,584.46,1048576,1,
2908,True,592.78,1048576,1,
2907,True,597.04,1048576,1,
2905,True,601.92,1048576,1,
2910,True,597.24,1048576,1,
2912,True,595.94,1048576,1,
2913,True,487.81,1048576,1,
2919,True,478.16,1048576,1,
2916,True,488.33,1048576,1,
2917,True,487.10,1048576,1,
2914,True,496.07,1048576,1,
2918,True,489.29,1048576,1,
2920,True,485.34,1048576,1,
2915,True,499.96,1048576,1,
2922,True,598.94,1048576,1,
2921,True,604.79,1048576,1,
2924,True,600.13,1048576,1,
2928,True,594.78,1048576,1,
2927,True,598.48,1048576,1,
2923,True,608.18,1048576,1,
2926,True,604.59,1048576,1,
2925,True,610.33,1048576,1,
2931,True,498.86,1048576,1,
2929,True,506.88,1048576,1,
2933,True,499.90,1048576,1,
2936,True,495.21,1048576,1,
2932,True,508.00,1048576,1,
2934,True,507.04,1048576,1,
2935,True,509.18,1048576,1,
2930,True,524.20,1048576,1,
2938,True,608.28,1048576,1,
2937,True,612.79,1048576,1,
2939,True,609.24,1048576,1,
2944,True,594.36,1048576,1,
2940,True,610.29,1048576,1,
2943,True,601.85,1048576,1,
2942,True,607.97,1048576,1,
2941,True,612.16,1048576,1,
2948,True,609.20,1048576,1,
2949,True,608.19,1048576,1,
2950,True,608.25,1048576,1,
2952,True,606.17,1048576,1,
2946,True,618.71,1048576,1,
2951,True,610.93,1048576,1,
2945,True,623.16,1048576,1,
2947,True,621.73,1048576,1,
2953,True,504.34,1048576,1,
2958,True,498.66,1048576,1,
2959,True,499.25,1048576,1,
2957,True,505.54,1048576,1,
2955,True,510.65,1048576,1,
2960,True,504.25,1048576,1,
2956,True,512.26,1048576,1,
2954,True,516.53,1048576,1,
2961,True,507.22,1048576,1,
2968,True,513.44,1048576,1,
2966,True,519.29,1048576,1,
2967,True,520.21,1048576,1,
2964,True,526.94,1048576,1,
2962,True,534.76,1048576,1,
2963,True,534.35,1048576,1,
2965,True,530.76,1048576,1,
2969,True,480.89,1048576,1,
2970,True,464.28,1048576,1,
2976,True,453.29,1048576,1,
2971,True,465.35,1048576,1,
2975,True,458.44,1048576,1,
2972,True,466.46,1048576,1,
2973,True,468.94,1048576,1,
2974,True,468.18,1048576,1,
2983,True,594.23,1048576,1,
2978,True,607.50,1048576,1,
2981,True,603.61,1048576,1,
2980,True,606.86,1048576,1,
2982,True,604.64,1048576,1,
2984,True,600.81,1048576,1,
2979,True,614.02,1048576,1,
2977,True,620.39,1048576,1,
2990,True,472.86,1048576,1,
2987,True,479.77,1048576,1,
2989,True,478.16,1048576,1,
2986,True,484.27,1048576,1,
2988,True,483.30,1048576,1,
2992,True,478.10,1048576,1,
2985,True,491.85,1048576,1,
2991,True,483.69,1048576,1,
3000,True,562.35,1048576,1,
2996,True,571.27,1048576,1,
2995,True,574.21,1048576,1,
2994,True,577.81,1048576,1,
2997,True,573.96,1048576,1,
2993,True,582.20,1048576,1,
2999,True,574.44,1048576,1,
2998,True,580.16,1048576,1,
3005,True,503.84,1048576,1,
3008,True,498.32,1048576,1,
3004,True,510.96,1048576,1,
3001,True,518.10,1048576,1,
3002,True,518.77,1048576,1,
3006,True,515.19,1048576,1,
3007,True,516.51,1048576,1,
3003,True,526.56,1048576,1,
3009,True,588.10,1048576,1,
3010,True,589.64,1048576,1,
3012,True,587.12,1048576,1,
3011,True,591.69,1048576,1,
3016,True,580.26,1048576,1,
3014,True,589.52,1048576,1,
3013,True,593.78,1048576,1,
3015,True,589.95,1048576,1,
3022,True,481.53,1048576,1,
3019,True,490.02,1048576,1,
3017,True,499.10,1048576,1,
3024,True,482.36,1048576,1,
3020,True,496.09,1048576,1,
3018,True,504.56,1048576,1,
3021,True,516.82,1048576,1,
3023,True,520.57,1048576,1,
3025,True,639.03,1048576,1,
3026,True,641.05,1048576,1,
3031,True,611.77,1048576,1,
3027,True,643.41,1048576,1,
3032,True,608.54,1048576,1,
3029,True,642.02,1048576,1,
3030,True,641.09,1048576,1,
3028,True,651.06,1048576,1,
3039,True,540.68,1048576,1,
3036,True,550.27,1048576,1,
3038,True,548.93,1048576,1,
3040,True,550.49,1048576,1,
3035,True,565.61,1048576,1,
3034,True,570.61,1048576,1,
3033,True,579.36,1048576,1,
3037,True,577.14,1048576,1,
3041,True,615.04,1048576,1,
3046,True,597.88,1048576,1,
3044,True,605.72,1048576,1,
3042,True,617.11,1048576,1,
3048,True,590.78,1048576,1,
3043,True,617.73,1048576,1,
3045,True,609.40,1048576,1,
3047,True,603.01,1048576,1,
3049,True,572.08,1048576,1,
3055,True,563.11,1048576,1,
3050,True,573.60,1048576,1,
3053,True,569.86,1048576,1,
3052,True,575.86,1048576,1,
3054,True,574.09,1048576,1,
3056,True,573.89,1048576,1,
3051,True,585.84,1048576,1,
3057,True,481.18,1048576,1,
3062,True,474.78,1048576,1,
3063,True,474.65,1048576,1,
3061,True,483.79,1048576,1,
3064,True,477.21,1048576,1,
3060,True,491.02,1048576,1,
3059,True,495.68,1048576,1,
3058,True,499.94,1048576,1,
3069,True,572.50,1048576,1,
3070,True,571.99,1048576,1,
3065,True,589.53,1048576,1,
3068,True,580.71,1048576,1,
3072,True,573.68,1048576,1,
3066,True,591.68,1048576,1,
3067,True,592.92,1048576,1,
3071,True,586.49,1048576,1,
3073,True,496.00,1048576,1,
3079,True,485.45,1048576,1,
3076,True,495.09,1048576,1,
3077,True,495.32,1048576,1,
3075,True,503.10,1048576,1,
3078,True,499.11,1048576,1,
3080,True,493.36,1048576,1,
3074,True,513.59,1048576,1,
3085,True,568.54,1048576,1,
3088,True,561.31,1048576,1,
3083,True,579.20,1048576,1,
3087,True,571.03,1048576,1,
3081,True,588.64,1048576,1,
3084,True,584.34,1048576,1,
3086,True,581.50,1048576,1,
3082,True,595.71,1048576,1,
3089,True,514.84,1048576,1,
3090,True,517.13,1048576,1,
3091,True,515.28,1048576,1,
3093,True,513.39,1048576,1,
3092,True,518.42,1048576,1,
3094,True,515.33,1048576,1,
3095,True,514.37,1048576,1,
3096,True,512.73,1048576,1,
3101,True,612.52,1048576,1,
3097,True,625.68,1048576,1,
3099,True,621.61,1048576,1,
3102,True,617.35,1048576,1,
3104,True,616.02,1048576,1,
3098,True,632.37,1048576,1,
3100,True,629.74,1048576,1,
3103,True,623.95,1048576,1,
3107,True,493.69,1048576,1,
3109,True,488.83,1048576,1,
3105,True,504.09,1048576,1,
3108,True,499.97,1048576,1,
3111,True,495.71,1048576,1,
3112,True,497.75,1048576,1,
3106,True,517.38,1048576,1,
3110,True,510.96,1048576,1,
3120,True,536.25,1048576,1,
3119,True,542.54,1048576,1,
3113,True,567.75,1048576,1,
3117,True,556.65,1048576,1,
3118,True,554.63,1048576,1,
3114,True,571.49,1048576,1,
3116,True,569.74,1048576,1,
3115,True,574.78,1048576,1,
3121,True,500.48,1048576,1,
3122,True,501.50,1048576,1,
3123,True,500.60,1048576,1,
3127,True,492.31,1048576,1,
3128,True,493.65,1048576,1,
3124,True,510.53,1048576,1,
3126,True,510.23,1048576,1,
3125,True,516.54,1048576,1,
3135,True,547.10,1048576,1,
3136,True,543.36,1048576,1,
3129,True,572.69,1048576,1,
3134,True,558.28,1048576,1,
3130,True,574.69,1048576,1,
3132,True,571.84,1048576,1,
3133,True,570.21,1048576,1,
3131,True,579.55,1048576,1,
3137,True,557.77,1048576,1,
3143,True,547.09,1048576,1,
3141,True,555.35,1048576,1,
3142,True,555.30,1048576,1,
3138,True,569.40,1048576,1,
3140,True,568.25,1048576,1,
3139,True,573.97,1048576,1,
3144,True,566.89,1048576,1,
3147,True,503.09,1048576,1,
3146,True,507.36,1048576,1,
3149,True,499.44,1048576,1,
3148,True,505.55,1048576,1,
3151,True,496.26,1048576,1,
3152,True,493.84,1048576,1,
3145,True,521.34,1048576,1,
3150,True,506.31,1048576,1,
3160,True,550.20,1048576,1,
3154,True,564.26,1048576,1,
3153,True,567.43,1048576,1,
3159,True,558.31,1048576,1,
3157,True,563.72,1048576,1,
3158,True,562.86,1048576,1,
3155,True,570.19,1048576,1,
3156,True,570.73,1048576,1,
3162,True,516.28,1048576,1,
3164,True,515.37,1048576,1,
3167,True,513.34,1048576,1,
3163,True,521.55,1048576,1,
3165,True,520.07,1048576,1,
3161,True,528.48,1048576,1,
3168,True,518.65,1048576,1,
3166,True,526.31,1048576,1,
3169,True,550.97,1048576,1,
3173,True,545.44,1048576,1,
3174,True,545.20,1048576,1,
3172,True,551.25,1048576,1,
3170,True,557.21,1048576,1,
3176,True,546.28,1048576,1,
3171,True,560.77,1048576,1,
3175,True,556.22,1048576,1,
3179,True,476.22,1048576,1,
3181,True,476.45,1048576,1,
3180,True,479.84,1048576,1,
3182,True,477.24,1048576,1,
3183,True,475.68,1048576,1,
3178,True,488.85,1048576,1,
3177,True,494.79,1048576,1,
3184,True,478.07,1048576,1,
3185,True,621.41,1048576,1,
3189,True,613.86,1048576,1,
3191,True,613.29,1048576,1,
3188,True,621.12,1048576,1,
3187,True,624.26,1048576,1,
3190,True,621.01,1048576,1,
3192,True,618.82,1048576,1,
3186,True,632.37,1048576,1,
3198,True,475.54,1048576,1,
3199,True,475.22,1048576,1,
3200,True,474.63,1048576,1,
3197,True,484.68,1048576,1,
3194,True,493.17,1048576,1,
3196,True,490.88,1048576,1,
3195,True,495.81,1048576,1,
3193,True,503.95,1048576,1,
3201,True,547.29,1048576,1,
3202,True,548.89,1048576,1,
3205,True,543.97,1048576,1,
3204,True,547.97,1048576,1,
3208,True,538.99,1048576,1,
3203,True,558.21,1048576,1,
3207,True,548.52,1048576,1,
3206,True,555.32,1048576,1,
3211,True,480.31,1048576,1,
3209,True,488.03,1048576,1,
3212,True,481.83,1048576,1,
3216,True,472.16,1048576,1,
3214,True,479.69,1048576,1,
3213,True,485.27,1048576,1,
3210,True,493.42,1048576,1,
3215,True,480.97,1048576,1,
3219,True,636.52,1048576,1,
3224,True,629.79,1048576,1,
3218,True,641.63,1048576,1,
3220,True,638.86,1048576,1,
3222,True,637.46,1048576,1,
3223,True,637.99,1048576,1,
3221,True,641.91,1048576,1,
3217,True,653.17,1048576,1,
3231,True,546.49,1048576,1,
3229,True,551.92,1048576,1,
3232,True,548.21,1048576,1,
3226,True,563.04,1048576,1,
3225,True,567.96,1048576,1,
3228,True,565.73,1048576,1,
3227,True,571.96,1048576,1,
3230,True,570.88,1048576,1,
3236,True,581.35,1048576,1,
3234,True,589.15,1048576,1,
3240,True,570.06,1048576,1,
3237,True,583.30,1048576,1,
3233,True,597.01,1048576,1,
3239,True,579.98,1048576,1,
3235,True,595.89,1048576,1,
3238,True,588.47,1048576,1,
3247,True,604.53,1048576,1,
3243,True,613.86,1048576,1,
3245,True,612.35,1048576,1,
3246,True,612.00,1048576,1,
3244,True,618.37,1048576,1,
3241,True,624.90,1048576,1,
3242,True,625.56,1048576,1,
3248,True,615.78,1048576,1,
3250,True,493.04,1048576,1,
3256,True,483.39,1048576,1,
3255,True,487.31,1048576,1,
3253,True,492.26,1048576,1,
3251,True,497.93,1048576,1,
3252,True,497.73,1048576,1,
3249,True,504.63,1048576,1,
3254,True,497.89,1048576,1,
3262,True,553.71,1048576,1,
3258,True,561.37,1048576,1,
3260,True,560.55,1048576,1,
3257,True,567.44,1048576,1,
3263,True,559.26,1048576,1,
3261,True,565.26,1048576,1,
3259,True,569.92,1048576,1,
3264,True,562.67,1048576,1,
3271,True,482.63,1048576,1,
3268,True,490.64,1048576,1,
3272,True,484.74,1048576,1,
3269,True,492.36,1048576,1,
3266,True,498.96,1048576,1,
3267,True,498.36,1048576,1,
3270,True,493.51,1048576,1,
3265,True,505.50,1048576,1,
3278,True,584.05,1048576,1,
3280,True,582.33,1048576,1,
3275,True,591.95,1048576,1,
3274,True,596.31,1048576,1,
3279,True,591.23,1048576,1,
3277,True,595.89,1048576,1,
3273,True,604.13,1048576,1,
3276,True,601.57,1048576,1,
3283,True,476.56,1048576,1,
3284,True,475.94,1048576,1,
3286,True,473.10,1048576,1,
3287,True,473.00,1048576,1,
3285,True,478.40,1048576,1,
3288,True,474.58,1048576,1,
3281,True,491.16,1048576,1,
3282,True,493.69,1048576,1,
3289,True,610.05,1048576,1,
3293,True,604.86,1048576,1,
3296,True,598.37,1048576,1,
3292,True,612.32,1048576,1,
3290,True,617.37,1048576,1,
3295,True,610.64,1048576,1,
3294,True,614.73,1048576,1,
3291,True,622.16,1048576,1,
3297,True,455.66,1048576,1,
3298,True,457.65,1048576,1,
3302,True,449.61,1048576,1,
3304,True,448.04,1048576,1,
3301,True,456.21,1048576,1,
3303,True,453.54,1048576,1,
3299,True,465.94,1048576,1,
3300,True,466.54,1048576,1,
3312,True,564.35,1048576,1,
3306,True,580.57,1048576,1,
3305,True,585.91,1048576,1,
3311,True,573.68,1048576,1,
3307,True,583.12,1048576,1,
3310,True,580.24,1048576,1,
3309,True,583.83,1048576,1,
3308,True,588.75,1048576,1,
3313,True,475.29,1048576,1,
3315,True,475.60,1048576,1,
3316,True,475.89,1048576,1,
3317,True,476.94,1048576,1,
3319,True,474.41,1048576,1,
3320,True,474.17,1048576,1,
3318,True,481.75,1048576,1,
3314,True,494.29,1048576,1,
3321,True,575.18,1048576,1,
3326,True,564.00,1048576,1,
3324,True,571.65,1048576,1,
3322,True,578.61,1048576,1,
3328,True,563.35,1048576,1,
3325,True,575.47,1048576,1,
3323,True,584.43,1048576,1,
3327,True,576.20,1048576,1,
3329,True,547.02,1048576,1,
3331,True,549.35,1048576,1,
3332,True,558.67,1048576,1,
3335,True,554.28,1048576,1,
3333,True,577.61,1048576,1,
3336,True,571.78,1048576,1,
3330,True,603.15,1048576,1,
3334,True,597.10,1048576,1,
3339,True,546.73,1048576,1,
3343,True,508.86,1048576,1,
3337,True,568.20,1048576,1,
3338,True,563.31,1048576,1,
3340,True,549.56,1048576,1,
3341,True,535.11,1048576,1,
3342,True,534.27,1048576,1,
3344,True,519.65,1048576,1,
3348,True,587.40,1048576,1,
3349,True,587.57,1048576,1,
3351,True,584.29,1048576,1,
3345,True,596.94,1048576,1,
3347,True,595.37,1048576,1,
3346,True,598.09,1048576,1,
3350,True,593.12,1048576,1,
3352,True,588.44,1048576,1,
3360,True,491.73,1048576,1,
3354,True,503.13,1048576,1,
3357,True,502.55,1048576,1,
3359,True,500.65,1048576,1,
3356,True,508.39,1048576,1,
3358,True,507.18,1048576,1,
3355,True,514.64,1048576,1,
3353,True,520.04,1048576,1,
3361,True,624.01,1048576,1,
3362,True,624.09,1048576,1,
3367,True,614.56,1048576,1,
3366,True,620.17,1048576,1,
3363,True,629.07,1048576,1,
3368,True,619.37,1048576,1,
3364,True,636.06,1048576,1,
3365,True,636.97,1048576,1,
3374,True,475.99,1048576,1,
3370,True,491.94,1048576,1,
3376,True,472.78,1048576,1,
3372,True,490.29,1048576,1,
3373,True,490.25,1048576,1,
3369,True,502.48,1048576,1,
3375,True,484.04,1048576,1,
3371,True,500.47,1048576,1,
3377,True,593.30,1048576,1,
3384,True,581.80,1048576,1,
3378,True,597.16,1048576,1,
3379,True,597.61,1048576,1,
3380,True,596.68,1048576,1,
3382,True,594.10,1048576,1,
3383,True,595.19,1048576,1,
3381,True,601.45,1048576,1,
3392,True,483.85,1048576,1,
3386,True,500.68,1048576,1,
3385,True,508.12,1048576,1,
3389,True,500.71,1048576,1,
3387,True,507.62,1048576,1,
3391,True,502.09,1048576,1,
3390,True,508.77,1048576,1,
3388,True,514.43,1048576,1,
3393,True,592.49,1048576,1,
3394,True,591.56,1048576,1,
3395,True,588.58,1048576,1,
3400,True,576.61,1048576,1,
3398,True,584.37,1048576,1,
3396,True,591.68,1048576,1,
3399,True,584.80,1048576,1,
3397,True,592.40,1048576,1,
3402,True,491.90,1048576,1,
3407,True,484.65,1048576,1,
3401,True,499.07,1048576,1,
3406,True,494.69,1048576,1,
3405,True,499.03,1048576,1,
3404,True,504.69,1048576,1,
3408,True,500.92,1048576,1,
3403,True,512.78,1048576,1,
3411,True,584.65,1048576,1,
3416,True,569.06,1048576,1,
3412,True,582.95,1048576,1,
3414,True,577.32,1048576,1,
3415,True,576.04,1048576,1,
3413,True,584.50,1048576,1,
3409,True,598.94,1048576,1,
3410,True,599.91,1048576,1,
3423,True,530.26,1048576,1,
3419,True,537.87,1048576,1,
3420,True,539.27,1048576,1,
3422,True,540.13,1048576,1,
3418,True,549.86,1048576,1,
3424,True,541.84,1048576,1,
3421,True,553.29,1048576,1,
3417,True,561.12,1048576,1,
3430,True,491.69,1048576,1,
3429,True,495.92,1048576,1,
3432,True,487.82,1048576,1,
3427,True,506.89,1048576,1,
3425,True,513.12,1048576,1,
3426,True,513.29,1048576,1,
3431,True,496.39,1048576,1,
3428,True,510.77,1048576,1,
3439,True,520.68,1048576,1,
3436,True,527.88,1048576,1,
3438,True,527.22,1048576,1,
3437,True,534.04,1048576,1,
3434,True,542.64,1048576,1,
3435,True,544.11,1048576,1,
3433,True,550.94,1048576,1,
3440,True,540.45,1048576,1,
3443,True,520.66,1048576,1,
3446,True,511.10,1048576,1,
3448,True,507.42,1048576,1,
3444,True,521.10,1048576,1,
3447,True,513.10,1048576,1,
3441,True,534.93,1048576,1,
3442,True,533.72,1048576,1,
3445,True,525.05,1048576,1,
3451,True,584.26,1048576,1,
3454,True,580.54,1048576,1,
3452,True,585.70,1048576,1,
3455,True,582.40,1048576,1,
3456,True,581.83,1048576,1,
3450,True,594.22,1048576,1,
3453,True,590.08,1048576,1,
3449,True,602.77,1048576,1,
3457,True,474.66,1048576,1,
3459,True,473.08,1048576,1,
3463,True,468.01,1048576,1,
3462,True,471.00,1048576,1,
3458,True,478.95,1048576,1,
3461,True,475.61,1048576,1,
3460,True,479.08,1048576,1,
3464,True,471.99,1048576,1,
3465,True,571.94,1048576,1,
3472,True,560.80,1048576,1,
3466,True,573.48,1048576,1,
3471,True,568.34,1048576,1,
3467,True,577.15,1048576,1,
3468,True,579.10,1048576,1,
3469,True,580.07,1048576,1,
3470,True,580.79,1048576,1,
3473,True,475.27,1048576,1,
3476,True,473.04,1048576,1,
3475,True,477.87,1048576,1,
3480,True,465.80,1048576,1,
3477,True,476.36,1048576,1,
3478,True,476.02,1048576,1,
3474,True,488.03,1048576,1,
3479,True,477.23,1048576,1,
3488,True,632.22,1048576,1,
3485,True,642.04,1048576,1,
3484,True,645.97,1048576,1,
3482,True,651.75,1048576,1,
3481,True,657.53,1048576,1,
3487,True,646.51,1048576,1,
3486,True,651.73,1048576,1,
3483,True,663.98,1048576,1,
3491,True,478.90,1048576,1,
3490,True,482.86,1048576,1,
3489,True,488.61,1048576,1,
3495,True,475.14,1048576,1,
3494,True,480.87,1048576,1,
3496,True,473.89,1048576,1,
3492,True,491.01,1048576,1,
3493,True,494.54,1048576,1,
3498,True,653.26,1048576,1,
3501,True,674.19,1048576,1,
3500,True,679.99,1048576,1,
3497,True,689.29,1048576,1,
3504,True,671.09,1048576,1,
3503,True,679.58,1048576,1,
3502,True,686.11,1048576,1,
3499,True,696.31,1048576,1,
3506,True,589.54,1048576,1,
3505,True,622.38,1048576,1,
3508,True,591.00,1048576,1,
3509,True,596.48,1048576,1,
3512,True,599.81,1048576,1,
3511,True,628.54,1048576,1,
3507,True,710.28,1048576,1,
3510,True,721.32,1048576,1,
3517,True,559.11,1048576,1,
3513,True,592.32,1048576,1,
3514,True,595.18,1048576,1,
3515,True,595.45,1048576,1,
3516,True,606.99,1048576,1,
3518,True,574.86,1048576,1,
3520,True,514.25,1048576,1,
3519,True,565.80,1048576,1,
3521,True,684.08,1048576,1,
3522,True,681.41,1048576,1,
3523,True,676.53,1048576,1,
3524,True,676.68,1048576,1,
3526,True,653.73,1048576,1,
3525,True,664.83,1048576,1,
3528,True,638.94,1048576,1,
3527,True,701.09,1048576,1,
3531,True,638.09,1048576,1,
3534,True,630.43,1048576,1,
3532,True,641.95,1048576,1,
3533,True,643.08,1048576,1,
3530,True,654.21,1048576,1,
3535,True,600.67,1048576,1,
3529,True,661.88,1048576,1,
3536,True,580.34,1048576,1,
3541,True,494.43,1048576,1,
3542,True,493.72,1048576,1,
3543,True,492.89,1048576,1,
3537,True,513.06,1048576,1,
3538,True,514.82,1048576,1,
3540,True,508.61,1048576,1,
3544,True,498.58,1048576,1,
3539,True,518.69,1048576,1,
3551,True,518.43,1048576,1,
3547,True,533.14,1048576,1,
3552,True,527.19,1048576,1,
3549,True,537.11,1048576,1,
3550,True,540.86,1048576,1,
3546,True,556.07,1048576,1,
3548,True,596.01,1048576,1,
3545,True,677.03,1048576,1,
3553,True,566.53,1048576,1,
3554,True,565.06,1048576,1,
3556,True,556.55,1048576,1,
3555,True,561.11,1048576,1,
3557,True,555.64,1048576,1,
3559,True,508.73,1048576,1,
3558,True,554.23,1048576,1,
3560,True,437.75,1048576,1,
3564,True,562.10,1048576,1,
3561,True,569.91,1048576,1,
3565,True,562.32,1048576,1,
3568,True,557.62,1048576,1,
3562,True,573.14,1048576,1,
3567,True,563.79,1048576,1,
3566,True,566.49,1048576,1,
3563,True,574.66,1048576,1,
3574,True,486.89,1048576,1,
3575,True,488.25,1048576,1,
3569,True,499.36,1048576,1,
3576,True,490.35,1048576,1,
3570,True,501.07,1048576,1,
3571,True,501.81,1048576,1,
3573,True,500.93,1048576,1,
3572,True,506.11,1048576,1,
3583,True,554.25,1048576,1,
3581,True,560.74,1048576,1,
3580,True,564.10,1048576,1,
3579,True,567.50,1048576,1,
3582,True,563.70,1048576,1,
3584,True,559.30,1048576,1,
3578,True,576.42,1048576,1,
3577,True,580.67,1048576,1,
3588,True,479.58,1048576,1,
3592,True,472.49,1048576,1,
3590,True,481.67,1048576,1,
3586,True,490.65,1048576,1,
3587,True,490.88,1048576,1,
3585,True,499.30,1048576,1,
3591,True,489.67,1048576,1,
3589,True,497.74,1048576,1,
3596,True,610.79,1048576,1,
3593,True,620.32,1048576,1,
3598,True,607.45,1048576,1,
3600,True,605.76,1048576,1,
3595,True,622.58,1048576,1,
3597,True,621.81,1048576,1,
3599,True,616.77,1048576,1,
3594,True,637.12,1048576,1,
3601,True,481.65,1048576,1,
3605,True,474.23,1048576,1,
3607,True,470.76,1048576,1,
3602,True,486.55,1048576,1,
3606,True,476.83,1048576,1,
3604,True,485.49,1048576,1,
3603,True,491.13,1048576,1,
3608,True,476.15,1048576,1,
3613,True,586.96,1048576,1,
3614,True,585.27,1048576,1,
3616,True,583.37,1048576,1,
3612,True,593.66,1048576,1,
3609,True,601.73,1048576,1,
3615,True,591.25,1048576,1,
3610,True,603.31,1048576,1,
3611,True,602.75,1048576,1,
3618,True,525.40,1048576,1,
3622,True,519.66,1048576,1,
3619,True,528.41,1048576,1,
3624,True,522.14,1048576,1,
3621,True,530.46,1048576,1,
3620,True,533.49,1048576,1,
3617,True,540.18,1048576,1,
3623,True,530.94,1048576,1,
3629,True,582.20,1048576,1,
3628,True,586.69,1048576,1,
3627,True,590.83,1048576,1,
3630,True,585.64,1048576,1,
3625,True,599.09,1048576,1,
3626,True,598.32,1048576,1,
3631,True,588.75,1048576,1,
3632,True,590.62,1048576,1,
3636,True,510.58,1048576,1,
3634,True,516.72,1048576,1,
3633,True,525.59,1048576,1,
3637,True,529.78,1048576,1,
3635,True,541.78,1048576,1,
3639,True,538.11,1048576,1,
3640,True,538.08,1048576,1,
3638,True,549.25,1048576,1,
3645,True,551.16,1048576,1,
3646,True,550.30,1048576,1,
3642,True,581.96,1048576,1,
3641,True,587.11,1048576,1,
3644,True,568.37,1048576,1,
3647,True,555.59,1048576,1,
3648,True,551.97,1048576,1,
3643,True,588.72,1048576,1,
3655,True,578.73,1048576,1,
3653,True,585.11,1048576,1,
3651,True,591.80,1048576,1,
3656,True,579.93,1048576,1,
3652,True,593.72,1048576,1,
3649,True,603.54,1048576,1,
3654,True,596.04,1048576,1,
3650,True,608.61,1048576,1,
3660,True,488.85,1048576,1,
3663,True,482.33,1048576,1,
3659,True,494.59,1048576,1,
3661,True,491.92,1048576,1,
3664,True,483.13,1048576,1,
3657,True,504.48,1048576,1,
3658,True,508.83,1048576,1,
3662,True,500.77,1048576,1,
3667,True,625.05,1048576,1,
3672,True,612.53,1048576,1,
3671,True,615.92,1048576,1,
3665,True,633.46,1048576,1,
3668,True,630.30,1048576,1,
3669,True,630.83,1048576,1,
3666,True,637.89,1048576,1,
3670,True,628.07,1048576,1,
3677,True,509.52,1048576,1,
3676,True,512.92,1048576,1,
3679,True,510.24,1048576,1,
3674,True,523.66,1048576,1,
3680,True,514.97,1048576,1,
3675,True,527.91,1048576,1,
3673,True,534.84,1048576,1,
3678,True,527.80,1048576,1,
3687,True,527.78,1048576,1,
3686,True,533.27,1048576,1,
3685,True,539.59,1048576,1,
3688,True,535.74,1048576,1,
3683,True,554.38,1048576,1,
3682,True,560.36,1048576,1,
3684,True,556.35,1048576,1,
3681,True,567.73,1048576,1,
3692,True,486.37,1048576,1,
3695,True,478.91,1048576,1,
3694,True,484.15,1048576,1,
3693,True,488.23,1048576,1,
3690,True,502.55,1048576,1,
3691,True,501.33,1048576,1,
3696,True,486.72,1048576,1,
3689,True,510.64,1048576,1,
3697,True,622.45,1048576,1,
3698,True,622.34,1048576,1,
3701,True,619.62,1048576,1,
3700,True,623.66,1048576,1,
3704,True,617.97,1048576,1,
3703,True,622.02,1048576,1,
3702,True,627.34,1048576,1,
3699,True,634.88,1048576,1,
3706,True,502.84,1048576,1,
3708,True,499.57,1048576,1,
3709,True,499.27,1048576,1,
3712,True,495.04,1048576,1,
3705,True,513.75,1048576,1,
3707,True,510.85,1048576,1,
3711,True,504.72,1048576,1,
3710,True,514.48,1048576,1,
3717,True,559.50,1048576,1,
3718,True,559.05,1048576,1,
3716,True,564.69,1048576,1,
3715,True,569.18,1048576,1,
3714,True,573.14,1048576,1,
3719,True,562.46,1048576,1,
3720,True,557.35,1048576,1,
3713,True,585.40,1048576,1,
3728,True,548.08,1048576,1,
3725,True,561.27,1048576,1,
3726,True,561.92,1048576,1,
3723,True,569.67,1048576,1,
3721,True,575.48,1048576,1,
3727,True,570.17,1048576,1,
3724,True,578.88,1048576,1,
3722,True,587.03,1048576,1,
3734,True,509.34,1048576,1,
3731,True,521.51,1048576,1,
3732,True,520.79,1048576,1,
3730,True,528.40,1048576,1,
3729,True,533.57,1048576,1,
3733,True,525.07,1048576,1,
3735,True,520.25,1048576,1,
3736,True,519.42,1048576,1,
3741,True,565.87,1048576,1,
3738,True,574.88,1048576,1,
3744,True,559.80,1048576,1,
3740,True,573.78,1048576,1,
3742,True,571.39,1048576,1,
3743,True,570.32,1048576,1,
3737,True,585.88,1048576,1,
3739,True,584.37,1048576,1,
3752,True,477.78,1048576,1,
3748,True,487.75,1048576,1,
3745,True,495.66,1048576,1,
3746,True,496.04,1048576,1,
3747,True,496.93,1048576,1,
3749,True,494.85,1048576,1,
3751,True,494.14,1048576,1,
3750,True,498.13,1048576,1,
3759,True,556.30,1048576,1,
3755,True,567.35,1048576,1,
3760,True,556.49,1048576,1,
3757,True,566.01,1048576,1,
3754,True,574.70,1048576,1,
3753,True,579.27,1048576,1,
3756,True,573.91,1048576,1,
3758,True,573.30,1048576,1,
3767,True,513.67,1048576,1,
3763,True,523.20,1048576,1,
3761,True,528.47,1048576,1,
3764,True,526.76,1048576,1,
3762,True,532.56,1048576,1,
3766,True,528.92,1048576,1,
3768,True,527.34,1048576,1,
3765,True,537.90,1048576,1,
3769,True,665.89,1048576,1,
3771,True,662.71,1048576,1,
3776,True,649.20,1048576,1,
3772,True,663.21,1048576,1,
3774,True,658.96,1048576,1,
3770,True,672.03,1048576,1,
3773,True,665.75,1048576,1,
3775,True,660.90,1048576,1,
3781,True,476.86,1048576,1,
3780,True,479.96,1048576,1,
3778,True,484.76,1048576,1,
3783,True,478.42,1048576,1,
3782,True,481.46,1048576,1,
3784,True,480.29,1048576,1,
3779,True,490.87,1048576,1,
3777,True,497.89,1048576,1,
3786,True,613.31,1048576,1,
3788,True,611.26,1048576,1,
3790,True,608.42,1048576,1,
3792,True,604.45,1048576,1,
3789,True,614.41,1048576,1,
3785,True,622.40,1048576,1,
3791,True,615.52,1048576,1,
3787,True,625.96,1048576,1,
3797,True,544.71,1048576,1,
3796,True,552.72,1048576,1,
3799,True,547.69,1048576,1,
3798,True,557.77,1048576,1,
3794,True,574.38,1048576,1,
3795,True,584.99,1048576,1,
3800,True,576.28,1048576,1,
3793,True,593.27,1048576,1,
3805,True,547.38,1048576,1,
3804,True,559.01,1048576,1,
3802,True,569.36,1048576,1,
3801,True,576.70,1048576,1,
3803,True,569.56,1048576,1,
3806,True,542.38,1048576,1,
3808,True,538.43,1048576,1,
3807,True,543.71,1048576,1,
3810,True,599.89,1048576,1,
3816,True,595.20,1048576,1,
3815,True,600.38,1048576,1,
3812,True,607.53,1048576,1,
3814,True,608.17,1048576,1,
3809,True,617.54,1048576,1,
3811,True,617.81,1048576,1,
3813,True,618.35,1048576,1,
3819,True,493.02,1048576,1,
3821,True,488.52,1048576,1,
3820,True,493.47,1048576,1,
3818,True,500.91,1048576,1,
3824,True,485.93,1048576,1,
3817,True,511.21,1048576,1,
3823,True,496.25,1048576,1,
3822,True,507.13,1048576,1,
3832,True,505.50,1048576,1,
3828,True,524.80,1048576,1,
3831,True,516.95,1048576,1,
3830,True,523.37,1048576,1,
3827,True,532.72,1048576,1,
3825,True,537.65,1048576,1,
3826,True,537.98,1048576,1,
3829,True,534.57,1048576,1,
3839,True,476.82,1048576,1,
3833,True,489.53,1048576,1,
3838,True,483.13,1048576,1,
3835,True,490.75,1048576,1,
3836,True,490.23,1048576,1,
3840,True,482.66,1048576,1,
3837,True,491.62,1048576,1,
3834,True,498.83,1048576,1,
3842,True,654.93,1048576,1,
3844,True,652.67,1048576,1,
3848,True,648.37,1048576,1,
3841,True,662.39,1048576,1,
3845,True,658.28,1048576,1,
3847,True,657.01,1048576,1,
3846,True,660.77,1048576,1,
3843,True,666.97,1048576,1,
3856,True,490.33,1048576,1,
3853,True,496.80,1048576,1,
3854,True,496.91,1048576,1,
3849,True,510.21,1048576,1,
3852,True,507.71,1048576,1,
3855,True,502.76,1048576,1,
3850,True,516.27,1048576,1,
3851,True,517.50,1048576,1,
3857,True,555.84,1048576,1,
3859,True,554.84,1048576,1,
3858,True,558.71,1048576,1,
3860,True,556.87,1048576,1,
3864,True,548.42,1048576,1,
3861,True,560.91,1048576,1,
3863,True,558.37,1048576,1,
3862,True,563.48,1048576,1,
3867,True,465.17,1048576,1,
3868,True,464.49,1048576,1,
3871,True,456.73,1048576,1,
3866,True,472.46,1048576,1,
3865,True,476.57,1048576,1,
3872,True,458.84,1048576,1,
3870,True,466.05,1048576,1,
3869,True,473.27,1048576,1,
3879,True,573.64,1048576,1,
3878,True,577.05,1048576,1,
3874,True,584.99,1048576,1,
3873,True,589.98,1048576,1,
3875,True,589.00,1048576,1,
3877,True,587.61,1048576,1,
3876,True,590.81,1048576,1,
3880,True,585.28,1048576,1,
3888,True,482.90,1048576,1,
3882,True,498.03,1048576,1,
3881,True,501.13,1048576,1,
3883,True,500.74,1048576,1,
3887,True,494.23,1048576,1,
3885,True,500.18,1048576,1,
3884,True,504.72,1048576,1,
3886,True,504.82,1048576,1,
3892,True,556.33,1048576,1,
3891,True,560.63,1048576,1,
3889,True,566.28,1048576,1,
3895,True,554.56,1048576,1,
3896,True,551.96,1048576,1,
3894,True,559.71,1048576,1,
3890,True,570.45,1048576,1,
3893,True,567.18,1048576,1,
3901,True,567.70,1048576,1,
3898,True,575.49,1048576,1,
3900,True,574.52,1048576,1,
3902,True,576.05,1048576,1,
3899,True,584.03,1048576,1,
3904,True,577.72,1048576,1,
3897,True,595.59,1048576,1,
3903,True,590.27,1048576,1,
3905,True,518.33,1048576,1,
3909,True,510.00,1048576,1,
3906,True,523.57,1048576,1,
3908,True,519.26,1048576,1,
3910,True,516.78,1048576,1,
3911,True,515.49,1048576,1,
3907,True,533.29,1048576,1,
3912,True,515.73,1048576,1,
3917,True,610.02,1048576,1,
3914,True,622.54,1048576,1,
3913,True,629.43,1048576,1,
3920,True,608.57,1048576,1,
3919,True,613.28,1048576,1,
3915,True,627.01,1048576,1,
3918,True,618.60,1048576,1,
3916,True,629.26,1048576,1,
3924,True,496.62,1048576,1,
3928,True,489.43,1048576,1,
3922,True,503.78,1048576,1,
3921,True,507.49,1048576,1,
3923,True,504.61,1048576,1,
3926,True,501.08,1048576,1,
3925,True,504.27,1048576,1,
3927,True,502.31,1048576,1,
3934,True,573.80,1048576,1,
3935,True,573.79,1048576,1,
3930,True,582.94,1048576,1,
3932,True,581.83,1048576,1,
3931,True,584.82,1048576,1,
3929,True,589.97,1048576,1,
3933,True,585.66,1048576,1,
3936,True,582.52,1048576,1,
3937,True,479.28,1048576,1,
3939,True,478.24,1048576,1,
3938,True,483.35,1048576,1,
3940,True,482.72,1048576,1,
3943,True,479.82,1048576,1,
3941,True,485.86,1048576,1,
3944,True,483.54,1048576,1,
3942,True,488.68,1048576,1,
3951,True,606.17,1048576,1,
3946,True,621.90,1048576,1,
3948,True,617.05,1048576,1,
3952,True,609.01,1048576,1,
3945,True,628.50,1048576,1,
3949,True,619.32,1048576,1,
3947,True,626.52,1048576,1,
3950,True,621.88,1048576,1,
3956,True,475.43,1048576,1,
3960,True,469.61,1048576,1,
3958,True,475.73,1048576,1,
3957,True,479.27,1048576,1,
3955,True,483.98,1048576,1,
3959,True,479.06,1048576,1,
3954,True,489.18,1048576,1,
3953,True,494.52,1048576,1,
3965,True,636.88,1048576,1,
3966,True,636.19,1048576,1,
3961,True,646.83,1048576,1,
3968,True,633.83,1048576,1,
3962,True,648.94,1048576,1,
3967,True,642.93,1048576,1,
3964,True,649.88,1048576,1,
3963,True,655.13,1048576,1,
3970,True,524.44,1048576,1,
3974,True,517.94,1048576,1,
3969,True,529.64,1048576,1,
3975,True,519.52,1048576,1,
3972,True,528.29,1048576,1,
3976,True,519.03,1048576,1,
3973,True,528.35,1048576,1,
3971,True,533.83,1048576,1,
3984,True,497.19,1048576,1,
3980,True,504.61,1048576,1,
3979,True,507.85,1048576,1,
3983,True,504.61,1048576,1,
3981,True,508.73,1048576,1,
3982,True,510.86,1048576,1,
3978,True,518.40,1048576,1,
3977,True,521.78,1048576,1,
3985,True,517.93,1048576,1,
3990,True,510.11,1048576,1,
3992,True,511.11,1048576,1,
3988,True,522.33,1048576,1,
3989,True,523.87,1048576,1,
3986,True,532.03,1048576,1,
3987,True,533.91,1048576,1,
3991,True,530.92,1048576,1,
3993,True,587.34,1048576,1,
3999,True,569.31,1048576,1,
3995,True,584.35,1048576,1,
3997,True,579.10,1048576,1,
3998,True,578.34,1048576,1,
3996,True,585.22,1048576,1,
4000,True,571.86,1048576,1,
3994,True,596.20,1048576,1,
4003,True,539.70,1048576,1,
4004,True,539.79,1048576,1,
4001,True,546.78,1048576,1,
4008,True,536.86,1048576,1,
4007,True,541.18,1048576,1,
4006,True,543.77,1048576,1,
4002,True,552.36,1048576,1,
4005,True,549.92,1048576,1,
4014,True,474.55,1048576,1,
4012,True,479.59,1048576,1,
4015,True,475.61,1048576,1,
4009,True,488.15,1048576,1,
4011,True,486.48,1048576,1,
4016,True,478.50,1048576,1,
4010,True,492.63,1048576,1,
4013,True,490.71,1048576,1,
4019,True,612.39,1048576,1,
4023,True,606.61,1048576,1,
4022,True,610.28,1048576,1,
4018,True,619.17,1048576,1,
4020,True,617.98,1048576,1,
4021,True,620.26,1048576,1,
4017,True,629.21,1048576,1,
4024,True,616.04,1048576,1,
4029,True,488.62,1048576,1,
4025,True,497.30,1048576,1,
4027,True,495.56,1048576,1,
4026,True,498.52,1048576,1,
4028,True,497.08,1048576,1,
4031,True,490.32,1048576,1,
4030,True,493.77,1048576,1,
4032,True,491.66,1048576,1,
4036,True,546.44,1048576,1,
4034,True,550.76,1048576,1,
4033,True,554.36,1048576,1,
4040,True,545.04,1048576,1,
4037,True,552.23,1048576,1,
4038,True,553.31,1048576,1,
4039,True,554.88,1048576,1,
4035,True,563.75,1048576,1,
4042,True,480.09,1048576,1,
4045,True,475.27,1048576,1,
4041,True,484.80,1048576,1,
4044,True,481.31,1048576,1,
4046,True,477.68,1048576,1,
4047,True,475.67,1048576,1,
4043,True,487.55,1048576,1,
4048,True,476.41,1048576,1,
4049,True,572.43,1048576,1,
4051,True,570.93,1048576,1,
4052,True,571.27,1048576,1,
4054,True,569.48,1048576,1,
4055,True,570.49,1048576,1,
4056,True,570.34,1048576,1,
4050,True,582.08,1048576,1,
4053,True,578.55,1048576,1,
4058,True,582.62,1048576,1,
4061,True,579.63,1048576,1,
4064,True,577.50,1048576,1,
4062,True,583.40,1048576,1,
4060,True,589.10,1048576,1,
4063,True,585.11,1048576,1,
4057,True,598.27,1048576,1,
4059,True,596.68,1048576,1,
4070,True,575.56,1048576,1,
4067,True,582.98,1048576,1,
4066,True,587.79,1048576,1,
4071,True,577.86,1048576,1,
4072,True,578.69,1048576,1,
4069,True,586.62,1048576,1,
4065,True,598.43,1048576,1,
4068,True,593.13,1048576,1,
4076,True,506.84,1048576,1,
4073,True,514.45,1048576,1,
4074,True,515.78,1048576,1,
4077,True,512.58,1048576,1,
4080,True,509.23,1048576,1,
4078,True,516.63,1048576,1,
4075,True,527.00,1048576,1,
4079,True,522.60,1048576,1,
4084,True,479.67,1048576,1,
4082,True,486.32,1048576,1,
4081,True,491.34,1048576,1,
4088,True,471.11,1048576,1,
4087,True,476.89,1048576,1,
4085,True,485.96,1048576,1,
4083,True,493.20,1048576,1,
4086,True,488.78,1048576,1,
4095,True,540.67,1048576,1,
4091,True,550.45,1048576,1,
4096,True,541.39,1048576,1,
4093,True,552.64,1048576,1,
4089,True,563.83,1048576,1,
4094,True,557.25,1048576,1,
4092,True,562.93,1048576,1,
4090,True,569.58,1048576,1,
4100,True,599.74,1048576,1,
4103,True,592.82,1048576,1,
4097,True,612.06,1048576,1,
4102,True,598.90,1048576,1,
4099,True,610.72,1048576,1,
4098,True,614.92,1048576,1,
4101,True,606.56,1048576,1,
4104,True,600.52,1048576,1,
4109,True,605.27,1048576,1,
4108,True,608.48,1048576,1,
4105,True,615.86,1048576,1,
4110,True,608.64,1048576,1,
4111,True,608.48,1048576,1,
4107,True,617.03,1048576,1,
4106,True,620.66,1048576,1,
4112,True,617.71,1048576,1,
4113,True,522.48,1048576,1,
4115,True,520.80,1048576,1,
4116,True,520.92,1048576,1,
4120,True,510.31,1048576,1,
4114,True,526.93,1048576,1,
4119,True,522.07,1048576,1,
4117,True,528.16,1048576,1,
4118,True,527.91,1048576,1,
4122,True,497.27,1048576,1,
4126,True,491.52,1048576,1,
4123,True,499.07,1048576,1,
4121,True,504.03,1048576,1,
4128,True,492.57,1048576,1,
4127,True,496.08,1048576,1,
4125,True,505.01,1048576,1,
4124,True,508.30,1048576,1,
4136,True,470.85,1048576,1,
4132,True,481.40,1048576,1,
4135,True,476.16,1048576,1,
4129,True,489.93,1048576,1,
4133,True,484.44,1048576,1,
4130,True,491.43,1048576,1,
4134,True,485.68,1048576,1,
4131,True,492.39,1048576,1,
4138,True,626.87,1048576,1,
4137,True,630.15,1048576,1,
4141,True,625.50,1048576,1,
4143,True,624.00,1048576,1,
4142,True,627.12,1048576,1,
4140,True,631.86,1048576,1,
4144,True,627.59,1048576,1,
4139,True,637.64,1048576,1,
4145,True,508.01,1048576,1,
4146,True,508.04,1048576,1,
4147,True,508.68,1048576,1,
4148,True,508.47,1048576,1,
4149,True,509.30,1048576,1,
4152,True,504.89,1048576,1,
4150,True,511.62,1048576,1,
4151,True,512.64,1048576,1,
4153,True,588.62,1048576,1,
4159,True,578.50,1048576,1,
4160,True,577.26,1048576,1,
4158,True,585.28,1048576,1,
4155,True,593.09,1048576,1,
4156,True,593.29,1048576,1,
4154,True,599.42,1048576,1,
4157,True,594.78,1048576,1,
4164,True,524.62,1048576,1,
4165,True,524.69,1048576,1,
4166,True,526.03,1048576,1,
4161,True,540.75,1048576,1,
4163,True,540.05,1048576,1,
4168,True,534.28,1048576,1,
4162,True,552.45,1048576,1,
4167,True,544.48,1048576,1,
4176,True,510.78,1048576,1,
4170,True,536.29,1048576,1,
4175,True,516.84,1048576,1,
4172,True,532.33,1048576,1,
4173,True,531.41,1048576,1,
4169,True,546.98,1048576,1,
4174,True,530.91,1048576,1,
4171,True,547.98,1048576,1,
4179,True,568.00,1048576,1,
4177,True,573.64,1048576,1,
4181,True,569.19,1048576,1,
4184,True,564.21,1048576,1,
4183,True,573.52,1048576,1,
4178,True,586.65,1048576,1,
4182,True,581.56,1048576,1,
4180,True,588.35,1048576,1,
4185,True,525.05,1048576,1,
4190,True,509.74,1048576,1,
4192,True,505.54,1048576,1,
4191,True,509.39,1048576,1,
4187,True,525.28,1048576,1,
4188,True,522.73,1048576,1,
4189,True,520.15,1048576,1,
4186,True,534.04,1048576,1,
4195,True,557.12,1048576,1,
4196,True,558.23,1048576,1,
4200,True,553.55,1048576,1,
4198,True,559.81,1048576,1,
4199,True,560.02,1048576,1,
4193,True,570.60,1048576,1,
4197,True,567.86,1048576,1,
4194,True,574.83,1048576,1,
4207,True,538.22,1048576,1,
4206,True,543.26,1048576,1,
4203,True,550.69,1048576,1,
4202,True,554.73,1048576,1,
4208,True,542.32,1048576,1,
4201,True,559.92,1048576,1,
4205,True,553.24,1048576,1,
4204,True,556.81,1048576,1,
4216,True,571.66,1048576,1,
4214,True,577.23,1048576,1,
4215,True,576.68,1048576,1,
4211,True,585.95,1048576,1,
4212,True,585.97,1048576,1,
4213,True,586.72,1048576,1,
4209,True,595.01,1048576,1,
4210,True,595.82,1048576,1,
4217,True,499.55,1048576,1,
4222,True,491.55,1048576,1,
4218,True,501.13,1048576,1,
4219,True,500.85,1048576,1,
4223,True,493.98,1048576,1,
4221,True,499.15,1048576,1,
4220,True,503.06,1048576,1,
4224,True,496.23,1048576,1,
4226,True,584.46,1048576,1,
4230,True,580.68,1048576,1,
4225,True,589.78,1048576,1,
4229,True,585.42,1048576,1,
4232,True,582.83,1048576,1,
4228,True,590.17,1048576,1,
4231,True,587.53,1048576,1,
4227,True,595.35,1048576,1,
4240,True,517.55,1048576,1,
4237,True,524.19,1048576,1,
4235,True,529.73,1048576,1,
4236,True,529.72,1048576,1,
4234,True,534.54,1048576,1,
4233,True,538.07,1048576,1,
4238,True,530.99,1048576,1,
4239,True,530.19,1048576,1,
4241,True,609.56,1048576,1,
4242,True,610.12,1048576,1,
4243,True,611.04,1048576,1,
4248,True,606.11,1048576,1,
4246,True,611.26,1048576,1,
4244,True,618.45,1048576,1,
4247,True,616.32,1048576,1,
4245,True,622.54,1048576,1,
4249,True,539.38,1048576,1,
4252,True,536.97,1048576,1,
4250,True,545.18,1048576,1,
4256,True,530.65,1048576,1,
4254,True,540.08,1048576,1,
4255,True,543.37,1048576,1,
4253,True,555.26,1048576,1,
4251,True,564.55,1048576,1,
4258,True,575.27,1048576,1,
4260,True,571.20,1048576,1,
4262,True,563.30,1048576,1,
4257,True,585.46,1048576,1,
4264,True,557.20,1048576,1,
4261,True,574.58,1048576,1,
4263,True,565.20,1048576,1,
4259,True,585.61,1048576,1,
4267,True,490.41,1048576,1,
4265,True,495.31,1048576,1,
4271,True,488.08,1048576,1,
4272,True,487.05,1048576,1,
4269,True,494.69,1048576,1,
4266,True,502.02,1048576,1,
4268,True,500.50,1048576,1,
4270,True,500.33,1048576,1,
4276,True,474.41,1048576,1,
4279,True,470.84,1048576,1,
4277,True,476.64,1048576,1,
4278,True,477.00,1048576,1,
4274,True,486.96,1048576,1,
4280,True,475.37,1048576,1,
4273,True,492.07,1048576,1,
4275,True,489.08,1048576,1,
4282,True,577.23,1048576,1,
4288,True,568.62,1048576,1,
4284,True,578.46,1048576,1,
4281,True,587.12,1048576,1,
4285,True,583.10,1048576,1,
4286,True,583.48,1048576,1,
4283,True,593.59,1048576,1,
4287,True,589.76,1048576,1,
4291,True,524.17,1048576,1,
4294,True,517.07,1048576,1,
4289,True,535.05,1048576,1,
4296,True,515.73,1048576,1,
4292,True,531.39,1048576,1,
4293,True,530.10,1048576,1,
4290,True,542.90,1048576,1,
4295,True,534.81,1048576,1,
4297,True,548.12,1048576,1,
4298,True,548.86,1048576,1,
4302,True,540.60,1048576,1,
4301,True,544.98,1048576,1,
4303,True,542.16,1048576,1,
4300,True,552.70,1048576,1,
4299,True,558.32,1048576,1,
4304,True,541.93,1048576,1,
4309,True,478.46,1048576,1,
4305,True,490.57,1048576,1,
4307,True,487.36,1048576,1,
4306,True,491.60,1048576,1,
4311,True,481.66,1048576,1,
4310,True,487.32,1048576,1,
4308,True,495.02,1048576,1,
4312,True,485.90,1048576,1,
4314,True,556.23,1048576,1,
4313,True,559.29,1048576,1,
4315,True,557.38,1048576,1,
4317,True,554.41,1048576,1,
4319,True,552.61,1048576,1,
4320,True,552.06,1048576,1,
4316,True,564.10,1048576,1,
4318,True,560.96,1048576,1,
4327,True,475.26,1048576,1,
4322,True,487.07,1048576,1,
4321,True,490.23,1048576,1,
4326,True,483.27,1048576,1,
4328,True,481.87,1048576,1,
4325,True,490.83,1048576,1,
4324,True,495.11,1048576,1,
4323,True,500.33,1048576,1,
4329,True,557.61,1048576,1,
4330,True,558.06,1048576,1,
4331,True,558.67,1048576,1,
4335,True,550.09,1048576,1,
4334,True,553.89,1048576,1,
4332,True,561.58,1048576,1,
4333,True,560.17,1048576,1,
4336,True,554.69,1048576,1,
4339,True,484.97,1048576,1,
4337,True,491.60,1048576,1,
4338,True,490.38,1048576,1,
4342,True,484.66,1048576,1,
4341,True,487.52,1048576,1,
4343,True,484.98,1048576,1,
4340,True,492.26,1048576,1,
4344,True,485.87,1048576,1,
4345,True,597.09,1048576,1,
4349,True,593.48,1048576,1,
4348,True,597.03,1048576,1,
4352,True,594.30,1048576,1,
4347,True,602.84,1048576,1,
4346,True,606.47,1048576,1,
4351,True,601.57,1048576,1,
4350,True,606.11,1048576,1,
4360,True,515.03,1048576,1,
4359,True,519.55,1048576,1,
4354,True,531.76,1048576,1,
4357,True,527.14,1048576,1,
4356,True,530.27,1048576,1,
4358,True,528.34,1048576,1,
4353,True,540.73,1048576,1,
4355,True,537.93,1048576,1,
4362,True,576.30,1048576,1,
4366,True,572.63,1048576,1,
4367,True,572.69,1048576,1,
4363,True,580.82,1048576,1,
4361,True,584.86,1048576,1,
4365,True,581.05,1048576,1,
4368,True,577.40,1048576,1,
4364,True,585.88,1048576,1,
4372,True,528.71,1048576,1,
4370,True,569.05,1048576,1,
4374,True,587.13,1048576,1,
4375,True,608.44,1048576,1,
4369,True,662.49,1048576,1,
4376,True,668.60,1048576,1,
4373,True,694.53,1048576,1,
4371,True,726.78,1048576,1,
4377,True,586.41,1048576,1,
4378,True,552.54,1048576,1,
4379,True,529.58,1048576,1,
4380,True,511.15,1048576,1,
4381,True,472.69,1048576,1,
4382,True,457.86,1048576,1,
4383,True,473.16,1048576,1,
4384,True,477.13,1048576,1,
4385,True,612.43,1048576,1,
4387,True,610.58,1048576,1,
4386,True,613.55,1048576,1,
4388,True,609.16,1048576,1,
4390,True,604.21,1048576,1,
4389,True,609.70,1048576,1,
4391,True,573.28,1048576,1,
4392,True,543.05,1048576,1,
4394,True,488.22,1048576,1,
4393,True,492.80,1048576,1,
4395,True,489.78,1048576,1,
4399,True,481.93,1048576,1,
4397,True,489.67,1048576,1,
4398,True,489.59,1048576,1,
4396,True,496.61,1048576,1,
4400,True,486.91,1048576,1,
4402,True,677.55,1048576,1,
4401,True,680.24,1048576,1,
4407,True,669.84,1048576,1,
4404,True,678.54,1048576,1,
4405,True,677.74,1048576,1,
4406,True,677.91,1048576,1,
4403,True,687.64,1048576,1,
4408,True,681.00,1048576,1,
4409,True,472.04,1048576,1,
4411,True,470.98,1048576,1,
4410,True,474.48,1048576,1,
4412,True,473.63,1048576,1,
4413,True,472.59,1048576,1,
4414,True,472.65,1048576,1,
4416,True,469.13,1048576,1,
4415,True,475.28,1048576,1,
4423,True,487.20,1048576,1,
4421,True,493.69,1048576,1,
4422,True,494.93,1048576,1,
4424,True,491.59,1048576,1,
4419,True,504.30,1048576,1,
4420,True,503.91,1048576,1,
4418,True,512.30,1048576,1,
4417,True,516.32,1048576,1,
4425,True,436.56,1048576,1,
4428,True,433.05,1048576,1,
4429,True,432.84,1048576,1,
4426,True,441.26,1048576,1,
4432,True,428.30,1048576,1,
4431,True,433.74,1048576,1,
4430,True,439.92,1048576,1,
4427,True,449.13,1048576,1,
4433,True,578.04,1048576,1,
4435,True,575.92,1048576,1,
4434,True,579.21,1048576,1,
4438,True,572.48,1048576,1,
4436,True,579.08,1048576,1,
4440,True,569.63,1048576,1,
4437,True,580.46,1048576,1,
4439,True,578.90,1048576,1,
4447,True,443.31,1048576,1,
4442,True,454.74,1048576,1,
4448,True,444.32,1048576,1,
4444,True,454.61,1048576,1,
4446,True,452.62,1048576,1,
4441,True,463.96,1048576,1,
4445,True,458.07,1048576,1,
4443,True,467.09,1048576,1,
4449,True,517.57,1048576,1,
4450,True,517.40,1048576,1,
4451,True,517.22,1048576,1,
4453,True,515.91,1048576,1,
4452,True,520.01,1048576,1,
4456,True,512.33,1048576,1,
4455,True,520.49,1048576,1,
4454,True,523.46,1048576,1,
4457,True,455.79,1048576,1,
4460,True,452.48,1048576,1,
4458,True,457.88,1048576,1,
4461,True,453.32,1048576,1,
4462,True,451.92,1048576,1,
4463,True,451.59,1048576,1,
4464,True,453.51,1048576,1,
4459,True,467.07,1048576,1,
4470,True,577.91,1048576,1,
4468,True,583.36,1048576,1,
4466,True,588.61,1048576,1,
4472,True,577.62,1048576,1,
4469,True,587.16,1048576,1,
4467,True,592.30,1048576,1,
4471,True,585.03,1048576,1,
4465,True,602.31,1048576,1,
4473,True,445.43,1048576,1,
4477,True,440.85,1048576,1,
4480,True,435.97,1048576,1,
4474,True,450.36,1048576,1,
4475,True,450.85,1048576,1,
4476,True,452.61,1048576,1,
4479,True,448.80,1048576,1,
4478,True,453.48,1048576,1,
4481,True,538.46,1048576,1,
4487,True,525.29,1048576,1,
4483,True,536.30,1048576,1,
4488,True,525.24,1048576,1,
4485,True,535.62,1048576,1,
4484,True,539.26,1048576,1,
4486,True,535.38,1048576,1,
4482,True,546.00,1048576,1,
4495,True,448.79,1048576,1,
4496,True,448.93,1048576,1,
4493,True,454.59,1048576,1,
4490,True,460.91,1048576,1,
4494,True,455.98,1048576,1,
4489,True,464.62,1048576,1,
4492,True,462.55,1048576,1,
4491,True,465.47,1048576,1,
4497,True,554.92,1048576,1,
4500,True,553.64,1048576,1,
4499,True,557.92,1048576,1,
4501,True,558.82,1048576,1,
4502,True,561.37,1048576,1,
4503,True,561.85,1048576,1,
4498,True,571.44,1048576,1,
4504,True,569.98,1048576,1,
4510,True,480.99,1048576,1,
4507,True,492.32,1048576,1,
4505,True,499.30,1048576,1,
4512,True,475.71,1048576,1,
4511,True,484.56,1048576,1,
4506,True,501.32,1048576,1,
4509,True,492.18,1048576,1,
4508,True,498.75,1048576,1,
4517,True,581.82,1048576,1,
4514,True,588.11,1048576,1,
4516,True,588.19,1048576,1,
4515,True,592.39,1048576,1,
4519,True,590.61,1048576,1,
4518,True,593.51,1048576,1,
4520,True,593.11,1048576,1,
4513,True,607.19,1048576,1,
4528,True,590.84,1048576,1,
4525,True,600.69,1048576,1,
4524,True,607.26,1048576,1,
4521,True,617.40,1048576,1,
4527,True,603.90,1048576,1,
4522,True,622.66,1048576,1,
4526,True,615.24,1048576,1,
4523,True,627.43,1048576,1,
4533,True,556.51,1048576,1,
4534,True,554.34,1048576,1,
4536,True,547.99,1048576,1,
4530,True,570.92,1048576,1,
4531,True,569.85,1048576,1,
4535,True,558.95,1048576,1,
4529,True,579.27,1048576,1,
4532,True,574.27,1048576,1,
4541,True,536.32,1048576,1,
4540,True,540.89,1048576,1,
4537,True,549.14,1048576,1,
4538,True,550.68,1048576,1,
4539,True,552.17,1048576,1,
4542,True,548.45,1048576,1,
4543,True,551.01,1048576,1,
4544,True,557.26,1048576,1,
4547,True,681.67,1048576,1,
4550,True,675.14,1048576,1,
4551,True,673.60,1048576,1,
4548,True,686.17,1048576,1,
4545,True,695.75,1048576,1,
4549,True,686.48,1048576,1,
4552,True,672.97,1048576,1,
4546,True,700.53,1048576,1,
4560,True,486.14,1048576,1,
4554,True,500.59,1048576,1,
4559,True,491.69,1048576,1,
4558,True,495.26,1048576,1,
4553,True,507.89,1048576,1,
4556,True,503.43,1048576,1,
4557,True,503.43,1048576,1,
4555,True,508.62,1048576,1,
4561,True,565.70,1048576,1,
4566,True,559.53,1048576,1,
4567,True,559.67,1048576,1,
4562,True,569.86,1048576,1,
4565,True,566.81,1048576,1,
4564,True,570.83,1048576,1,
4563,True,574.56,1048576,1,
4568,True,568.83,1048576,1,
4573,True,485.71,1048576,1,
4576,True,480.53,1048576,1,
4570,True,495.70,1048576,1,
4572,True,493.69,1048576,1,
4574,True,491.64,1048576,1,
4569,True,502.16,1048576,1,
4571,True,501.28,1048576,1,
4575,True,495.31,1048576,1,
4584,True,571.56,1048576,1,
4582,True,578.32,1048576,1,
4578,True,587.57,1048576,1,
4583,True,580.21,1048576,1,
4580,True,588.24,1048576,1,
4581,True,589.37,1048576,1,
4579,True,594.02,1048576,1,
4577,True,604.15,1048576,1,
4585,True,566.63,1048576,1,
4588,True,562.41,1048576,1,
4589,True,565.91,1048576,1,
4587,True,572.32,1048576,1,
4586,True,577.42,1048576,1,
4592,True,563.94,1048576,1,
4590,True,572.56,1048576,1,
4591,True,575.69,1048576,1,
4600,True,556.24,1048576,1,
4595,True,572.55,1048576,1,
4593,True,582.49,1048576,1,
4598,True,569.59,1048576,1,
4596,True,577.07,1048576,1,
4594,True,587.59,1048576,1,
4599,True,573.56,1048576,1,
4597,True,580.92,1048576,1,
4603,True,574.53,1048576,1,
4601,True,579.56,1048576,1,
4602,True,579.16,1048576,1,
4605,True,573.30,1048576,1,
4607,True,571.18,1048576,1,
4606,True,573.71,1048576,1,
4608,True,572.54,1048576,1,
4604,True,581.69,1048576,1,
4616,True,555.34,1048576,1,
4612,True,563.67,1048576,1,
4611,True,566.96,1048576,1,
4614,True,565.32,1048576,1,
4613,True,567.91,1048576,1,
4615,True,565.75,1048576,1,
4609,True,576.76,1048576,1,
4610,True,580.80,1048576,1,
4622,True,459.61,1048576,1,
4617,True,470.77,1048576,1,
4624,True,457.17,1048576,1,
4618,True,474.40,1048576,1,
4621,True,472.52,1048576,1,
4620,True,479.00,1048576,1,
4623,True,476.95,1048576,1,
4619,True,487.48,1048576,1,
4626,True,516.96,1048576,1,
4629,True,508.87,1048576,1,
4632,True,499.36,1048576,1,
4628,True,516.42,1048576,1,
4627,True,522.12,1048576,1,
4631,True,509.77,1048576,1,
4630,True,515.64,1048576,1,
4625,True,535.05,1048576,1,
4633,True,443.84,1048576,1,
4635,True,442.70,1048576,1,
4638,True,439.07,1048576,1,
4636,True,445.33,1048576,1,
4639,True,439.37,1048576,1,
4637,True,446.99,1048576,1,
4640,True,441.31,1048576,1,
4634,True,459.53,1048576,1,
4641,True,486.52,1048576,1,
4644,True,483.04,1048576,1,
4643,True,489.15,1048576,1,
4642,True,495.07,1048576,1,
4648,True,482.60,1048576,1,
4645,True,493.61,1048576,1,
4647,True,494.69,1048576,1,
4646,True,500.51,1048576,1,
4651,True,616.02,1048576,1,
4655,True,603.64,1048576,1,
4656,True,601.83,1048576,1,
4650,True,625.13,1048576,1,
4653,True,616.25,1048576,1,
4654,True,614.78,1048576,1,
4649,True,632.04,1048576,1,
4652,True,627.79,1048576,1,
4662,True,437.03,1048576,1,
4663,True,433.43,1048576,1,
4657,True,447.23,1048576,1,
4659,True,446.28,1048576,1,
4658,True,449.06,1048576,1,
4664,True,438.74,1048576,1,
4661,True,448.62,1048576,1,
4660,True,451.41,1048576,1,
4668,True,472.80,1048576,1,
4670,True,470.59,1048576,1,
4672,True,468.90,1048576,1,
4667,True,479.13,1048576,1,
4665,True,484.02,1048576,1,
4666,True,483.96,1048576,1,
4669,True,480.00,1048576,1,
4671,True,478.79,1048576,1,
4673,True,546.54,1048576,1,
4677,True,545.91,1048576,1,
4674,True,553.19,1048576,1,
4676,True,556.58,1048576,1,
4679,True,558.76,1048576,1,
4675,True,567.04,1048576,1,
4680,True,573.21,1048576,1,
4678,True,581.03,1048576,1,
4683,True,555.84,1048576,1,
4682,True,560.01,1048576,1,
4681,True,566.98,1048576,1,
4685,True,548.33,1048576,1,
4684,True,557.46,1048576,1,
4687,True,536.93,1048576,1,
4686,True,553.47,1048576,1,
4688,True,538.41,1048576,1,
4689,True,538.36,1048576,1,
4693,True,531.94,1048576,1,
4690,True,545.21,1048576,1,
4695,True,534.98,1048576,1,
4696,True,533.02,1048576,1,
4692,True,546.24,1048576,1,
4694,True,545.74,1048576,1,
4691,True,555.75,1048576,1,
4697,True,500.21,1048576,1,
4704,True,481.32,1048576,1,
4703,True,484.32,1048576,1,
4699,True,496.43,1048576,1,
4700,True,496.64,1048576,1,
4702,True,493.93,1048576,1,
4701,True,497.09,1048576,1,
4698,True,507.72,1048576,1,
4708,True,533.19,1048576,1,
4706,True,537.57,1048576,1,
4712,True,531.11,1048576,1,
4711,True,533.83,1048576,1,
4709,True,538.19,1048576,1,
4707,True,542.83,1048576,1,
4705,True,547.81,1048576,1,
4710,True,542.00,1048576,1,
4713,True,464.25,1048576,1,
4716,True,461.24,1048576,1,
4719,True,457.35,1048576,1,
4717,True,462.88,1048576,1,
4714,True,469.82,1048576,1,
4718,True,464.77,1048576,1,
4715,True,473.78,1048576,1,
4720,True,467.99,1048576,1,
4721,True,507.75,1048576,1,
4726,True,501.06,1048576,1,
4725,True,505.34,1048576,1,
4722,True,512.69,1048576,1,
4723,True,512.80,1048576,1,
4728,True,503.31,1048576,1,
4727,True,509.42,1048576,1,
4724,True,518.73,1048576,1,
4729,True,441.51,1048576,1,
4730,True,443.24,1048576,1,
4732,True,440.94,1048576,1,
4733,True,441.32,1048576,1,
4735,True,437.99,1048576,1,
4736,True,437.93,1048576,1,
4731,True,451.67,1048576,1,
4734,True,447.59,1048576,1,
4743,True,535.48,1048576,1,
4744,True,534.84,1048576,1,
4740,True,545.45,1048576,1,
4742,True,542.01,1048576,1,
4739,True,550.64,1048576,1,
4738,True,554.80,1048576,1,
4737,True,560.46,1048576,1,
4741,True,551.32,1048576,1,
4745,True,450.69,1048576,1,
4748,True,449.54,1048576,1,
4746,True,454.12,1048576,1,
4752,True,446.21,1048576,1,
4749,True,453.88,1048576,1,
4747,True,459.68,1048576,1,
4750,True,455.66,1048576,1,
4751,True,456.34,1048576,1,
4755,True,559.32,1048576,1,
4753,True,567.43,1048576,1,
4754,True,566.14,1048576,1,
4756,True,564.19,1048576,1,
4758,True,562.08,1048576,1,
4759,True,562.48,1048576,1,
4757,True,571.75,1048576,1,
4760,True,598.36,1048576,1,
4761,True,454.59,1048576,1,
4762,True,454.06,1048576,1,
4765,True,449.62,1048576,1,
4763,True,456.13,1048576,1,
4766,True,452.51,1048576,1,
4764,True,459.26,1048576,1,
4767,True,450.46,1048576,1,
4768,True,422.55,1048576,1,
4769,True,466.88,1048576,1,
4770,True,466.47,1048576,1,
4772,True,464.10,1048576,1,
4775,True,459.62,1048576,1,
4771,True,469.55,1048576,1,
4773,True,466.34,1048576,1,
4776,True,460.03,1048576,1,
4774,True,469.38,1048576,1,
4777,True,501.02,1048576,1,
4784,True,491.54,1048576,1,
4783,True,505.51,1048576,1,
4781,True,512.70,1048576,1,
4780,True,533.59,1048576,1,
4782,True,532.90,1048576,1,
4778,True,576.40,1048576,1,
4779,True,591.14,1048576,1,
4785,True,498.77,1048576,1,
4786,True,496.10,1048576,1,
4788,True,483.37,1048576,1,
4789,True,465.60,1048576,1,
4792,True,411.96,1048576,1,
4791,True,430.19,1048576,1,
4790,True,469.34,1048576,1,
4787,True,496.41,1048576,1,
4793,True,490.30,1048576,1,
4794,True,490.39,1048576,1,
4799,True,483.22,1048576,1,
4798,True,488.16,1048576,1,
4800,True,485.97,1048576,1,
4795,True,498.22,1048576,1,
4797,True,498.49,1048576,1,
4796,True,504.86,1048576,1,
4802,True,538.06,1048576,1,
4805,True,532.65,1048576,1,
4801,True,543.89,1048576,1,
4803,True,541.02,1048576,1,
4807,True,535.61,1048576,1,
4808,True,533.59,1048576,1,
4804,True,549.90,1048576,1,
4806,True,549.14,1048576,1,
4816,True,608.20,1048576,1,
4811,True,626.54,1048576,1,
4812,True,625.51,1048576,1,
4814,True,619.68,1048576,1,
4810,True,635.00,1048576,1,
4813,True,627.44,1048576,1,
4815,True,623.21,1048576,1,
4809,True,644.50,1048576,1,
4821,True,587.89,1048576,1,
4820,True,593.22,1048576,1,
4819,True,597.22,1048576,1,
4818,True,600.88,1048576,1,
4817,True,604.99,1048576,1,
4823,True,596.21,1048576,1,
4824,True,593.80,1048576,1,
4822,True,602.57,1048576,1,
4831,True,560.80,1048576,1,
4829,True,567.53,1048576,1,
4828,True,576.47,1048576,1,
4827,True,582.13,1048576,1,
4830,True,576.19,1048576,1,
4826,True,590.14,1048576,1,
4832,True,580.15,1048576,1,
4825,True,684.58,1048576,1,
4834,True,578.08,1048576,1,
4833,True,582.26,1048576,1,
4837,True,572.45,1048576,1,
4835,True,579.01,1048576,1,
4836,True,577.99,1048576,1,
4838,True,573.44,1048576,1,
4839,True,570.52,1048576,1,
4840,True,486.87,1048576,1,
4841,True,602.98,1048576,1,
4842,True,603.26,1048576,1,
4844,True,600.10,1048576,1,
4847,True,597.25,1048576,1,
4843,True,607.34,1048576,1,
4846,True,605.12,1048576,1,
4848,True,601.88,1048576,1,
4845,True,612.49,1048576,1,
4855,True,559.90,1048576,1,
4850,True,575.59,1048576,1,
4852,True,571.18,1048576,1,
4856,True,562.53,1048576,1,
4854,True,569.55,1048576,1,
4849,True,584.48,1048576,1,
4851,True,583.00,1048576,1,
4853,True,581.13,1048576,1,
4859,True,586.01,1048576,1,
4857,True,590.61,1048576,1,
4858,True,591.19,1048576,1,
4861,True,587.95,1048576,1,
4864,True,583.19,1048576,1,
4860,True,594.49,1048576,1,
4863,True,591.50,1048576,1,
4862,True,596.80,1048576,1,
4868,True,575.03,1048576,1,
4866,True,581.24,1048576,1,
4871,True,570.86,1048576,1,
4865,True,587.06,1048576,1,
4872,True,573.66,1048576,1,
4867,True,588.93,1048576,1,
4869,True,585.34,1048576,1,
4870,True,587.24,1048576,1,
4876,True,611.06,1048576,1,
4877,True,610.93,1048576,1,
4873,True,622.20,1048576,1,
4875,True,620.44,1048576,1,
4878,True,614.25,1048576,1,
4879,True,615.59,1048576,1,
4874,True,631.82,1048576,1,
4880,True,619.67,1048576,1,
4883,True,574.38,1048576,1,
4885,True,573.12,1048576,1,
4882,True,581.31,1048576,1,
4881,True,585.52,1048576,1,
4886,True,577.53,1048576,1,
4884,True,583.64,1048576,1,
4888,True,574.70,1048576,1,
4887,True,579.19,1048576,1,
4889,True,619.36,1048576,1,
4893,True,612.88,1048576,1,
4895,True,609.81,1048576,1,
4892,True,619.39,1048576,1,
4891,True,623.35,1048576,1,
4896,True,616.24,1048576,1,
4894,True,625.46,1048576,1,
4890,True,637.84,1048576,1,
4897,True,583.27,1048576,1,
4898,True,584.44,1048576,1,
4900,True,582.97,1048576,1,
4904,True,570.22,1048576,1,
4901,True,585.51,1048576,1,
4899,True,591.53,1048576,1,
4903,True,581.49,1048576,1,
4902,True,588.81,1048576,1,
4911,True,582.51,1048576,1,
4912,True,581.61,1048576,1,
4905,True,604.79,1048576,1,
4910,True,593.61,1048576,1,
4908,True,602.37,1048576,1,
4907,True,605.63,1048576,1,
4909,True,602.41,1048576,1,
4906,True,610.22,1048576,1,
4916,True,545.39,1048576,1,
4918,True,543.39,1048576,1,
4920,True,543.30,1048576,1,
4919,True,547.14,1048576,1,
4917,True,552.29,1048576,1,
4915,True,559.79,1048576,1,
4914,True,565.49,1048576,1,
4913,True,574.20,1048576,1,
4922,True,604.04,1048576,1,
4927,True,594.23,1048576,1,
4923,True,606.71,1048576,1,
4924,True,606.46,1048576,1,
4921,True,616.82,1048576,1,
4926,True,608.05,1048576,1,
4925,True,613.11,1048576,1,
4928,True,610.95,1048576,1,
4929,True,493.40,1048576,1,
4930,True,494.16,1048576,1,
4931,True,492.94,1048576,1,
4935,True,486.98,1048576,1,
4934,True,492.50,1048576,1,
4933,True,499.71,1048576,1,
4936,True,488.97,1048576,1,
4932,True,509.00,1048576,1,
4941,True,609.28,1048576,1,
4940,True,614.64,1048576,1,
4942,True,611.03,1048576,1,
4939,True,629.20,1048576,1,
4943,True,616.92,1048576,1,
4938,True,639.18,1048576,1,
4937,True,644.01,1048576,1,
4944,True,623.59,1048576,1,
4945,True,590.88,1048576,1,
4947,True,586.96,1048576,1,
4950,True,579.69,1048576,1,
4951,True,582.57,1048576,1,
4946,True,608.23,1048576,1,
4948,True,601.05,1048576,1,
4952,True,590.93,1048576,1,
4949,True,605.07,1048576,1,
4954,True,553.62,1048576,1,
4955,True,548.25,1048576,1,
4959,True,535.07,1048576,1,
4960,True,532.59,1048576,1,
4953,True,563.52,1048576,1,
4957,True,546.30,1048576,1,
4956,True,554.32,1048576,1,
4958,True,548.68,1048576,1,
4962,True,515.15,1048576,1,
4966,True,508.72,1048576,1,
4968,True,507.77,1048576,1,
4963,True,521.75,1048576,1,
4961,True,528.30,1048576,1,
4964,True,525.63,1048576,1,
4965,True,528.56,1048576,1,
4967,True,525.81,1048576,1,
4976,True,517.79,1048576,1,
4973,True,528.52,1048576,1,
4975,True,522.56,1048576,1,
4974,True,530.77,1048576,1,
4969,True,546.92,1048576,1,
4970,True,546.88,1048576,1,
4971,True,544.76,1048576,1,
4972,True,545.20,1048576,1,
4978,True,575.20,1048576,1,
4977,True,580.42,1048576,1,
4984,True,567.19,1048576,1,
4979,True,582.45,1048576,1,
4980,True,582.10,1048576,1,
4983,True,580.75,1048576,1,
4981,True,587.26,1048576,1,
4982,True,589.94,1048576,1,
4987,True,640.13,1048576,1,
4988,True,639.02,1048576,1,
4985,True,650.04,1048576,1,
4990,True,635.31,1048576,1,
4992,True,630.17,1048576,1,
4986,True,654.58,1048576,1,
4991,True,641.44,1048576,1,
4989,True,653.68,1048576,1,
4993,True,517.64,1048576,1,
4995,True,514.73,1048576,1,
5000,True,500.76,1048576,1,
4994,True,519.91,1048576,1,
4999,True,508.50,1048576,1,
4997,True,516.57,1048576,1,
4998,True,513.19,1048576,1,
4996,True,521.68,1048576,1,
