Task_ID,Success,Latency_ms,Bytes,Attempts,Error
5,True,89.03,1048576,1,
1,True,119.44,1048576,1,
8,True,40.35,1048576,1,
4,True,179.67,1048576,1,
11,True,79.74,1048576,1,
3,True,186.26,1048576,1,
9,True,85.67,1048576,1,
7,True,127.77,1048576,1,
2,True,198.62,1048576,1,
6,True,166.78,1048576,1,
10,True,90.22,1048576,1,
12,True,67.14,1048576,1,
19,True,74.22,1048576,1,
17,True,78.86,1048576,1,
15,True,83.12,1048576,1,
13,True,87.53,1048576,1,
16,True,84.98,1048576,1,
18,True,83.57,1048576,1,
14,True,91.89,1048576,1,
22,True,60.34,1048576,1,
23,True,71.95,1048576,1,
24,True,72.21,1048576,1,
25,True,103.02,1048576,1,
20,True,128.18,1048576,1,
27,True,106.47,1048576,1,
29,True,42.67,1048576,1,
28,True,57.44,1048576,1,
21,True,121.39,1048576,1,
30,True,45.90,1048576,1,
26,True,117.05,1048576,1,
32,True,89.70,1048576,1,
31,True,92.51,1048576,1,
38,True,78.46,1048576,1,
37,True,81.37,1048576,1,
33,True,88.75,1048576,1,
35,True,86.90,1048576,1,
34,True,89.62,1048576,1,
36,True,88.97,1048576,1,
41,True,61.12,1048576,1,
43,True,59.95,1048576,1,
40,True,65.07,1048576,1,
39,True,67.59,1048576,1,
46,True,59.01,1048576,1,
42,True,135.73,1048576,1,
45,True,133.47,1048576,1,
44,True,136.04,1048576,1,
48,True,78.21,1048576,1,
51,True,75.43,1048576,1,
47,True,82.08,1048576,1,
49,True,82.14,1048576,1,
50,True,82.71,1048576,1,
54,True,107.93,1048576,1,
52,True,112.13,1048576,1,
59,True,102.92,1048576,1,
53,True,113.81,1048576,1,
56,True,110.85,1048576,1,
58,True,108.10,1048576,1,
57,True,112.17,1048576,1,
55,True,116.64,1048576,1,
64,True,118.45,1048576,1,
61,True,124.78,1048576,1,
67,True,118.91,1048576,1,
66,True,122.60,1048576,1,
63,True,128.06,1048576,1,
62,True,131.37,1048576,1,
60,True,136.65,1048576,1,
65,True,132.57,1048576,1,
69,True,134.03,1048576,1,
74,True,125.89,1048576,1,
71,True,133.02,1048576,1,
72,True,132.79,1048576,1,
70,True,137.61,1048576,1,
75,True,128.81,1048576,1,
73,True,135.23,1048576,1,
68,True,147.06,1048576,1,
76,True,132.43,1048576,1,
79,True,130.08,1048576,1,
78,True,132.93,1048576,1,
81,True,130.25,1048576,1,
82,True,129.60,1048576,1,
77,True,138.00,1048576,1,
83,True,130.64,1048576,1,
80,True,136.89,1048576,1,
90,True,121.74,1048576,1,
91,True,121.46,1048576,1,
89,True,125.49,1048576,1,
85,True,132.07,1048576,1,
87,True,163.49,1048576,1,
88,True,163.62,1048576,1,
86,True,167.42,1048576,1,
84,True,171.81,1048576,1,
93,True,53.83,1048576,1,
94,True,60.12,1048576,1,
92,True,64.07,1048576,1,
95,True,61.92,1048576,1,
97,True,27.78,1048576,1,
99,True,26.83,1048576,1,
100,True,91.12,1048576,1,
102,True,83.75,1048576,1,
103,True,83.34,1048576,1,
96,True,113.01,1048576,1,
104,True,84.64,1048576,1,
98,True,112.94,1048576,1,
101,True,91.53,1048576,1,
105,True,87.52,1048576,1,
112,True,86.69,1048576,1,
110,True,90.60,1048576,1,
113,True,87.60,1048576,1,
111,True,92.22,1048576,1,
106,True,99.93,1048576,1,
109,True,96.86,1048576,1,
107,True,100.90,1048576,1,
108,True,102.86,1048576,1,
114,True,85.14,1048576,1,
116,True,83.80,1048576,1,
118,True,82.76,1048576,1,
121,True,78.30,1048576,1,
117,True,86.21,1048576,1,
120,True,84.43,1048576,1,
115,True,91.76,1048576,1,
119,True,87.83,1048576,1,
125,True,91.39,1048576,1,
124,True,94.45,1048576,1,
129,True,89.46,1048576,1,
128,True,92.40,1048576,1,
126,True,96.42,1048576,1,
123,True,101.37,1048576,1,
122,True,104.27,1048576,1,
127,True,98.31,1048576,1,
130,True,84.60,1048576,1,
137,True,76.47,1048576,1,
134,True,81.90,1048576,1,
135,True,81.94,1048576,1,
133,True,85.47,1048576,1,
132,True,88.51,1048576,1,
136,True,85.25,1048576,1,
131,True,93.38,1048576,1,
140,True,93.78,1048576,1,
141,True,94.15,1048576,1,
138,True,99.81,1048576,1,
139,True,99.53,1048576,1,
143,True,95.54,1048576,1,
144,True,94.38,1048576,1,
142,True,99.06,1048576,1,
145,True,95.40,1048576,1,
146,True,84.29,1048576,1,
149,True,81.76,1048576,1,
152,True,79.34,1048576,1,
150,True,83.12,1048576,1,
148,True,86.89,1048576,1,
151,True,84.47,1048576,1,
147,True,90.64,1048576,1,
153,True,85.13,1048576,1,
155,True,96.40,1048576,1,
160,True,93.00,1048576,1,
157,True,98.02,1048576,1,
154,True,103.56,1048576,1,
161,True,95.12,1048576,1,
158,True,100.64,1048576,1,
159,True,101.06,1048576,1,
156,True,106.34,1048576,1,
165,True,77.77,1048576,1,
164,True,81.09,1048576,1,
168,True,77.35,1048576,1,
167,True,81.18,1048576,1,
163,True,87.50,1048576,1,
162,True,91.78,1048576,1,
166,True,86.13,1048576,1,
169,True,84.66,1048576,1,
173,True,90.49,1048576,1,
177,True,85.20,1048576,1,
170,True,98.77,1048576,1,
176,True,90.41,1048576,1,
174,True,94.35,1048576,1,
171,True,100.76,1048576,1,
172,True,100.33,1048576,1,
175,True,99.63,1048576,1,
181,True,86.37,1048576,1,
180,True,90.28,1048576,1,
184,True,87.40,1048576,1,
178,True,97.45,1048576,1,
182,True,94.44,1048576,1,
179,True,100.20,1048576,1,
185,True,91.81,1048576,1,
183,True,99.44,1048576,1,
193,True,78.64,1048576,1,
192,True,83.31,1048576,1,
188,True,94.37,1048576,1,
186,True,101.61,1048576,1,
187,True,100.67,1048576,1,
189,True,97.67,1048576,1,
190,True,97.20,1048576,1,
191,True,97.17,1048576,1,
194,True,100.56,1048576,1,
196,True,96.86,1048576,1,
195,True,101.35,1048576,1,
198,True,98.60,1048576,1,
201,True,95.01,1048576,1,
199,True,101.36,1048576,1,
197,True,106.86,1048576,1,
200,True,104.89,1048576,1,
204,True,68.59,1048576,1,
209,True,76.56,1048576,1,
206,True,85.93,1048576,1,
208,True,81.94,1048576,1,
207,True,85.96,1048576,1,
203,True,126.11,1048576,1,
210,True,56.15,1048576,1,
202,True,130.31,1048576,1,
205,True,124.74,1048576,1,
211,True,38.93,1048576,1,
212,True,38.76,1048576,1,
214,True,38.38,1048576,1,
215,True,61.22,1048576,1,
220,True,56.85,1048576,1,
213,True,96.25,1048576,1,
217,True,62.98,1048576,1,
218,True,62.81,1048576,1,
216,True,66.87,1048576,1,
221,True,106.56,1048576,1,
219,True,111.69,1048576,1,
225,True,52.46,1048576,1,
224,True,54.83,1048576,1,
226,True,53.73,1048576,1,
223,True,59.02,1048576,1,
222,True,97.89,1048576,1,
227,True,92.36,1048576,1,
231,True,42.27,1048576,1,
232,True,42.35,1048576,1,
233,True,42.75,1048576,1,
234,True,94.18,1048576,1,
235,True,94.91,1048576,1,
230,True,139.03,1048576,1,
238,True,93.08,1048576,1,
228,True,144.92,1048576,1,
229,True,144.51,1048576,1,
236,True,100.09,1048576,1,
237,True,100.67,1048576,1,
240,True,46.84,1048576,1,
245,True,41.75,1048576,1,
244,True,44.03,1048576,1,
239,True,52.54,1048576,1,
248,True,80.11,1048576,1,
241,True,129.64,1048576,1,
246,True,124.22,1048576,1,
243,True,130.16,1048576,1,
247,True,88.40,1048576,1,
242,True,134.11,1048576,1,
250,True,87.07,1048576,1,
249,True,90.14,1048576,1,
251,True,65.61,1048576,1,
257,True,57.87,1048576,1,
255,True,61.31,1048576,1,
252,True,66.94,1048576,1,
254,True,96.66,1048576,1,
256,True,133.57,1048576,1,
260,True,75.43,1048576,1,
258,True,133.20,1048576,1,
259,True,79.37,1048576,1,
263,True,44.20,1048576,1,
261,True,79.45,1048576,1,
262,True,80.14,1048576,1,
253,True,147.78,1048576,1,
267,True,52.35,1048576,1,
264,True,57.57,1048576,1,
270,True,50.25,1048576,1,
265,True,58.69,1048576,1,
266,True,105.41,1048576,1,
269,True,102.96,1048576,1,
274,True,51.90,1048576,1,
268,True,106.99,1048576,1,
271,True,105.35,1048576,1,
272,True,60.28,1048576,1,
273,True,70.51,1048576,1,
275,True,101.44,1048576,1,
277,True,78.14,1048576,1,
276,True,81.24,1048576,1,
280,True,76.06,1048576,1,
281,True,75.38,1048576,1,
278,True,82.71,1048576,1,
282,True,66.48,1048576,1,
279,True,86.80,1048576,1,
283,True,114.35,1048576,1,
284,True,90.82,1048576,1,
286,True,89.06,1048576,1,
288,True,88.61,1048576,1,
287,True,91.61,1048576,1,
285,True,95.70,1048576,1,
290,True,88.42,1048576,1,
289,True,94.35,1048576,1,
293,True,64.10,1048576,1,
297,True,73.82,1048576,1,
295,True,78.96,1048576,1,
292,True,85.52,1048576,1,
291,True,121.04,1048576,1,
296,True,113.37,1048576,1,
298,True,110.47,1048576,1,
299,True,57.26,1048576,1,
300,True,42.42,1048576,1,
301,True,42.95,1048576,1,
294,True,125.12,1048576,1,
302,True,44.49,1048576,1,
303,True,85.81,1048576,1,
306,True,98.73,1048576,1,
308,True,96.45,1048576,1,
305,True,104.00,1048576,1,
309,True,97.75,1048576,1,
304,True,108.05,1048576,1,
310,True,98.65,1048576,1,
311,True,25.21,1048576,1,
307,True,106.59,1048576,1,
313,True,64.77,1048576,1,
315,True,64.35,1048576,1,
312,True,69.60,1048576,1,
318,True,63.31,1048576,1,
316,True,124.47,1048576,1,
319,True,122.00,1048576,1,
320,True,66.72,1048576,1,
321,True,65.89,1048576,1,
317,True,129.71,1048576,1,
322,True,66.98,1048576,1,
314,True,136.40,1048576,1,
323,True,68.82,1048576,1,
324,True,97.64,1048576,1,
328,True,92.81,1048576,1,
329,True,92.93,1048576,1,
327,True,96.79,1048576,1,
331,True,92.73,1048576,1,
326,True,100.53,1048576,1,
330,True,96.23,1048576,1,
325,True,104.88,1048576,1,
332,True,63.19,1048576,1,
338,True,57.35,1048576,1,
339,True,57.25,1048576,1,
334,True,65.30,1048576,1,
335,True,64.77,1048576,1,
333,True,69.21,1048576,1,
336,True,132.92,1048576,1,
344,True,71.16,1048576,1,
340,True,77.76,1048576,1,
342,True,76.34,1048576,1,
337,True,138.13,1048576,1,
345,True,74.95,1048576,1,
343,True,79.54,1048576,1,
341,True,83.40,1048576,1,
349,True,58.21,1048576,1,
352,True,58.71,1048576,1,
351,True,61.90,1048576,1,
348,True,67.29,1048576,1,
346,True,109.55,1048576,1,
347,True,108.94,1048576,1,
353,True,102.12,1048576,1,
355,True,45.17,1048576,1,
350,True,108.69,1048576,1,
357,True,45.01,1048576,1,
356,True,48.25,1048576,1,
354,True,57.28,1048576,1,
362,True,37.41,1048576,1,
360,True,41.13,1048576,1,
359,True,43.96,1048576,1,
364,True,37.94,1048576,1,
361,True,43.59,1048576,1,
363,True,42.88,1048576,1,
368,True,38.89,1048576,1,
371,True,36.51,1048576,1,
370,True,39.45,1048576,1,
365,True,77.65,1048576,1,
369,True,43.48,1048576,1,
358,True,92.02,1048576,1,
367,True,49.47,1048576,1,
373,True,42.87,1048576,1,
366,True,87.93,1048576,1,
372,True,48.39,1048576,1,
377,True,42.76,1048576,1,
378,True,42.20,1048576,1,
376,True,47.19,1048576,1,
374,True,52.43,1048576,1,
380,True,39.70,1048576,1,
375,True,84.53,1048576,1,
382,True,40.92,1048576,1,
385,True,37.06,1048576,1,
381,True,45.15,1048576,1,
379,True,50.64,1048576,1,
384,True,72.09,1048576,1,
391,True,30.97,1048576,1,
383,True,76.45,1048576,1,
390,True,35.86,1048576,1,
392,True,40.29,1048576,1,
395,True,37.15,1048576,1,
386,True,85.98,1048576,1,
388,True,83.74,1048576,1,
387,True,87.53,1048576,1,
389,True,86.18,1048576,1,
394,True,76.44,1048576,1,
393,True,79.37,1048576,1,
401,True,28.58,1048576,1,
396,True,44.03,1048576,1,
399,True,36.56,1048576,1,
400,True,36.96,1048576,1,
406,True,26.77,1048576,1,
407,True,26.29,1048576,1,
402,True,36.78,1048576,1,
397,True,81.59,1048576,1,
398,True,79.82,1048576,1,
408,True,79.65,1048576,1,
410,True,78.61,1048576,1,
411,True,73.07,1048576,1,
412,True,72.28,1048576,1,
404,True,118.04,1048576,1,
405,True,117.05,1048576,1,
409,True,87.69,1048576,1,
403,True,124.24,1048576,1,
413,True,94.03,1048576,1,
416,True,90.21,1048576,1,
418,True,89.84,1048576,1,
417,True,92.71,1048576,1,
420,True,89.59,1048576,1,
415,True,97.77,1048576,1,
414,True,102.22,1048576,1,
419,True,95.49,1048576,1,
421,True,82.80,1048576,1,
423,True,80.47,1048576,1,
427,True,76.32,1048576,1,
422,True,86.11,1048576,1,
424,True,83.72,1048576,1,
428,True,79.64,1048576,1,
426,True,84.62,1048576,1,
425,True,87.02,1048576,1,
436,True,88.90,1048576,1,
435,True,93.39,1048576,1,
433,True,98.14,1048576,1,
429,True,105.96,1048576,1,
431,True,103.77,1048576,1,
432,True,102.88,1048576,1,
430,True,107.82,1048576,1,
434,True,103.07,1048576,1,
438,True,82.95,1048576,1,
439,True,83.15,1048576,1,
440,True,83.32,1048576,1,
444,True,79.98,1048576,1,
443,True,82.24,1048576,1,
442,True,84.73,1048576,1,
441,True,86.88,1048576,1,
437,True,96.52,1048576,1,
449,True,89.08,1048576,1,
450,True,89.37,1048576,1,
452,True,87.16,1048576,1,
448,True,94.44,1048576,1,
447,True,97.05,1048576,1,
445,True,101.68,1048576,1,
446,True,101.17,1048576,1,
451,True,96.68,1048576,1,
457,True,47.76,1048576,1,
456,True,50.42,1048576,1,
455,True,53.03,1048576,1,
461,True,91.47,1048576,1,
453,True,147.39,1048576,1,
458,True,142.23,1048576,1,
460,True,138.97,1048576,1,
463,True,94.93,1048576,1,
459,True,144.15,1048576,1,
454,True,153.29,1048576,1,
462,True,101.33,1048576,1,
464,True,63.29,1048576,1,
469,True,62.06,1048576,1,
470,True,61.07,1048576,1,
467,True,66.78,1048576,1,
465,True,97.49,1048576,1,
468,True,101.21,1048576,1,
472,True,45.30,1048576,1,
471,True,99.18,1048576,1,
466,True,107.78,1048576,1,
473,True,71.65,1048576,1,
474,True,71.83,1048576,1,
480,True,34.41,1048576,1,
478,True,38.43,1048576,1,
475,True,77.61,1048576,1,
476,True,51.90,1048576,1,
479,True,117.35,1048576,1,
482,True,86.78,1048576,1,
483,True,84.48,1048576,1,
484,True,83.90,1048576,1,
477,True,137.59,1048576,1,
481,True,105.98,1048576,1,
486,True,97.09,1048576,1,
485,True,102.01,1048576,1,
490,True,108.12,1048576,1,
488,True,112.23,1048576,1,
487,True,115.71,1048576,1,
489,True,113.99,1048576,1,
494,True,93.95,1048576,1,
493,True,97.48,1048576,1,
492,True,100.75,1048576,1,
491,True,105.18,1048576,1,
495,True,121.75,1048576,1,
498,True,118.67,1048576,1,
499,True,119.09,1048576,1,
497,True,122.86,1048576,1,
502,True,116.78,1048576,1,
500,True,121.74,1048576,1,
501,True,121.49,1048576,1,
496,True,129.68,1048576,1,
504,True,125.99,1048576,1,
506,True,124.77,1048576,1,
505,True,127.74,1048576,1,
503,True,131.74,1048576,1,
508,True,126.35,1048576,1,
509,True,126.46,1048576,1,
507,True,130.57,1048576,1,
510,True,127.92,1048576,1,
515,True,132.42,1048576,1,
517,True,131.05,1048576,1,
516,True,134.46,1048576,1,
511,True,142.37,1048576,1,
514,True,139.51,1048576,1,
512,True,143.48,1048576,1,
518,True,136.69,1048576,1,
513,True,144.85,1048576,1,
519,True,122.35,1048576,1,
526,True,113.96,1048576,1,
525,True,116.52,1048576,1,
520,True,124.99,1048576,1,
524,True,120.85,1048576,1,
522,True,124.76,1048576,1,
523,True,124.55,1048576,1,
521,True,129.57,1048576,1,
532,True,96.02,1048576,1,
534,True,94.43,1048576,1,
528,True,104.91,1048576,1,
533,True,99.88,1048576,1,
527,True,108.89,1048576,1,
531,True,104.46,1048576,1,
530,True,106.76,1048576,1,
529,True,109.23,1048576,1,
535,True,81.46,1048576,1,
539,True,91.52,1048576,1,
536,True,97.02,1048576,1,
542,True,91.05,1048576,1,
537,True,97.98,1048576,1,
538,True,100.02,1048576,1,
540,True,99.05,1048576,1,
543,True,25.34,1048576,1,
541,True,101.04,1048576,1,
544,True,90.35,1048576,1,
546,True,90.86,1048576,1,
549,True,86.58,1048576,1,
547,True,92.23,1048576,1,
548,True,90.41,1048576,1,
550,True,101.04,1048576,1,
551,True,100.90,1048576,1,
545,True,112.90,1048576,1,
552,True,62.75,1048576,1,
556,True,72.01,1048576,1,
557,True,61.08,1048576,1,
558,True,60.74,1048576,1,
553,True,80.86,1048576,1,
555,True,79.92,1048576,1,
559,True,63.69,1048576,1,
554,True,88.05,1048576,1,
564,True,81.20,1048576,1,
563,True,83.97,1048576,1,
566,True,80.79,1048576,1,
562,True,87.88,1048576,1,
561,True,100.07,1048576,1,
567,True,88.70,1048576,1,
560,True,120.03,1048576,1,
565,True,115.30,1048576,1,
569,True,38.17,1048576,1,
571,True,36.85,1048576,1,
568,True,42.33,1048576,1,
572,True,29.57,1048576,1,
575,True,96.87,1048576,1,
577,True,93.24,1048576,1,
578,True,93.06,1048576,1,
576,True,96.95,1048576,1,
579,True,94.53,1048576,1,
573,True,124.67,1048576,1,
574,True,124.45,1048576,1,
570,True,141.03,1048576,1,
584,True,80.97,1048576,1,
581,True,87.84,1048576,1,
587,True,80.51,1048576,1,
586,True,83.98,1048576,1,
582,True,90.85,1048576,1,
585,True,87.58,1048576,1,
580,True,97.56,1048576,1,
583,True,95.80,1048576,1,
591,True,95.56,1048576,1,
593,True,94.97,1048576,1,
590,True,100.37,1048576,1,
592,True,99.89,1048576,1,
588,True,107.32,1048576,1,
594,True,100.03,1048576,1,
589,True,109.20,1048576,1,
595,True,99.78,1048576,1,
600,True,76.64,1048576,1,
599,True,79.76,1048576,1,
597,True,85.12,1048576,1,
598,True,84.53,1048576,1,
602,True,78.77,1048576,1,
596,True,90.55,1048576,1,
601,True,83.50,1048576,1,
603,True,82.29,1048576,1,
605,True,93.48,1048576,1,
607,True,92.22,1048576,1,
611,True,88.12,1048576,1,
610,True,90.72,1048576,1,
606,True,97.83,1048576,1,
604,True,102.31,1048576,1,
609,True,97.70,1048576,1,
608,True,100.43,1048576,1,
614,True,48.05,1048576,1,
616,True,47.16,1048576,1,
619,True,43.15,1048576,1,
618,True,45.82,1048576,1,
613,True,124.49,1048576,1,
621,True,74.12,1048576,1,
623,True,71.58,1048576,1,
622,True,75.72,1048576,1,
620,True,79.55,1048576,1,
615,True,128.33,1048576,1,
617,True,126.97,1048576,1,
612,True,136.76,1048576,1,
624,True,93.28,1048576,1,
631,True,84.05,1048576,1,
629,True,89.15,1048576,1,
628,True,91.85,1048576,1,
625,True,97.23,1048576,1,
630,True,91.63,1048576,1,
627,True,96.63,1048576,1,
626,True,99.97,1048576,1,
636,True,86.10,1048576,1,
632,True,93.71,1048576,1,
637,True,89.28,1048576,1,
633,True,95.41,1048576,1,
635,True,94.02,1048576,1,
638,True,92.63,1048576,1,
634,True,99.41,1048576,1,
639,True,95.13,1048576,1,
646,True,88.59,1048576,1,
645,True,91.93,1048576,1,
647,True,89.22,1048576,1,
641,True,102.19,1048576,1,
644,True,99.72,1048576,1,
643,True,102.56,1048576,1,
642,True,105.70,1048576,1,
640,True,111.48,1048576,1,
650,True,83.41,1048576,1,
651,True,83.33,1048576,1,
648,True,90.91,1048576,1,
649,True,91.14,1048576,1,
654,True,83.70,1048576,1,
653,True,86.86,1048576,1,
652,True,90.86,1048576,1,
655,True,87.54,1048576,1,
658,True,60.74,1048576,1,
660,True,58.69,1048576,1,
657,True,64.77,1048576,1,
661,True,59.96,1048576,1,
659,True,108.95,1048576,1,
656,True,128.63,1048576,1,
662,True,119.18,1048576,1,
663,True,118.24,1048576,1,
664,True,83.08,1048576,1,
665,True,83.21,1048576,1,
666,True,84.89,1048576,1,
668,True,38.99,1048576,1,
667,True,86.32,1048576,1,
669,True,27.44,1048576,1,
673,True,68.94,1048576,1,
674,True,88.41,1048576,1,
675,True,88.11,1048576,1,
671,True,112.59,1048576,1,
670,True,114.86,1048576,1,
678,True,27.84,1048576,1,
672,True,100.05,1048576,1,
677,True,93.49,1048576,1,
676,True,96.30,1048576,1,
685,True,37.94,1048576,1,
684,True,41.17,1048576,1,
687,True,63.42,1048576,1,
679,True,125.05,1048576,1,
686,True,115.71,1048576,1,
680,True,126.48,1048576,1,
688,True,79.98,1048576,1,
689,True,18.30,1048576,1,
682,True,127.16,1048576,1,
683,True,126.51,1048576,1,
681,True,130.96,1048576,1,
694,True,74.59,1048576,1,
690,True,81.04,1048576,1,
691,True,80.80,1048576,1,
697,True,75.01,1048576,1,
692,True,82.22,1048576,1,
696,True,78.62,1048576,1,
695,True,82.43,1048576,1,
693,True,86.17,1048576,1,
698,True,88.32,1048576,1,
703,True,83.13,1048576,1,
699,True,89.36,1048576,1,
702,True,86.82,1048576,1,
700,True,90.67,1048576,1,
701,True,90.38,1048576,1,
704,True,86.74,1048576,1,
705,True,87.42,1048576,1,
706,True,92.26,1048576,1,
712,True,86.13,1048576,1,
708,True,93.06,1048576,1,
710,True,91.85,1048576,1,
711,True,91.79,1048576,1,
713,True,89.46,1048576,1,
707,True,99.87,1048576,1,
709,True,101.44,1048576,1,
714,True,66.67,1048576,1,
719,True,74.63,1048576,1,
720,True,73.79,1048576,1,
715,True,82.41,1048576,1,
721,True,72.22,1048576,1,
716,True,123.03,1048576,1,
722,True,60.81,1048576,1,
718,True,123.89,1048576,1,
723,True,48.76,1048576,1,
725,True,47.29,1048576,1,
717,True,128.44,1048576,1,
726,True,48.54,1048576,1,
724,True,52.23,1048576,1,
727,True,93.12,1048576,1,
732,True,88.38,1048576,1,
730,True,92.73,1048576,1,
731,True,93.25,1048576,1,
728,True,99.40,1048576,1,
734,True,93.83,1048576,1,
733,True,96.62,1048576,1,
729,True,103.92,1048576,1,
738,True,78.13,1048576,1,
736,True,83.79,1048576,1,
742,True,74.11,1048576,1,
741,True,78.00,1048576,1,
739,True,82.51,1048576,1,
735,True,92.02,1048576,1,
737,True,92.34,1048576,1,
740,True,88.11,1048576,1,
744,True,95.67,1048576,1,
743,True,99.12,1048576,1,
750,True,86.68,1048576,1,
746,True,96.77,1048576,1,
745,True,99.23,1048576,1,
749,True,91.78,1048576,1,
748,True,98.04,1048576,1,
747,True,101.19,1048576,1,
754,True,78.28,1048576,1,
752,True,82.53,1048576,1,
756,True,78.47,1048576,1,
758,True,76.32,1048576,1,
751,True,97.26,1048576,1,
753,True,95.40,1048576,1,
757,True,90.96,1048576,1,
755,True,95.59,1048576,1,
761,True,17.75,1048576,1,
765,True,68.57,1048576,1,
767,True,67.06,1048576,1,
766,True,70.51,1048576,1,
764,True,74.32,1048576,1,
760,True,90.85,1048576,1,
763,True,78.72,1048576,1,
759,True,95.01,1048576,1,
762,True,92.33,1048576,1,
775,True,49.10,1048576,1,
774,True,51.74,1048576,1,
773,True,54.58,1048576,1,
769,True,104.81,1048576,1,
771,True,137.14,1048576,1,
770,True,140.83,1048576,1,
777,True,84.62,1048576,1,
778,True,84.57,1048576,1,
772,True,142.43,1048576,1,
779,True,42.68,1048576,1,
768,True,151.36,1048576,1,
776,True,92.53,1048576,1,
780,True,72.10,1048576,1,
782,True,69.46,1048576,1,
784,True,68.51,1048576,1,
781,True,74.53,1048576,1,
785,True,69.65,1048576,1,
783,True,73.47,1048576,1,
786,True,71.21,1048576,1,
787,True,71.42,1048576,1,
790,True,49.18,1048576,1,
794,True,46.69,1048576,1,
788,True,56.62,1048576,1,
792,True,52.04,1048576,1,
793,True,52.10,1048576,1,
795,True,51.31,1048576,1,
789,True,60.89,1048576,1,
791,True,61.67,1048576,1,
802,True,30.22,1048576,1,
800,True,35.24,1048576,1,
801,True,34.28,1048576,1,
796,True,44.35,1048576,1,
804,True,42.84,1048576,1,
805,True,43.06,1048576,1,
807,True,41.40,1048576,1,
798,True,84.44,1048576,1,
799,True,84.61,1048576,1,
797,True,88.18,1048576,1,
806,True,49.63,1048576,1,
803,True,82.72,1048576,1,
809,True,53.40,1048576,1,
810,True,54.16,1048576,1,
814,True,47.38,1048576,1,
812,True,53.69,1048576,1,
813,True,54.16,1048576,1,
808,True,63.50,1048576,1,
815,True,74.23,1048576,1,
818,True,35.78,1048576,1,
821,True,32.05,1048576,1,
819,True,37.28,1048576,1,
816,True,43.20,1048576,1,
811,True,95.15,1048576,1,
822,True,17.05,1048576,1,
823,True,34.68,1048576,1,
828,True,26.32,1048576,1,
820,True,70.84,1048576,1,
827,True,33.57,1048576,1,
817,True,77.38,1048576,1,
830,True,37.07,1048576,1,
831,True,37.26,1048576,1,
832,True,37.53,1048576,1,
826,True,74.25,1048576,1,
824,True,78.14,1048576,1,
825,True,78.59,1048576,1,
829,True,47.14,1048576,1,
833,True,89.35,1048576,1,
836,True,53.92,1048576,1,
838,True,52.96,1048576,1,
835,True,58.57,1048576,1,
840,True,54.11,1048576,1,
837,True,60.00,1048576,1,
834,True,101.51,1048576,1,
842,True,48.26,1048576,1,
846,True,42.35,1048576,1,
839,True,101.75,1048576,1,
843,True,51.42,1048576,1,
841,True,69.36,1048576,1,
847,True,95.52,1048576,1,
851,True,89.09,1048576,1,
849,True,94.31,1048576,1,
852,True,77.98,1048576,1,
844,True,144.57,1048576,1,
848,True,100.98,1048576,1,
850,True,99.46,1048576,1,
845,True,148.61,1048576,1,
856,True,89.64,1048576,1,
855,True,92.83,1048576,1,
853,True,98.38,1048576,1,
859,True,88.57,1048576,1,
858,True,91.95,1048576,1,
860,True,89.01,1048576,1,
854,True,101.92,1048576,1,
857,True,98.77,1048576,1,
861,True,99.55,1048576,1,
864,True,96.66,1048576,1,
865,True,96.54,1048576,1,
867,True,95.21,1048576,1,
863,True,101.99,1048576,1,
866,True,99.30,1048576,1,
862,True,106.49,1048576,1,
868,True,98.60,1048576,1,
873,True,79.90,1048576,1,
869,True,86.69,1048576,1,
871,True,85.05,1048576,1,
870,True,87.83,1048576,1,
874,True,83.88,1048576,1,
872,True,88.00,1048576,1,
876,True,84.36,1048576,1,
875,True,88.39,1048576,1,
877,True,65.71,1048576,1,
882,True,60.38,1048576,1,
881,True,62.64,1048576,1,
878,True,68.14,1048576,1,
879,True,67.84,1048576,1,
884,True,95.19,1048576,1,
883,True,115.25,1048576,1,
886,True,58.37,1048576,1,
880,True,123.42,1048576,1,
889,True,57.50,1048576,1,
890,True,43.14,1048576,1,
885,True,122.38,1048576,1,
891,True,64.46,1048576,1,
894,True,62.64,1048576,1,
893,True,64.99,1048576,1,
888,True,124.85,1048576,1,
887,True,127.28,1048576,1,
892,True,81.37,1048576,1,
895,True,124.49,1048576,1,
900,True,82.07,1048576,1,
899,True,85.48,1048576,1,
901,True,83.50,1048576,1,
896,True,92.28,1048576,1,
897,True,92.96,1048576,1,
902,True,76.36,1048576,1,
898,True,96.46,1048576,1,
903,True,85.81,1048576,1,
908,True,80.85,1048576,1,
907,True,84.47,1048576,1,
904,True,89.56,1048576,1,
906,True,88.04,1048576,1,
910,True,80.66,1048576,1,
909,True,87.09,1048576,1,
905,True,95.05,1048576,1,
915,True,55.71,1048576,1,
911,True,63.70,1048576,1,
912,True,62.36,1048576,1,
918,True,54.31,1048576,1,
913,True,116.23,1048576,1,
914,True,116.61,1048576,1,
916,True,115.28,1048576,1,
917,True,114.01,1048576,1,
921,True,59.82,1048576,1,
919,True,64.30,1048576,1,
922,True,62.38,1048576,1,
920,True,70.66,1048576,1,
927,True,77.25,1048576,1,
925,True,81.51,1048576,1,
928,True,78.69,1048576,1,
926,True,82.90,1048576,1,
923,True,88.17,1048576,1,
929,True,80.21,1048576,1,
924,True,88.89,1048576,1,
930,True,77.74,1048576,1,
931,True,90.69,1048576,1,
938,True,86.21,1048576,1,
936,True,91.02,1048576,1,
933,True,96.15,1048576,1,
937,True,93.33,1048576,1,
935,True,97.38,1048576,1,
932,True,103.33,1048576,1,
934,True,104.15,1048576,1,
940,True,87.64,1048576,1,
939,True,94.80,1048576,1,
946,True,79.68,1048576,1,
945,True,84.65,1048576,1,
942,True,91.91,1048576,1,
941,True,94.76,1048576,1,
943,True,93.39,1048576,1,
944,True,93.30,1048576,1,
952,True,92.57,1048576,1,
950,True,96.65,1048576,1,
954,True,91.53,1048576,1,
948,True,102.75,1048576,1,
951,True,99.14,1048576,1,
953,True,96.82,1048576,1,
947,True,108.72,1048576,1,
949,True,108.27,1048576,1,
955,True,49.49,1048576,1,
962,True,54.21,1048576,1,
960,True,60.51,1048576,1,
959,True,62.99,1048576,1,
963,True,19.28,1048576,1,
961,True,127.15,1048576,1,
956,True,134.67,1048576,1,
965,True,69.82,1048576,1,
957,True,135.91,1048576,1,
958,True,135.67,1048576,1,
967,True,71.12,1048576,1,
964,True,75.97,1048576,1,
966,True,76.01,1048576,1,
969,True,94.13,1048576,1,
973,True,91.11,1048576,1,
975,True,89.00,1048576,1,
968,True,100.61,1048576,1,
972,True,97.03,1048576,1,
974,True,96.12,1048576,1,
971,True,100.93,1048576,1,
970,True,106.27,1048576,1,
977,True,83.35,1048576,1,
981,True,78.82,1048576,1,
980,True,81.76,1048576,1,
982,True,80.54,1048576,1,
979,True,85.85,1048576,1,
978,True,88.71,1048576,1,
976,True,93.92,1048576,1,
983,True,82.36,1048576,1,
985,True,100.74,1048576,1,
990,True,95.39,1048576,1,
986,True,102.36,1048576,1,
991,True,96.90,1048576,1,
988,True,103.14,1048576,1,
989,True,103.55,1048576,1,
987,True,107.64,1048576,1,
984,True,113.26,1048576,1,
994,True,89.24,1048576,1,
998,True,87.03,1048576,1,
995,True,93.09,1048576,1,
992,True,99.73,1048576,1,
996,True,94.37,1048576,1,
999,True,91.22,1048576,1,
993,True,101.86,1048576,1,
997,True,96.58,1048576,1,
1000,True,117.55,1048576,1,
1006,True,107.97,1048576,1,
1001,True,116.10,1048576,1,
1003,True,114.67,1048576,1,
1005,True,113.29,1048576,1,
1007,True,112.39,1048576,1,
1002,True,120.00,1048576,1,
1004,True,119.38,1048576,1,
1011,True,127.82,1048576,1,
1010,True,141.95,1048576,1,
1014,True,137.92,1048576,1,
1009,True,146.19,1048576,1,
1012,True,164.79,1048576,1,
1008,True,171.76,1048576,1,
1013,True,165.86,1048576,1,
1015,True,163.97,1048576,1,
1016,True,121.67,1048576,1,
1017,True,110.90,1048576,1,
1018,True,110.82,1048576,1,
1019,True,111.39,1048576,1,
1021,True,89.18,1048576,1,
1020,True,92.12,1048576,1,
1022,True,92.12,1048576,1,
1023,True,92.05,1048576,1,
1027,True,123.28,1048576,1,
1031,True,119.12,1048576,1,
1030,True,122.49,1048576,1,
1029,True,126.20,1048576,1,
1024,True,135.87,1048576,1,
1025,True,135.36,1048576,1,
1026,True,135.34,1048576,1,
1028,True,133.92,1048576,1,
1037,True,120.00,1048576,1,
1033,True,127.48,1048576,1,
1036,True,124.78,1048576,1,
1038,True,123.43,1048576,1,
1035,True,128.53,1048576,1,
1034,True,131.02,1048576,1,
1032,True,137.24,1048576,1,
1039,True,127.11,1048576,1,
1044,True,125.02,1048576,1,
1041,True,130.36,1048576,1,
1040,True,133.70,1048576,1,
1042,True,131.77,1048576,1,
1043,True,131.62,1048576,1,
1046,True,128.96,1048576,1,
1045,True,131.50,1048576,1,
1047,True,130.25,1048576,1,
1048,True,82.43,1048576,1,
1049,True,82.61,1048576,1,
1050,True,82.53,1048576,1,
1051,True,82.28,1048576,1,
1054,True,79.88,1048576,1,
1053,True,82.11,1048576,1,
1052,True,84.88,1048576,1,
1055,True,81.83,1048576,1,
1058,True,83.17,1048576,1,
1061,True,81.41,1048576,1,
1056,True,88.89,1048576,1,
1059,True,86.14,1048576,1,
1062,True,93.27,1048576,1,
1060,True,97.17,1048576,1,
1063,True,93.72,1048576,1,
1057,True,102.91,1048576,1,
1064,True,60.06,1048576,1,
1066,True,58.55,1048576,1,
1065,True,61.08,1048576,1,
1067,True,59.72,1048576,1,
1068,True,62.47,1048576,1,
1070,True,61.43,1048576,1,
1069,True,64.07,1048576,1,
1071,True,101.10,1048576,1,
1072,True,76.33,1048576,1,
1074,True,75.37,1048576,1,
1077,True,60.84,1048576,1,
1075,True,77.41,1048576,1,
1078,True,62.27,1048576,1,
1073,True,82.39,1048576,1,
1079,True,26.14,1048576,1,
1076,True,72.07,1048576,1,
1080,True,91.46,1048576,1,
1084,True,87.05,1048576,1,
1082,True,91.54,1048576,1,
1083,True,91.11,1048576,1,
1081,True,95.63,1048576,1,
1086,True,90.52,1048576,1,
1085,True,94.22,1048576,1,
1087,True,89.55,1048576,1,
1093,True,78.19,1048576,1,
1089,True,86.53,1048576,1,
1091,True,85.99,1048576,1,
1095,True,80.38,1048576,1,
1092,True,87.33,1048576,1,
1094,True,84.20,1048576,1,
1088,True,95.88,1048576,1,
1090,True,94.46,1048576,1,
1097,True,101.86,1048576,1,
1096,True,106.30,1048576,1,
1103,True,98.38,1048576,1,
1102,True,101.63,1048576,1,
1099,True,108.69,1048576,1,
1100,True,109.27,1048576,1,
1098,True,113.47,1048576,1,
1101,True,112.52,1048576,1,
1104,True,73.92,1048576,1,
1110,True,62.67,1048576,1,
1107,True,70.26,1048576,1,
1105,True,76.65,1048576,1,
1109,True,94.30,1048576,1,
1108,True,122.46,1048576,1,
1111,True,118.42,1048576,1,
1113,True,59.00,1048576,1,
1112,True,62.54,1048576,1,
1114,True,59.87,1048576,1,
1116,True,33.66,1048576,1,
1106,True,135.91,1048576,1,
1115,True,74.18,1048576,1,
1121,True,75.45,1048576,1,
1118,True,80.54,1048576,1,
1123,True,74.78,1048576,1,
1117,True,85.42,1048576,1,
1119,True,83.22,1048576,1,
1122,True,80.04,1048576,1,
1120,True,84.34,1048576,1,
1124,True,67.89,1048576,1,
1126,True,63.29,1048576,1,
1131,True,58.71,1048576,1,
1125,True,67.62,1048576,1,
1129,True,63.72,1048576,1,
1130,True,64.36,1048576,1,
1127,True,130.71,1048576,1,
1133,True,69.48,1048576,1,
1132,True,126.57,1048576,1,
1128,True,133.32,1048576,1,
1136,True,69.21,1048576,1,
1134,True,73.67,1048576,1,
1135,True,73.47,1048576,1,
1137,True,71.86,1048576,1,
1139,True,63.77,1048576,1,
1142,True,61.63,1048576,1,
1145,True,58.44,1048576,1,
1140,True,66.92,1048576,1,
1143,True,92.81,1048576,1,
1138,True,140.99,1048576,1,
1141,True,138.34,1048576,1,
1144,True,135.35,1048576,1,
1149,True,74.84,1048576,1,
1148,True,77.19,1048576,1,
1150,True,46.93,1048576,1,
1147,True,80.92,1048576,1,
1146,True,85.15,1048576,1,
1151,True,94.68,1048576,1,
1156,True,90.30,1048576,1,
1152,True,96.58,1048576,1,
1157,True,91.69,1048576,1,
1154,True,96.53,1048576,1,
1155,True,96.65,1048576,1,
1158,True,93.10,1048576,1,
1153,True,101.60,1048576,1,
1161,True,97.01,1048576,1,
1165,True,93.90,1048576,1,
1163,True,97.72,1048576,1,
1164,True,97.96,1048576,1,
1160,True,104.17,1048576,1,
1162,True,103.04,1048576,1,
1166,True,99.70,1048576,1,
1159,True,110.53,1048576,1,
1169,True,76.94,1048576,1,
1172,True,74.24,1048576,1,
1168,True,81.12,1048576,1,
1171,True,78.40,1048576,1,
1174,True,75.14,1048576,1,
1170,True,82.21,1048576,1,
1173,True,79.13,1048576,1,
1167,True,92.20,1048576,1,
1178,True,90.30,1048576,1,
1179,True,91.39,1048576,1,
1175,True,98.11,1048576,1,
1182,True,87.84,1048576,1,
1181,True,93.57,1048576,1,
1180,True,96.13,1048576,1,
1177,True,101.78,1048576,1,
1176,True,104.62,1048576,1,
1187,True,44.17,1048576,1,
1186,True,47.77,1048576,1,
1184,True,52.55,1048576,1,
1193,True,70.46,1048576,1,
1191,True,75.76,1048576,1,
1183,True,129.33,1048576,1,
1189,True,120.94,1048576,1,
1188,True,134.71,1048576,1,
1192,True,90.72,1048576,1,
1185,True,143.62,1048576,1,
1190,True,137.26,1048576,1,
1196,True,58.56,1048576,1,
1194,True,65.82,1048576,1,
1195,True,65.44,1048576,1,
1200,True,47.52,1048576,1,
1199,True,58.98,1048576,1,
1201,True,58.16,1048576,1,
1197,True,111.01,1048576,1,
1198,True,104.67,1048576,1,
1204,True,71.71,1048576,1,
1207,True,59.47,1048576,1,
1203,True,76.46,1048576,1,
1206,True,64.96,1048576,1,
1202,True,83.00,1048576,1,
1208,True,30.16,1048576,1,
1205,True,78.56,1048576,1,
1209,True,26.67,1048576,1,
1217,True,76.24,1048576,1,
1216,True,79.44,1048576,1,
1210,True,89.52,1048576,1,
1211,True,89.94,1048576,1,
1212,True,90.07,1048576,1,
1215,True,87.96,1048576,1,
1213,True,92.64,1048576,1,
1214,True,92.79,1048576,1,
1224,True,52.97,1048576,1,
1222,True,73.02,1048576,1,
1225,True,69.29,1048576,1,
1219,True,81.03,1048576,1,
1223,True,106.15,1048576,1,
1220,True,117.39,1048576,1,
1221,True,131.03,1048576,1,
1226,True,73.52,1048576,1,
1218,True,139.85,1048576,1,
1228,True,58.64,1048576,1,
1227,True,61.46,1048576,1,
1231,True,22.69,1048576,1,
1229,True,62.70,1048576,1,
1232,True,61.18,1048576,1,
1236,True,57.90,1048576,1,
1235,True,61.55,1048576,1,
1230,True,88.78,1048576,1,
1237,True,60.90,1048576,1,
1238,True,111.80,1048576,1,
1240,True,75.47,1048576,1,
1233,True,140.05,1048576,1,
1241,True,76.58,1048576,1,
1234,True,141.11,1048576,1,
1242,True,77.69,1048576,1,
1243,True,78.03,1048576,1,
1244,True,26.36,1048576,1,
1239,True,86.92,1048576,1,
1248,True,84.13,1048576,1,
1250,True,84.40,1048576,1,
1246,True,90.91,1048576,1,
1252,True,84.33,1048576,1,
1251,True,86.70,1048576,1,
1247,True,93.10,1048576,1,
1249,True,92.30,1048576,1,
1245,True,99.91,1048576,1,
1253,True,100.91,1048576,1,
1254,True,99.55,1048576,1,
1255,True,99.56,1048576,1,
1259,True,96.06,1048576,1,
1260,True,94.70,1048576,1,
1256,True,102.69,1048576,1,
1258,True,101.63,1048576,1,
1257,True,105.03,1048576,1,
1264,True,81.87,1048576,1,
1265,True,81.81,1048576,1,
1262,True,87.74,1048576,1,
1268,True,80.36,1048576,1,
1263,True,89.50,1048576,1,
1266,True,86.41,1048576,1,
1261,True,94.64,1048576,1,
1267,True,88.74,1048576,1,
1275,True,41.37,1048576,1,
1272,True,46.40,1048576,1,
1269,True,52.51,1048576,1,
1276,True,42.94,1048576,1,
1277,True,83.84,1048576,1,
1271,True,133.06,1048576,1,
1278,True,86.62,1048576,1,
1280,True,85.44,1048576,1,
1279,True,87.88,1048576,1,
1270,True,140.96,1048576,1,
1274,True,137.40,1048576,1,
1273,True,140.42,1048576,1,
1282,True,49.20,1048576,1,
1287,True,42.57,1048576,1,
1283,True,50.35,1048576,1,
1290,True,80.13,1048576,1,
1281,True,135.47,1048576,1,
1289,True,86.85,1048576,1,
1291,True,85.22,1048576,1,
1284,True,136.18,1048576,1,
1286,True,134.76,1048576,1,
1288,True,132.55,1048576,1,
1285,True,141.10,1048576,1,
1293,True,86.41,1048576,1,
1298,True,79.38,1048576,1,
1299,True,78.11,1048576,1,
1297,True,84.69,1048576,1,
1295,True,88.40,1048576,1,
1292,True,97.18,1048576,1,
1294,True,93.05,1048576,1,
1296,True,93.23,1048576,1,
1304,True,42.23,1048576,1,
1307,True,39.13,1048576,1,
1300,True,53.07,1048576,1,
1305,True,45.88,1048576,1,
1302,True,52.03,1048576,1,
1306,True,47.19,1048576,1,
1301,True,55.61,1048576,1,
1310,True,37.96,1048576,1,
1313,True,35.80,1048576,1,
1311,True,39.74,1048576,1,
1303,True,90.82,1048576,1,
1309,True,44.97,1048576,1,
1312,True,42.33,1048576,1,
1308,True,50.45,1048576,1,
1314,True,69.89,1048576,1,
1317,True,34.62,1048576,1,
1319,True,33.23,1048576,1,
1318,True,36.10,1048576,1,
1323,True,21.51,1048576,1,
1324,True,21.83,1048576,1,
1321,True,75.41,1048576,1,
1316,True,83.28,1048576,1,
1315,True,86.46,1048576,1,
1327,True,25.88,1048576,1,
1320,True,82.24,1048576,1,
1326,True,31.20,1048576,1,
1325,True,60.78,1048576,1,
1322,True,83.23,1048576,1,
1333,True,31.25,1048576,1,
1332,True,35.03,1048576,1,
1330,True,39.02,1048576,1,
1328,True,43.11,1048576,1,
1331,True,39.85,1048576,1,
1335,True,54.81,1048576,1,
1329,True,92.97,1048576,1,
1338,True,53.32,1048576,1,
1339,True,53.37,1048576,1,
1336,True,58.47,1048576,1,
1334,True,81.02,1048576,1,
1340,True,56.88,1048576,1,
1337,True,62.75,1048576,1,
1343,True,40.84,1048576,1,
1345,True,40.93,1048576,1,
1341,True,49.18,1048576,1,
1344,True,44.70,1048576,1,
1346,True,43.41,1048576,1,
1342,True,49.83,1048576,1,
1349,True,66.32,1048576,1,
1352,True,62.86,1048576,1,
1354,True,61.82,1048576,1,
1353,True,64.46,1048576,1,
1348,True,105.18,1048576,1,
1347,True,108.68,1048576,1,
1351,True,71.41,1048576,1,
1350,True,74.02,1048576,1,
1356,True,60.53,1048576,1,
1357,True,60.46,1048576,1,
1361,True,56.20,1048576,1,
1355,True,66.30,1048576,1,
1362,True,72.70,1048576,1,
1360,True,94.58,1048576,1,
1358,True,98.20,1048576,1,
1365,True,38.07,1048576,1,
1359,True,99.47,1048576,1,
1363,True,111.91,1048576,1,
1366,True,109.46,1048576,1,
1364,True,113.34,1048576,1,
1369,True,75.66,1048576,1,
1370,True,75.71,1048576,1,
1368,True,79.59,1048576,1,
1367,True,99.34,1048576,1,
1371,True,78.55,1048576,1,
1372,True,62.84,1048576,1,
1375,True,60.41,1048576,1,
1376,True,60.33,1048576,1,
1377,True,60.96,1048576,1,
1373,True,100.69,1048576,1,
1379,True,94.25,1048576,1,
1374,True,101.94,1048576,1,
1378,True,98.01,1048576,1,
1384,True,75.04,1048576,1,
1386,True,91.95,1048576,1,
1380,True,135.17,1048576,1,
1383,True,131.99,1048576,1,
1385,True,97.26,1048576,1,
1382,True,136.07,1048576,1,
1381,True,138.73,1048576,1,
1387,True,97.99,1048576,1,
1388,True,27.54,1048576,1,
1389,True,63.92,1048576,1,
1396,True,57.61,1048576,1,
1392,True,64.20,1048576,1,
1391,True,66.86,1048576,1,
1390,True,70.35,1048576,1,
1393,True,142.20,1048576,1,
1397,True,84.38,1048576,1,
1399,True,83.17,1048576,1,
1400,True,83.20,1048576,1,
1395,True,147.29,1048576,1,
1401,True,84.09,1048576,1,
1394,True,151.69,1048576,1,
1398,True,93.83,1048576,1,
1404,True,86.46,1048576,1,
1408,True,97.32,1048576,1,
1405,True,103.21,1048576,1,
1409,True,97.03,1048576,1,
1402,True,111.66,1048576,1,
1403,True,110.33,1048576,1,
1407,True,105.18,1048576,1,
1406,True,107.82,1048576,1,
1410,True,25.05,1048576,1,
1418,True,84.38,1048576,1,
1414,True,91.52,1048576,1,
1412,True,95.73,1048576,1,
1416,True,92.36,1048576,1,
1413,True,97.29,1048576,1,
1417,True,93.38,1048576,1,
1415,True,97.15,1048576,1,
1411,True,105.28,1048576,1,
1424,True,88.48,1048576,1,
1421,True,93.96,1048576,1,
1423,True,92.51,1048576,1,
1419,True,100.12,1048576,1,
1425,True,92.40,1048576,1,
1422,True,97.32,1048576,1,
1426,True,92.00,1048576,1,
1420,True,104.05,1048576,1,
1432,True,91.10,1048576,1,
1430,True,95.03,1048576,1,
1427,True,100.14,1048576,1,
1433,True,93.95,1048576,1,
1429,True,100.00,1048576,1,
1431,True,98.84,1048576,1,
1434,True,96.16,1048576,1,
1428,True,106.19,1048576,1,
1436,True,119.60,1048576,1,
1442,True,113.48,1048576,1,
1440,True,118.42,1048576,1,
1439,True,122.12,1048576,1,
1437,True,125.89,1048576,1,
1438,True,125.62,1048576,1,
1435,True,131.48,1048576,1,
1441,True,123.92,1048576,1,
1449,True,120.38,1048576,1,
1444,True,129.55,1048576,1,
1450,True,121.74,1048576,1,
1445,True,130.98,1048576,1,
1443,True,136.02,1048576,1,
1446,True,131.32,1048576,1,
1447,True,131.60,1048576,1,
1448,True,132.41,1048576,1,
1455,True,124.33,1048576,1,
1454,True,127.10,1048576,1,
1452,True,131.33,1048576,1,
1451,True,134.05,1048576,1,
1457,True,127.05,1048576,1,
1453,True,133.72,1048576,1,
1458,True,127.31,1048576,1,
1456,True,132.67,1048576,1,
1459,True,122.93,1048576,1,
1461,True,122.10,1048576,1,
1464,True,119.95,1048576,1,
1460,True,126.63,1048576,1,
1465,True,131.70,1048576,1,
1462,True,137.01,1048576,1,
1463,True,137.32,1048576,1,
1466,True,134.85,1048576,1,
1467,True,120.89,1048576,1,
1468,True,120.56,1048576,1,
1474,True,103.28,1048576,1,
1473,True,106.85,1048576,1,
1471,True,111.40,1048576,1,
1470,True,123.94,1048576,1,
1469,True,127.01,1048576,1,
1472,True,114.05,1048576,1,
1479,True,89.46,1048576,1,
1478,True,92.57,1048576,1,
1476,True,97.74,1048576,1,
1480,True,92.49,1048576,1,
1482,True,90.44,1048576,1,
1477,True,98.84,1048576,1,
1481,True,95.23,1048576,1,
1475,True,105.77,1048576,1,
1484,True,52.06,1048576,1,
1487,True,49.97,1048576,1,
1489,True,48.23,1048576,1,
1485,True,54.55,1048576,1,
1483,True,139.28,1048576,1,
1491,True,86.43,1048576,1,
1486,True,138.63,1048576,1,
1488,True,137.67,1048576,1,
1494,True,87.16,1048576,1,
1492,True,90.68,1048576,1,
1493,True,91.93,1048576,1,
1490,True,142.44,1048576,1,
1499,True,61.80,1048576,1,
1500,True,78.86,1048576,1,
1501,True,77.65,1048576,1,
1498,True,83.87,1048576,1,
1496,True,121.76,1048576,1,
1502,True,113.65,1048576,1,
1504,True,40.78,1048576,1,
1505,True,40.57,1048576,1,
1503,True,61.27,1048576,1,
1497,True,128.19,1048576,1,
1495,True,135.12,1048576,1,
1506,True,80.06,1048576,1,
1508,True,62.42,1048576,1,
1513,True,55.01,1048576,1,
1507,True,67.84,1048576,1,
1510,True,113.98,1048576,1,
1514,True,74.48,1048576,1,
1509,True,117.70,1048576,1,
1511,True,117.10,1048576,1,
1517,True,57.63,1048576,1,
1515,True,61.83,1048576,1,
1512,True,120.68,1048576,1,
1516,True,63.29,1048576,1,
1519,True,57.37,1048576,1,
1525,True,48.49,1048576,1,
1521,True,57.12,1048576,1,
1518,True,62.49,1048576,1,
1523,True,55.98,1048576,1,
1524,True,127.62,1048576,1,
1522,True,133.69,1048576,1,
1527,True,81.65,1048576,1,
1529,True,80.78,1048576,1,
1526,True,85.90,1048576,1,
1520,True,143.78,1048576,1,
1530,True,84.36,1048576,1,
1528,True,89.88,1048576,1,
1532,True,82.13,1048576,1,
1531,True,87.53,1048576,1,
1537,True,76.76,1048576,1,
1534,True,83.45,1048576,1,
1533,True,86.19,1048576,1,
1538,True,77.87,1048576,1,
1536,True,85.19,1048576,1,
1535,True,87.46,1048576,1,
1539,True,92.05,1048576,1,
1541,True,90.40,1048576,1,
1543,True,89.83,1048576,1,
1545,True,88.05,1048576,1,
1540,True,95.83,1048576,1,
1542,True,94.63,1048576,1,
1544,True,93.53,1048576,1,
1546,True,92.82,1048576,1,
1554,True,74.60,1048576,1,
1551,True,81.61,1048576,1,
1550,True,85.17,1048576,1,
1552,True,84.20,1048576,1,
1548,True,90.61,1048576,1,
1553,True,86.51,1048576,1,
1547,True,96.06,1048576,1,
1549,True,94.68,1048576,1,
1556,True,80.06,1048576,1,
1557,True,79.11,1048576,1,
1555,True,85.52,1048576,1,
1561,True,75.54,1048576,1,
1559,True,80.53,1048576,1,
1558,True,83.03,1048576,1,
1560,True,80.64,1048576,1,
1562,True,78.88,1048576,1,
1568,True,89.03,1048576,1,
1569,True,89.41,1048576,1,
1566,True,94.66,1048576,1,
1570,True,91.01,1048576,1,
1563,True,101.39,1048576,1,
1567,True,96.90,1048576,1,
1565,True,101.78,1048576,1,
1564,True,105.01,1048576,1,
1571,True,82.57,1048576,1,
1572,True,82.86,1048576,1,
1573,True,82.39,1048576,1,
1574,True,82.40,1048576,1,
1576,True,81.43,1048576,1,
1575,True,83.69,1048576,1,
1577,True,81.84,1048576,1,
1578,True,81.44,1048576,1,
1579,True,57.86,1048576,1,
1582,True,54.99,1048576,1,
1585,True,52.03,1048576,1,
1580,True,60.10,1048576,1,
1583,True,100.99,1048576,1,
1586,True,99.09,1048576,1,
1584,True,103.22,1048576,1,
1587,True,52.68,1048576,1,
1581,True,110.21,1048576,1,
1588,True,93.18,1048576,1,
1590,True,129.93,1048576,1,
1595,True,79.84,1048576,1,
1589,True,134.08,1048576,1,
1594,True,84.47,1048576,1,
1591,True,90.25,1048576,1,
1593,True,88.01,1048576,1,
1592,True,90.89,1048576,1,
1596,True,47.98,1048576,1,
1600,True,58.00,1048576,1,
1603,True,55.43,1048576,1,
1598,True,63.53,1048576,1,
1599,True,63.52,1048576,1,
1602,True,62.02,1048576,1,
1601,True,137.49,1048576,1,
1597,True,143.85,1048576,1,
1608,True,79.00,1048576,1,
1606,True,83.15,1048576,1,
1607,True,82.63,1048576,1,
1604,True,140.65,1048576,1,
1605,True,89.07,1048576,1,
1609,True,83.93,1048576,1,
1615,True,55.48,1048576,1,
1611,True,62.69,1048576,1,
1610,True,66.00,1048576,1,
1612,True,64.06,1048576,1,
1613,True,64.79,1048576,1,
1614,True,118.64,1048576,1,
1617,True,116.51,1048576,1,
1616,True,120.42,1048576,1,
1620,True,64.83,1048576,1,
1622,True,62.94,1048576,1,
1618,True,70.85,1048576,1,
1621,True,68.93,1048576,1,
1619,True,74.17,1048576,1,
1624,True,104.26,1048576,1,
1630,True,93.29,1048576,1,
1629,True,97.25,1048576,1,
1625,True,105.80,1048576,1,
1626,True,105.25,1048576,1,
1627,True,105.12,1048576,1,
1628,True,105.43,1048576,1,
1623,True,116.34,1048576,1,
1631,True,83.23,1048576,1,
1632,True,83.45,1048576,1,
1635,True,80.88,1048576,1,
1637,True,79.41,1048576,1,
1638,True,79.58,1048576,1,
1634,True,86.75,1048576,1,
1636,True,85.48,1048576,1,
1633,True,90.36,1048576,1,
1639,True,93.81,1048576,1,
1646,True,85.60,1048576,1,
1641,True,94.16,1048576,1,
1643,True,93.25,1048576,1,
1642,True,96.16,1048576,1,
1645,True,93.02,1048576,1,
1640,True,102.67,1048576,1,
1644,True,100.16,1048576,1,
1648,True,97.55,1048576,1,
1651,True,94.89,1048576,1,
1649,True,100.92,1048576,1,
1647,True,105.72,1048576,1,
1652,True,99.01,1048576,1,
1654,True,94.01,1048576,1,
1650,True,104.88,1048576,1,
1653,True,106.87,1048576,1,
1655,True,59.00,1048576,1,
1657,True,71.74,1048576,1,
1659,True,70.41,1048576,1,
1660,True,100.70,1048576,1,
1658,True,123.77,1048576,1,
1661,True,120.62,1048576,1,
1663,True,77.29,1048576,1,
1665,True,60.02,1048576,1,
1662,True,121.68,1048576,1,
1656,True,139.26,1048576,1,
1664,True,65.72,1048576,1,
1666,True,33.74,1048576,1,
1668,True,66.83,1048576,1,
1674,True,55.69,1048576,1,
1673,True,58.20,1048576,1,
1671,True,62.17,1048576,1,
1669,True,66.92,1048576,1,
1672,True,131.45,1048576,1,
1670,True,135.60,1048576,1,
1679,True,71.66,1048576,1,
1676,True,77.07,1048576,1,
1678,True,75.74,1048576,1,
1675,True,80.81,1048576,1,
1677,True,79.71,1048576,1,
1667,True,152.79,1048576,1,
1685,True,86.95,1048576,1,
1682,True,93.30,1048576,1,
1684,True,92.20,1048576,1,
1683,True,94.49,1048576,1,
1687,True,91.02,1048576,1,
1681,True,101.09,1048576,1,
1680,True,104.17,1048576,1,
1686,True,98.21,1048576,1,
1689,True,97.10,1048576,1,
1688,True,101.56,1048576,1,
1693,True,93.84,1048576,1,
1692,True,97.09,1048576,1,
1695,True,92.48,1048576,1,
1691,True,101.62,1048576,1,
1694,True,99.38,1048576,1,
1690,True,107.70,1048576,1,
1703,True,73.58,1048576,1,
1702,True,76.70,1048576,1,
1698,True,85.14,1048576,1,
1697,True,87.95,1048576,1,
1701,True,83.95,1048576,1,
1700,True,87.83,1048576,1,
1696,True,94.31,1048576,1,
1699,True,92.06,1048576,1,
1705,True,89.43,1048576,1,
1706,True,89.61,1048576,1,
1708,True,88.17,1048576,1,
1709,True,86.85,1048576,1,
1710,True,86.94,1048576,1,
1711,True,86.29,1048576,1,
1704,True,98.57,1048576,1,
1707,True,95.31,1048576,1,
1714,True,82.97,1048576,1,
1712,True,87.46,1048576,1,
1717,True,82.47,1048576,1,
1719,True,81.35,1048576,1,
1715,True,87.77,1048576,1,
1716,True,87.77,1048576,1,
1718,True,86.80,1048576,1,
1713,True,94.04,1048576,1,
1720,True,95.12,1048576,1,
1727,True,87.12,1048576,1,
1722,True,95.77,1048576,1,
1725,True,92.95,1048576,1,
1724,True,95.19,1048576,1,
1721,True,100.54,1048576,1,
1723,True,99.32,1048576,1,
1726,True,96.14,1048576,1,
1731,True,37.68,1048576,1,
1728,True,44.92,1048576,1,
1735,True,36.74,1048576,1,
1732,True,41.92,1048576,1,
1730,True,46.22,1048576,1,
1736,True,41.76,1048576,1,
1733,True,82.03,1048576,1,
1738,True,43.96,1048576,1,
1739,True,44.22,1048576,1,
1734,True,85.75,1048576,1,
1740,True,45.15,1048576,1,
1729,True,95.81,1048576,1,
1741,True,52.31,1048576,1,
1746,True,44.86,1048576,1,
1742,True,53.73,1048576,1,
1737,True,99.84,1048576,1,
1743,True,55.19,1048576,1,
1747,True,51.03,1048576,1,
1744,True,57.76,1048576,1,
1745,True,86.61,1048576,1,
1750,True,38.70,1048576,1,
1753,True,36.53,1048576,1,
1751,True,42.20,1048576,1,
1754,True,38.57,1048576,1,
1749,True,50.82,1048576,1,
1759,True,32.80,1048576,1,
1758,True,36.47,1048576,1,
1748,True,88.25,1048576,1,
1757,True,40.81,1048576,1,
1752,True,82.21,1048576,1,
1762,True,36.79,1048576,1,
1765,True,34.16,1048576,1,
1760,True,72.48,1048576,1,
1756,True,83.16,1048576,1,
1755,True,85.99,1048576,1,
1761,True,44.84,1048576,1,
1763,True,43.18,1048576,1,
1771,True,34.22,1048576,1,
1767,True,40.45,1048576,1,
1770,True,37.95,1048576,1,
1766,True,44.41,1048576,1,
1764,True,80.68,1048576,1,
1772,True,39.26,1048576,1,
1768,True,75.82,1048576,1,
1769,True,77.78,1048576,1,
1778,True,34.16,1048576,1,
1777,True,38.23,1048576,1,
1773,True,45.55,1048576,1,
1781,True,69.30,1048576,1,
1782,True,69.33,1048576,1,
1779,True,76.54,1048576,1,
1780,True,74.73,1048576,1,
1775,True,114.63,1048576,1,
1776,True,114.45,1048576,1,
1783,True,75.25,1048576,1,
1774,True,121.25,1048576,1,
1784,True,83.84,1048576,1,
1787,True,81.55,1048576,1,
1788,True,81.73,1048576,1,
1791,True,77.41,1048576,1,
1786,True,112.75,1048576,1,
1785,True,115.48,1048576,1,
1789,True,111.87,1048576,1,
1790,True,110.00,1048576,1,
1793,True,37.76,1048576,1,
1794,True,38.25,1048576,1,
1795,True,38.44,1048576,1,
1792,True,44.04,1048576,1,
1796,True,67.58,1048576,1,
1802,True,84.85,1048576,1,
1801,True,87.48,1048576,1,
1799,True,95.18,1048576,1,
1797,True,101.09,1048576,1,
1804,True,37.95,1048576,1,
1800,True,99.00,1048576,1,
1803,True,95.82,1048576,1,
1798,True,107.57,1048576,1,
1805,True,83.42,1048576,1,
1810,True,74.13,1048576,1,
1811,True,75.02,1048576,1,
1809,True,79.10,1048576,1,
1812,True,75.89,1048576,1,
1808,True,85.34,1048576,1,
1806,True,91.57,1048576,1,
1807,True,94.13,1048576,1,
1814,True,56.83,1048576,1,
1818,True,52.32,1048576,1,
1816,True,56.28,1048576,1,
1819,True,53.57,1048576,1,
1815,True,102.77,1048576,1,
1817,True,103.85,1048576,1,
1813,True,112.16,1048576,1,
1824,True,49.84,1048576,1,
1820,True,101.31,1048576,1,
1822,True,54.97,1048576,1,
1821,True,94.37,1048576,1,
1827,True,42.41,1048576,1,
1823,True,94.40,1048576,1,
1829,True,42.55,1048576,1,
1830,True,43.71,1048576,1,
1825,True,128.95,1048576,1,
1831,True,83.82,1048576,1,
1833,True,82.56,1048576,1,
1835,True,80.15,1048576,1,
1832,True,86.40,1048576,1,
1826,True,132.35,1048576,1,
1834,True,88.24,1048576,1,
1828,True,133.73,1048576,1,
1837,True,66.85,1048576,1,
1842,True,71.88,1048576,1,
1836,True,83.49,1048576,1,
1843,True,73.54,1048576,1,
1839,True,84.79,1048576,1,
1841,True,84.33,1048576,1,
1838,True,90.15,1048576,1,
1840,True,89.04,1048576,1,
1844,True,75.67,1048576,1,
1850,True,52.77,1048576,1,
1846,True,64.04,1048576,1,
1851,True,55.08,1048576,1,
1847,True,126.94,1048576,1,
1845,True,144.86,1048576,1,
1849,True,137.58,1048576,1,
1852,True,85.67,1048576,1,
1853,True,85.62,1048576,1,
1854,True,85.07,1048576,1,
1848,True,145.47,1048576,1,
1856,True,25.86,1048576,1,
1855,True,89.63,1048576,1,
1861,True,88.50,1048576,1,
1862,True,89.27,1048576,1,
1857,True,98.28,1048576,1,
1864,True,86.59,1048576,1,
1863,True,89.02,1048576,1,
1858,True,100.22,1048576,1,
1860,True,98.79,1048576,1,
1859,True,101.41,1048576,1,
1865,True,81.40,1048576,1,
1868,True,78.63,1048576,1,
1866,True,82.25,1048576,1,
1872,True,75.23,1048576,1,
1867,True,83.33,1048576,1,
1870,True,80.82,1048576,1,
1869,True,84.67,1048576,1,
1871,True,83.16,1048576,1,
1875,True,90.07,1048576,1,
1877,True,90.86,1048576,1,
1876,True,93.53,1048576,1,
1878,True,92.18,1048576,1,
1873,True,99.82,1048576,1,
1874,True,99.45,1048576,1,
1879,True,93.87,1048576,1,
1880,True,94.85,1048576,1,
1881,True,64.44,1048576,1,
1887,True,56.50,1048576,1,
1886,True,59.41,1048576,1,
1888,True,56.50,1048576,1,
1882,True,67.41,1048576,1,
1885,True,134.29,1048576,1,
1884,True,136.72,1048576,1,
1883,True,139.15,1048576,1,
1893,True,73.63,1048576,1,
1889,True,81.30,1048576,1,
1892,True,78.14,1048576,1,
1891,True,80.49,1048576,1,
1890,True,84.66,1048576,1,
1897,True,76.28,1048576,1,
1899,True,74.96,1048576,1,
1898,True,77.50,1048576,1,
1901,True,73.76,1048576,1,
1896,True,82.72,1048576,1,
1895,True,85.23,1048576,1,
1894,True,89.48,1048576,1,
1900,True,83.31,1048576,1,
1903,True,83.01,1048576,1,
1904,True,97.43,1048576,1,
1902,True,101.37,1048576,1,
1909,True,91.60,1048576,1,
1907,True,97.56,1048576,1,
1905,True,101.37,1048576,1,
1910,True,21.62,1048576,1,
1908,True,99.72,1048576,1,
1906,True,105.39,1048576,1,
1918,True,77.61,1048576,1,
1913,True,86.95,1048576,1,
1915,True,86.12,1048576,1,
1914,True,88.47,1048576,1,
1916,True,87.09,1048576,1,
1917,True,85.58,1048576,1,
1911,True,95.82,1048576,1,
1912,True,95.97,1048576,1,
1920,True,80.85,1048576,1,
1919,True,83.81,1048576,1,
1923,True,79.60,1048576,1,
1926,True,77.24,1048576,1,
1922,True,97.78,1048576,1,
1925,True,95.89,1048576,1,
1924,True,98.25,1048576,1,
1921,True,155.06,1048576,1,
1933,True,55.04,1048576,1,
1929,True,75.95,1048576,1,
1930,True,76.12,1048576,1,
1931,True,61.75,1048576,1,
1928,True,81.55,1048576,1,
1932,True,64.49,1048576,1,
1927,True,89.06,1048576,1,
1934,True,93.52,1048576,1,
1938,True,89.31,1048576,1,
1936,True,94.30,1048576,1,
1939,True,91.48,1048576,1,
1937,True,95.91,1048576,1,
1941,True,88.47,1048576,1,
1935,True,102.24,1048576,1,
1940,True,95.54,1048576,1,
1944,True,108.99,1048576,1,
1945,True,108.89,1048576,1,
1949,True,103.35,1048576,1,
1943,True,115.03,1048576,1,
1947,True,109.92,1048576,1,
1946,True,112.95,1048576,1,
1942,True,120.92,1048576,1,
1948,True,111.46,1048576,1,
1955,True,117.20,1048576,1,
1956,True,117.57,1048576,1,
1950,True,126.91,1048576,1,
1953,True,124.74,1048576,1,
1951,True,128.61,1048576,1,
1957,True,122.13,1048576,1,
1952,True,130.59,1048576,1,
1954,True,128.77,1048576,1,
1959,True,121.83,1048576,1,
1962,True,118.91,1048576,1,
1963,True,119.40,1048576,1,
1958,True,127.59,1048576,1,
1961,True,124.03,1048576,1,
1965,True,120.02,1048576,1,
1960,True,128.51,1048576,1,
1964,True,123.51,1048576,1,
1970,True,119.97,1048576,1,
1969,True,123.01,1048576,1,
1968,True,125.71,1048576,1,
1967,True,128.52,1048576,1,
1972,True,123.99,1048576,1,
1966,True,133.32,1048576,1,
1971,True,127.32,1048576,1,
1973,True,131.54,1048576,1,
1974,True,126.46,1048576,1,
1975,True,126.17,1048576,1,
1976,True,126.14,1048576,1,
1980,True,121.98,1048576,1,
1977,True,127.17,1048576,1,
1979,True,125.52,1048576,1,
1978,True,128.76,1048576,1,
1981,True,121.52,1048576,1,
1985,True,123.42,1048576,1,
1983,True,128.15,1048576,1,
1988,True,122.44,1048576,1,
1987,True,126.07,1048576,1,
1989,True,123.45,1048576,1,
1982,True,134.80,1048576,1,
1986,True,130.61,1048576,1,
1984,True,135.59,1048576,1,
1990,True,88.17,1048576,1,
1996,True,81.44,1048576,1,
1997,True,80.77,1048576,1,
1994,True,87.13,1048576,1,
1991,True,92.55,1048576,1,
1993,True,91.12,1048576,1,
1995,True,90.16,1048576,1,
1992,True,95.89,1048576,1,
2000,True,86.84,1048576,1,
1999,True,90.47,1048576,1,
1998,True,94.47,1048576,1,
2005,True,84.78,1048576,1,
2001,True,93.82,1048576,1,
2003,True,93.01,1048576,1,
2002,True,97.60,1048576,1,
2004,True,97.90,1048576,1,
2009,True,70.34,1048576,1,
2011,True,67.99,1048576,1,
2007,True,78.63,1048576,1,
2012,True,68.18,1048576,1,
2013,True,67.30,1048576,1,
2010,True,78.39,1048576,1,
2006,True,143.13,1048576,1,
2008,True,140.56,1048576,1,
2016,True,64.93,1048576,1,
2014,True,70.42,1048576,1,
2017,True,77.38,1048576,1,
2018,True,77.32,1048576,1,
2019,True,75.43,1048576,1,
2015,True,138.87,1048576,1,
2022,True,73.37,1048576,1,
2021,True,76.11,1048576,1,
2020,True,78.85,1048576,1,
2026,True,60.25,1048576,1,
2023,True,77.45,1048576,1,
2024,True,65.58,1048576,1,
2025,True,67.55,1048576,1,
2031,True,80.58,1048576,1,
2034,True,76.54,1048576,1,
2033,True,81.57,1048576,1,
2032,True,84.99,1048576,1,
2028,True,91.59,1048576,1,
2027,True,94.23,1048576,1,
2029,True,92.93,1048576,1,
2030,True,93.02,1048576,1,
2039,True,94.71,1048576,1,
2041,True,93.46,1048576,1,
2042,True,93.45,1048576,1,
2038,True,100.22,1048576,1,
2040,True,98.95,1048576,1,
2036,True,105.97,1048576,1,
2037,True,106.36,1048576,1,
2035,True,112.54,1048576,1,
2043,True,80.92,1048576,1,
2048,True,76.86,1048576,1,
2049,True,76.70,1048576,1,
2046,True,82.66,1048576,1,
2045,True,85.39,1048576,1,
2047,True,84.02,1048576,1,
2050,True,79.72,1048576,1,
2044,True,91.18,1048576,1,
2057,True,85.61,1048576,1,
2056,True,89.46,1048576,1,
2053,True,94.62,1048576,1,
2058,True,89.25,1048576,1,
2055,True,94.75,1048576,1,
2052,True,100.78,1048576,1,
2051,True,104.99,1048576,1,
2054,True,100.30,1048576,1,
2059,True,60.94,1048576,1,
2066,True,51.64,1048576,1,
2062,True,58.53,1048576,1,
2064,True,57.92,1048576,1,
2060,True,64.72,1048576,1,
2061,True,121.48,1048576,1,
2068,True,64.90,1048576,1,
2067,True,67.71,1048576,1,
2065,True,121.66,1048576,1,
2063,True,125.93,1048576,1,
2071,True,65.80,1048576,1,
2069,True,71.87,1048576,1,
2070,True,78.49,1048576,1,
2072,True,74.99,1048576,1,
2074,True,72.63,1048576,1,
2076,True,72.00,1048576,1,
2079,True,60.94,1048576,1,
2078,True,78.38,1048576,1,
2075,True,85.18,1048576,1,
2077,True,84.14,1048576,1,
2073,True,91.55,1048576,1,
2081,True,32.55,1048576,1,
2083,True,69.29,1048576,1,
2084,True,61.76,1048576,1,
2085,True,61.35,1048576,1,
2087,True,59.58,1048576,1,
2082,True,75.89,1048576,1,
2086,True,63.78,1048576,1,
2080,True,84.29,1048576,1,
2088,True,108.21,1048576,1,
2089,True,82.39,1048576,1,
2091,True,81.14,1048576,1,
2094,True,78.62,1048576,1,
2092,True,82.36,1048576,1,
2095,True,77.77,1048576,1,
2090,True,87.33,1048576,1,
2093,True,85.71,1048576,1,
2099,True,77.88,1048576,1,
2100,True,78.96,1048576,1,
2097,True,84.97,1048576,1,
2096,True,101.01,1048576,1,
2101,True,82.69,1048576,1,
2102,True,82.76,1048576,1,
2098,True,89.42,1048576,1,
2103,True,84.18,1048576,1,
2104,True,85.30,1048576,1,
2105,True,98.31,1048576,1,
2110,True,91.71,1048576,1,
2111,True,91.64,1048576,1,
2109,True,96.41,1048576,1,
2106,True,101.83,1048576,1,
2112,True,22.17,1048576,1,
2108,True,103.07,1048576,1,
2107,True,106.34,1048576,1,
2116,True,82.85,1048576,1,
2119,True,79.19,1048576,1,
2115,True,86.87,1048576,1,
2114,True,89.54,1048576,1,
2118,True,95.53,1048576,1,
2113,True,104.18,1048576,1,
2117,True,99.53,1048576,1,
2120,True,95.06,1048576,1,
2121,True,23.39,1048576,1,
2124,True,22.71,1048576,1,
2126,True,91.31,1048576,1,
2130,True,82.55,1048576,1,
2125,True,95.41,1048576,1,
2128,True,93.30,1048576,1,
2127,True,95.40,1048576,1,
2123,True,111.99,1048576,1,
2122,True,114.63,1048576,1,
2129,True,93.32,1048576,1,
2138,True,88.09,1048576,1,
2136,True,92.40,1048576,1,
2137,True,92.61,1048576,1,
2132,True,99.89,1048576,1,
2135,True,97.51,1048576,1,
2133,True,100.97,1048576,1,
2134,True,101.79,1048576,1,
2131,True,108.39,1048576,1,
2139,True,115.52,1048576,1,
2143,True,111.59,1048576,1,
2145,True,109.90,1048576,1,
2141,True,116.77,1048576,1,
2144,True,114.26,1048576,1,
2146,True,110.86,1048576,1,
2140,True,122.73,1048576,1,
2142,True,121.48,1048576,1,
2147,True,102.25,1048576,1,
2150,True,99.48,1048576,1,
2148,True,103.64,1048576,1,
2154,True,96.37,1048576,1,
2153,True,98.86,1048576,1,
2152,True,102.57,1048576,1,
2151,True,104.82,1048576,1,
2149,True,108.24,1048576,1,
2155,True,92.04,1048576,1,
2160,True,87.69,1048576,1,
2157,True,93.01,1048576,1,
2161,True,89.81,1048576,1,
2158,True,94.72,1048576,1,
2162,True,91.85,1048576,1,
2159,True,96.63,1048576,1,
2156,True,101.55,1048576,1,
2163,True,83.32,1048576,1,
2168,True,76.72,1048576,1,
2164,True,84.45,1048576,1,
2165,True,84.78,1048576,1,
2169,True,79.91,1048576,1,
2167,True,83.93,1048576,1,
2166,True,86.70,1048576,1,
2170,True,82.63,1048576,1,
2171,True,98.98,1048576,1,
2176,True,93.11,1048576,1,
2172,True,99.97,1048576,1,
2177,True,94.34,1048576,1,
2175,True,98.07,1048576,1,
2178,True,95.41,1048576,1,
2174,True,101.46,1048576,1,
2173,True,104.80,1048576,1,
2180,True,65.42,1048576,1,
2181,True,66.25,1048576,1,
2186,True,61.88,1048576,1,
2184,True,66.20,1048576,1,
2185,True,66.55,1048576,1,
2183,True,117.36,1048576,1,
2179,True,124.26,1048576,1,
2187,True,58.22,1048576,1,
2182,True,123.50,1048576,1,
2191,True,54.35,1048576,1,
2190,True,57.34,1048576,1,
2189,True,61.66,1048576,1,
2188,True,79.03,1048576,1,
2196,True,56.10,1048576,1,
2193,True,63.61,1048576,1,
2199,True,40.45,1048576,1,
2195,True,63.36,1048576,1,
2194,True,102.72,1048576,1,
2198,True,97.01,1048576,1,
2197,True,101.30,1048576,1,
2202,True,43.06,1048576,1,
2192,True,112.36,1048576,1,
2203,True,127.51,1048576,1,
2201,True,132.28,1048576,1,
2204,True,93.08,1048576,1,
2200,True,137.08,1048576,1,
2205,True,93.52,1048576,1,
2208,True,90.13,1048576,1,
2207,True,93.69,1048576,1,
2206,True,96.72,1048576,1,
2211,True,96.13,1048576,1,
2214,True,95.32,1048576,1,
2213,True,97.69,1048576,1,
2212,True,100.01,1048576,1,
2216,True,95.71,1048576,1,
2209,True,107.32,1048576,1,
2210,True,107.37,1048576,1,
2215,True,102.13,1048576,1,
2224,True,87.57,1048576,1,
2220,True,94.85,1048576,1,
2217,True,101.73,1048576,1,
2219,True,99.22,1048576,1,
2222,True,96.01,1048576,1,
2218,True,102.96,1048576,1,
2221,True,101.54,1048576,1,
2223,True,99.26,1048576,1,
2229,True,74.61,1048576,1,
2231,True,73.30,1048576,1,
2228,True,80.09,1048576,1,
2226,True,84.21,1048576,1,
2225,True,87.14,1048576,1,
2227,True,84.97,1048576,1,
2230,True,82.88,1048576,1,
2232,True,80.54,1048576,1,
2238,True,57.17,1048576,1,
2237,True,80.22,1048576,1,
2234,True,85.87,1048576,1,
2240,True,78.61,1048576,1,
2239,True,81.44,1048576,1,
2233,True,92.14,1048576,1,
2235,True,90.51,1048576,1,
2236,True,90.64,1048576,1,
2241,True,32.46,1048576,1,
2242,True,42.50,1048576,1,
2248,True,34.60,1048576,1,
2243,True,43.98,1048576,1,
2247,True,38.55,1048576,1,
2249,True,37.30,1048576,1,
2245,True,45.82,1048576,1,
2250,True,42.06,1048576,1,
2251,True,42.69,1048576,1,
2255,True,38.48,1048576,1,
2244,True,87.79,1048576,1,
2253,True,44.31,1048576,1,
2246,True,87.09,1048576,1,
2252,True,48.83,1048576,1,
2254,True,78.44,1048576,1,
2259,True,38.99,1048576,1,
2262,True,36.92,1048576,1,
2257,True,45.80,1048576,1,
2258,True,45.30,1048576,1,
2256,True,50.65,1048576,1,
2260,True,45.61,1048576,1,
2268,True,28.76,1048576,1,
2266,True,33.01,1048576,1,
2261,True,75.27,1048576,1,
2267,True,34.17,1048576,1,
2271,True,22.77,1048576,1,
2272,True,23.64,1048576,1,
2263,True,81.75,1048576,1,
2274,True,21.63,1048576,1,
2265,True,81.94,1048576,1,
2269,True,78.56,1048576,1,
2264,True,87.36,1048576,1,
2276,True,42.37,1048576,1,
2280,True,37.22,1048576,1,
2270,True,91.50,1048576,1,
2275,True,65.97,1048576,1,
2279,True,42.97,1048576,1,
2273,True,91.90,1048576,1,
2277,True,50.00,1048576,1,
2278,True,50.76,1048576,1,
2284,True,36.84,1048576,1,
2281,True,44.04,1048576,1,
2286,True,36.67,1048576,1,
2283,True,42.36,1048576,1,
2288,True,35.91,1048576,1,
2293,True,28.63,1048576,1,
2290,True,61.12,1048576,1,
2292,True,59.90,1048576,1,
2285,True,135.46,1048576,1,
2282,True,141.93,1048576,1,
2287,True,135.59,1048576,1,
2289,True,104.92,1048576,1,
2291,True,102.96,1048576,1,
2295,True,44.02,1048576,1,
2296,True,44.09,1048576,1,
2294,True,76.46,1048576,1,
2297,True,65.58,1048576,1,
2299,True,66.66,1048576,1,
2304,True,59.58,1048576,1,
2303,True,64.37,1048576,1,
2301,True,98.32,1048576,1,
2306,True,53.16,1048576,1,
2302,True,118.70,1048576,1,
2309,True,23.01,1048576,1,
2307,True,57.40,1048576,1,
2298,True,129.34,1048576,1,
2308,True,58.87,1048576,1,
2300,True,130.22,1048576,1,
2305,True,103.63,1048576,1,
2316,True,53.70,1048576,1,
2313,True,60.70,1048576,1,
2312,True,63.35,1048576,1,
2314,True,61.72,1048576,1,
2315,True,61.34,1048576,1,
2311,True,68.81,1048576,1,
2310,True,106.30,1048576,1,
2317,True,64.28,1048576,1,
2323,True,39.49,1048576,1,
2321,True,43.21,1048576,1,
2318,True,113.48,1048576,1,
2327,True,69.48,1048576,1,
2319,True,116.96,1048576,1,
2325,True,74.77,1048576,1,
2326,True,74.70,1048576,1,
2324,True,80.39,1048576,1,
2320,True,120.46,1048576,1,
2322,True,119.53,1048576,1,
2330,True,88.36,1048576,1,
2329,True,91.30,1048576,1,
2328,True,96.74,1048576,1,
2335,True,86.90,1048576,1,
2331,True,92.94,1048576,1,
2332,True,92.97,1048576,1,
2334,True,92.04,1048576,1,
2333,True,94.43,1048576,1,
2336,True,83.33,1048576,1,
2338,True,81.20,1048576,1,
2340,True,80.29,1048576,1,
2343,True,78.05,1048576,1,
2337,True,87.17,1048576,1,
2339,True,85.10,1048576,1,
2342,True,82.66,1048576,1,
2341,True,85.11,1048576,1,
2351,True,50.30,1048576,1,
2346,True,57.88,1048576,1,
2349,True,55.64,1048576,1,
2344,True,64.14,1048576,1,
2347,True,119.37,1048576,1,
2348,True,119.63,1048576,1,
2350,True,118.61,1048576,1,
2353,True,66.09,1048576,1,
2345,True,137.39,1048576,1,
2355,True,75.34,1048576,1,
2352,True,81.61,1048576,1,
2354,True,79.99,1048576,1,
2358,True,50.17,1048576,1,
2356,True,54.11,1048576,1,
2359,True,51.75,1048576,1,
2360,True,41.78,1048576,1,
2357,True,57.09,1048576,1,
2363,True,110.51,1048576,1,
2367,True,73.41,1048576,1,
2361,True,116.11,1048576,1,
2366,True,77.66,1048576,1,
2368,True,75.99,1048576,1,
2362,True,118.45,1048576,1,
2364,True,83.84,1048576,1,
2365,True,83.91,1048576,1,
2372,True,89.02,1048576,1,
2375,True,87.41,1048576,1,
2371,True,93.31,1048576,1,
2370,True,96.19,1048576,1,
2376,True,90.12,1048576,1,
2369,True,100.09,1048576,1,
2373,True,96.02,1048576,1,
2374,True,95.98,1048576,1,
2378,True,115.48,1048576,1,
2382,True,112.50,1048576,1,
2384,True,112.56,1048576,1,
2380,True,118.58,1048576,1,
2383,True,116.49,1048576,1,
2379,True,122.62,1048576,1,
2381,True,121.16,1048576,1,
2377,True,128.11,1048576,1,
2386,True,137.50,1048576,1,
2387,True,149.58,1048576,1,
2388,True,150.52,1048576,1,
2385,True,157.67,1048576,1,
2390,True,150.61,1048576,1,
2392,True,149.83,1048576,1,
2391,True,153.08,1048576,1,
2389,True,158.21,1048576,1,
2393,True,54.73,1048576,1,
2395,True,124.09,1048576,1,
2399,True,118.83,1048576,1,
2394,True,128.62,1048576,1,
2400,True,119.10,1048576,1,
2397,True,127.54,1048576,1,
2401,True,92.68,1048576,1,
2396,True,131.36,1048576,1,
2398,True,131.12,1048576,1,
2405,True,129.93,1048576,1,
2403,True,134.21,1048576,1,
2404,True,134.29,1048576,1,
2407,True,131.52,1048576,1,
2402,True,140.73,1048576,1,
2408,True,133.24,1048576,1,
2409,True,131.90,1048576,1,
2406,True,139.92,1048576,1,
2415,True,139.16,1048576,1,
2413,True,144.11,1048576,1,
2410,True,150.50,1048576,1,
2416,True,142.62,1048576,1,
2414,True,147.26,1048576,1,
2411,True,153.62,1048576,1,
2412,True,154.71,1048576,1,
2417,True,147.57,1048576,1,
2422,True,84.55,1048576,1,
2423,True,84.96,1048576,1,
2420,True,90.82,1048576,1,
2421,True,90.25,1048576,1,
2418,True,96.70,1048576,1,
2419,True,95.98,1048576,1,
2425,True,87.09,1048576,1,
2424,True,91.05,1048576,1,
2432,True,79.82,1048576,1,
2429,True,86.30,1048576,1,
2427,True,90.05,1048576,1,
2428,True,90.57,1048576,1,
2433,True,83.95,1048576,1,
2426,True,95.44,1048576,1,
2431,True,90.52,1048576,1,
2430,True,93.12,1048576,1,
2434,True,99.52,1048576,1,
2440,True,92.62,1048576,1,
2438,True,97.14,1048576,1,
2435,True,102.68,1048576,1,
2441,True,95.88,1048576,1,
2439,True,100.09,1048576,1,
2436,True,107.27,1048576,1,
2437,True,107.31,1048576,1,
2445,True,63.19,1048576,1,
2444,True,66.85,1048576,1,
2443,True,69.77,1048576,1,
2446,True,66.84,1048576,1,
2442,True,75.78,1048576,1,
2448,True,101.01,1048576,1,
2449,True,133.83,1048576,1,
2454,True,71.56,1048576,1,
2447,True,141.27,1048576,1,
2450,True,81.66,1048576,1,
2451,True,80.99,1048576,1,
2453,True,79.36,1048576,1,
2455,True,41.86,1048576,1,
2452,True,84.25,1048576,1,
2460,True,77.98,1048576,1,
2457,True,84.54,1048576,1,
2461,True,82.01,1048576,1,
2462,True,82.01,1048576,1,
2458,True,88.57,1048576,1,
2456,True,94.27,1048576,1,
2463,True,85.97,1048576,1,
2459,True,95.00,1048576,1,
2468,True,92.84,1048576,1,
2465,True,100.24,1048576,1,
2467,True,97.90,1048576,1,
2464,True,105.95,1048576,1,
2469,True,96.67,1048576,1,
2471,True,93.38,1048576,1,
2470,True,98.02,1048576,1,
2466,True,107.86,1048576,1,
2479,True,40.31,1048576,1,
2478,True,43.77,1048576,1,
2472,True,54.61,1048576,1,
2480,True,66.90,1048576,1,
2474,True,118.20,1048576,1,
2482,True,67.51,1048576,1,
2476,True,118.07,1048576,1,
2481,True,71.65,1048576,1,
2477,True,127.97,1048576,1,
2475,True,132.14,1048576,1,
2473,True,136.55,1048576,1,
2483,True,26.16,1048576,1,
2484,True,26.04,1048576,1,
2486,True,77.27,1048576,1,
2488,True,82.41,1048576,1,
2489,True,82.26,1048576,1,
2492,True,72.45,1048576,1,
2487,True,126.40,1048576,1,
2485,True,130.62,1048576,1,
2490,True,116.30,1048576,1,
2493,True,53.48,1048576,1,
2494,True,38.43,1048576,1,
2491,True,111.63,1048576,1,
2496,True,38.31,1048576,1,
2495,True,80.77,1048576,1,
2500,True,45.85,1048576,1,
2499,True,48.18,1048576,1,
2498,True,50.70,1048576,1,
2497,True,125.36,1048576,1,
2506,True,75.66,1048576,1,
2507,True,75.76,1048576,1,
2503,True,122.22,1048576,1,
2502,True,125.02,1048576,1,
2501,True,127.41,1048576,1,
2504,True,85.36,1048576,1,
2505,True,86.90,1048576,1,
2508,True,62.87,1048576,1,
2510,True,62.02,1048576,1,
2509,True,64.56,1048576,1,
2515,True,56.41,1048576,1,
2511,True,65.23,1048576,1,
2512,True,134.80,1048576,1,
2513,True,134.82,1048576,1,
2514,True,134.54,1048576,1,
2517,True,79.09,1048576,1,
2520,True,75.55,1048576,1,
2518,True,80.30,1048576,1,
2519,True,79.42,1048576,1,
2516,True,86.16,1048576,1,
2521,True,60.26,1048576,1,
2523,True,91.47,1048576,1,
2524,True,91.56,1048576,1,
2522,True,95.61,1048576,1,
2526,True,92.02,1048576,1,
2527,True,93.78,1048576,1,
2525,True,97.24,1048576,1,
2529,True,42.74,1048576,1,
2528,True,97.88,1048576,1,
2530,True,87.69,1048576,1,
2533,True,85.07,1048576,1,
2531,True,89.69,1048576,1,
2537,True,79.39,1048576,1,
2535,True,85.28,1048576,1,
2532,True,92.56,1048576,1,
2536,True,87.56,1048576,1,
2534,True,91.35,1048576,1,
2543,True,92.19,1048576,1,
2544,True,92.14,1048576,1,
2540,True,99.43,1048576,1,
2539,True,102.75,1048576,1,
2542,True,99.93,1048576,1,
2545,True,96.24,1048576,1,
2541,True,104.92,1048576,1,
2538,True,110.75,1048576,1,
2547,True,66.23,1048576,1,
2549,True,84.85,1048576,1,
2548,True,88.32,1048576,1,
2546,True,92.73,1048576,1,
2552,True,84.76,1048576,1,
2553,True,84.61,1048576,1,
2551,True,89.97,1048576,1,
2550,True,95.06,1048576,1,
2555,True,100.37,1048576,1,
2557,True,98.42,1048576,1,
2561,True,91.66,1048576,1,
2560,True,96.70,1048576,1,
2558,True,100.80,1048576,1,
2554,True,129.46,1048576,1,
2556,True,107.76,1048576,1,
2559,True,104.59,1048576,1,
2564,True,82.40,1048576,1,
2566,True,82.01,1048576,1,
2563,True,87.25,1048576,1,
2568,True,81.77,1048576,1,
2569,True,82.09,1048576,1,
2565,True,89.67,1048576,1,
2567,True,87.37,1048576,1,
2562,True,98.40,1048576,1,
2575,True,91.03,1048576,1,
2574,True,93.83,1048576,1,
2572,True,98.86,1048576,1,
2570,True,103.71,1048576,1,
2576,True,95.17,1048576,1,
2573,True,100.69,1048576,1,
2577,True,94.33,1048576,1,
2571,True,108.50,1048576,1,
2581,True,77.48,1048576,1,
2579,True,81.61,1048576,1,
2578,True,84.24,1048576,1,
2580,True,83.20,1048576,1,
2585,True,77.49,1048576,1,
2584,True,82.09,1048576,1,
2583,True,86.01,1048576,1,
2582,True,89.53,1048576,1,
2593,True,76.65,1048576,1,
2589,True,87.59,1048576,1,
2590,True,86.48,1048576,1,
2587,True,93.83,1048576,1,
2586,True,96.48,1048576,1,
2591,True,89.65,1048576,1,
2592,True,87.78,1048576,1,
2588,True,99.70,1048576,1,
2596,True,90.35,1048576,1,
2594,True,95.23,1048576,1,
2597,True,91.65,1048576,1,
2595,True,96.11,1048576,1,
2600,True,89.74,1048576,1,
2599,True,92.41,1048576,1,
2598,True,95.93,1048576,1,
2601,True,91.38,1048576,1,
2607,True,77.60,1048576,1,
2605,True,81.69,1048576,1,
2603,True,85.87,1048576,1,
2602,True,88.55,1048576,1,
2606,True,84.30,1048576,1,
2609,True,81.13,1048576,1,
2608,True,83.75,1048576,1,
2604,True,92.07,1048576,1,
2611,True,94.88,1048576,1,
2613,True,94.01,1048576,1,
2617,True,88.65,1048576,1,
2610,True,100.87,1048576,1,
2612,True,99.30,1048576,1,
2615,True,96.84,1048576,1,
2616,True,97.96,1048576,1,
2614,True,102.01,1048576,1,
2623,True,78.43,1048576,1,
2619,True,85.87,1048576,1,
2620,True,86.06,1048576,1,
2622,True,84.82,1048576,1,
2621,True,87.54,1048576,1,
2625,True,82.08,1048576,1,
2618,True,94.94,1048576,1,
2624,True,86.96,1048576,1,
2633,True,84.61,1048576,1,
2627,True,94.67,1048576,1,
2629,True,92.89,1048576,1,
2626,True,99.61,1048576,1,
2632,True,91.26,1048576,1,
2628,True,98.26,1048576,1,
2630,True,96.79,1048576,1,
2631,True,100.93,1048576,1,
2639,True,79.08,1048576,1,
2640,True,80.42,1048576,1,
2637,True,85.99,1048576,1,
2636,True,89.14,1048576,1,
2638,True,87.70,1048576,1,
2634,True,95.52,1048576,1,
2641,True,83.70,1048576,1,
2635,True,98.23,1048576,1,
2647,True,90.59,1048576,1,
2649,True,88.94,1048576,1,
2646,True,97.16,1048576,1,
2642,True,105.95,1048576,1,
2643,True,105.74,1048576,1,
2648,True,98.45,1048576,1,
2644,True,108.36,1048576,1,
2645,True,109.55,1048576,1,
2650,True,99.74,1048576,1,
2651,True,99.19,1048576,1,
2654,True,95.04,1048576,1,
2655,True,95.18,1048576,1,
2652,True,102.19,1048576,1,
2657,True,92.23,1048576,1,
2653,True,105.18,1048576,1,
2656,True,102.23,1048576,1,
2660,True,67.22,1048576,1,
2659,True,103.72,1048576,1,
2664,True,96.15,1048576,1,
2662,True,101.83,1048576,1,
2663,True,101.29,1048576,1,
2658,True,111.11,1048576,1,
2665,True,97.87,1048576,1,
2661,True,108.99,1048576,1,
2666,True,45.53,1048576,1,
2669,True,65.99,1048576,1,
2673,True,69.65,1048576,1,
2668,True,78.20,1048576,1,
2671,True,74.85,1048576,1,
2672,True,75.27,1048576,1,
2670,True,79.84,1048576,1,
2667,True,84.79,1048576,1,
2674,True,75.80,1048576,1,
2675,True,19.38,1048576,1,
2676,True,37.60,1048576,1,
2678,True,37.06,1048576,1,
2677,True,39.71,1048576,1,
2679,True,37.96,1048576,1,
2683,True,33.83,1048576,1,
2686,True,34.18,1048576,1,
2685,True,37.16,1048576,1,
2682,True,70.21,1048576,1,
2681,True,73.69,1048576,1,
2680,True,76.23,1048576,1,
2688,True,38.94,1048576,1,
2691,True,40.20,1048576,1,
2687,True,78.34,1048576,1,
2684,True,84.16,1048576,1,
2689,True,47.20,1048576,1,
2693,True,42.88,1048576,1,
2694,True,42.00,1048576,1,
2692,True,46.59,1048576,1,
2696,True,40.39,1048576,1,
2700,True,36.77,1048576,1,
2697,True,42.20,1048576,1,
2698,True,42.20,1048576,1,
2701,True,39.56,1048576,1,
2699,True,44.24,1048576,1,
2690,True,93.21,1048576,1,
2703,True,41.20,1048576,1,
2707,True,36.45,1048576,1,
2708,True,36.50,1048576,1,
2704,True,43.81,1048576,1,
2706,True,42.51,1048576,1,
2695,True,91.73,1048576,1,
2705,True,82.65,1048576,1,
2712,True,41.20,1048576,1,
2713,True,41.33,1048576,1,
2709,True,48.11,1048576,1,
2710,True,47.69,1048576,1,
2702,True,93.67,1048576,1,
2711,True,49.77,1048576,1,
2715,True,49.76,1048576,1,
2717,True,48.12,1048576,1,
2714,True,90.18,1048576,1,
2720,True,47.05,1048576,1,
2716,True,53.42,1048576,1,
2721,True,48.02,1048576,1,
2719,True,53.08,1048576,1,
2718,True,55.48,1048576,1,
2722,True,93.10,1048576,1,
2726,True,90.75,1048576,1,
2725,True,93.47,1048576,1,
2724,True,96.33,1048576,1,
2727,True,93.03,1048576,1,
2723,True,100.31,1048576,1,
2729,True,92.58,1048576,1,
2728,True,95.66,1048576,1,
2731,True,63.05,1048576,1,
2732,True,63.29,1048576,1,
2730,True,68.99,1048576,1,
2735,True,61.68,1048576,1,
2737,True,60.57,1048576,1,
2733,True,140.22,1048576,1,
2734,True,140.57,1048576,1,
2736,True,139.81,1048576,1,
2739,True,82.24,1048576,1,
2742,True,79.18,1048576,1,
2741,True,82.08,1048576,1,
2738,True,88.37,1048576,1,
2740,True,87.13,1048576,1,
2743,True,61.78,1048576,1,
2744,True,62.85,1048576,1,
2746,True,62.16,1048576,1,
2750,True,57.58,1048576,1,
2749,True,60.96,1048576,1,
2745,True,140.02,1048576,1,
2748,True,138.51,1048576,1,
2747,True,141.37,1048576,1,
2751,True,85.59,1048576,1,
2755,True,80.53,1048576,1,
2753,True,85.17,1048576,1,
2754,True,86.54,1048576,1,
2752,True,91.97,1048576,1,
2757,True,83.87,1048576,1,
2762,True,74.98,1048576,1,
2761,True,79.61,1048576,1,
2758,True,86.74,1048576,1,
2759,True,85.45,1048576,1,
2760,True,85.64,1048576,1,
2763,True,81.08,1048576,1,
2756,True,127.57,1048576,1,
2764,True,62.25,1048576,1,
2770,True,54.14,1048576,1,
2771,True,22.93,1048576,1,
2767,True,61.58,1048576,1,
2769,True,59.87,1048576,1,
2766,True,65.63,1048576,1,
2768,True,113.20,1048576,1,
2773,True,56.30,1048576,1,
2765,True,120.39,1048576,1,
2775,True,56.70,1048576,1,
2777,True,55.20,1048576,1,
2774,True,60.32,1048576,1,
2772,True,65.42,1048576,1,
2776,True,128.64,1048576,1,
2781,True,74.13,1048576,1,
2783,True,73.25,1048576,1,
2782,True,75.88,1048576,1,
2779,True,82.06,1048576,1,
2784,True,75.92,1048576,1,
2778,True,86.62,1048576,1,
2780,True,84.83,1048576,1,
2786,True,82.62,1048576,1,
2788,True,81.14,1048576,1,
2789,True,80.06,1048576,1,
2785,True,88.17,1048576,1,
2787,True,86.52,1048576,1,
2792,True,80.01,1048576,1,
2791,True,84.08,1048576,1,
2790,True,88.13,1048576,1,
2793,True,96.26,1048576,1,
2797,True,92.28,1048576,1,
2796,True,94.88,1048576,1,
2794,True,99.71,1048576,1,
2799,True,92.75,1048576,1,
2795,True,100.83,1048576,1,
2798,True,97.93,1048576,1,
2800,True,94.91,1048576,1,
2802,True,87.13,1048576,1,
2807,True,82.19,1048576,1,
2803,True,89.11,1048576,1,
2801,True,93.23,1048576,1,
2808,True,83.35,1048576,1,
2805,True,89.59,1048576,1,
2806,True,90.11,1048576,1,
2804,True,93.74,1048576,1,
2810,True,80.54,1048576,1,
2813,True,78.79,1048576,1,
2812,True,81.33,1048576,1,
2811,True,84.19,1048576,1,
2816,True,78.72,1048576,1,
2815,True,81.00,1048576,1,
2809,True,91.37,1048576,1,
2814,True,86.31,1048576,1,
2819,True,96.27,1048576,1,
2823,True,92.09,1048576,1,
2817,True,102.49,1048576,1,
2818,True,102.17,1048576,1,
2821,True,99.59,1048576,1,
2824,True,95.94,1048576,1,
2820,True,104.75,1048576,1,
2822,True,104.06,1048576,1,
2825,True,61.08,1048576,1,
2826,True,60.98,1048576,1,
2831,True,53.79,1048576,1,
2832,True,53.83,1048576,1,
2830,True,59.39,1048576,1,
2829,True,62.46,1048576,1,
2827,True,116.71,1048576,1,
2828,True,116.56,1048576,1,
2836,True,56.72,1048576,1,
2838,True,55.27,1048576,1,
2834,True,62.42,1048576,1,
2835,True,63.89,1048576,1,
2833,True,68.02,1048576,1,
2837,True,133.66,1048576,1,
2840,True,81.04,1048576,1,
2841,True,83.11,1048576,1,
2844,True,78.56,1048576,1,
2839,True,88.57,1048576,1,
2843,True,83.92,1048576,1,
2845,True,80.98,1048576,1,
2842,True,88.36,1048576,1,
2846,True,88.77,1048576,1,
2850,True,83.72,1048576,1,
2847,True,90.91,1048576,1,
2851,True,85.35,1048576,1,
2853,True,84.03,1048576,1,
2848,True,92.11,1048576,1,
2852,True,88.51,1048576,1,
2849,True,93.89,1048576,1,
2855,True,92.57,1048576,1,
2856,True,93.01,1048576,1,
2858,True,91.44,1048576,1,
2857,True,94.49,1048576,1,
2861,True,89.50,1048576,1,
2860,True,93.68,1048576,1,
2854,True,104.71,1048576,1,
2859,True,97.46,1048576,1,
2863,True,78.15,1048576,1,
2862,True,81.60,1048576,1,
2866,True,77.33,1048576,1,
2868,True,74.90,1048576,1,
2864,True,82.23,1048576,1,
2867,True,78.65,1048576,1,
2869,True,78.80,1048576,1,
2865,True,86.09,1048576,1,
2874,True,90.83,1048576,1,
2871,True,96.45,1048576,1,
2876,True,90.11,1048576,1,
2870,True,101.05,1048576,1,
2875,True,95.77,1048576,1,
2873,True,99.46,1048576,1,
2877,True,94.18,1048576,1,
2872,True,102.89,1048576,1,
2879,True,47.39,1048576,1,
2882,True,44.35,1048576,1,
2880,True,48.60,1048576,1,
2887,True,80.38,1048576,1,
2888,True,80.51,1048576,1,
2885,True,126.37,1048576,1,
2884,True,128.96,1048576,1,
2883,True,131.20,1048576,1,
2881,True,134.95,1048576,1,
2886,True,91.12,1048576,1,
2878,True,141.84,1048576,1,
2889,True,94.71,1048576,1,
2891,True,91.62,1048576,1,
2896,True,87.06,1048576,1,
2890,True,97.06,1048576,1,
2894,True,92.03,1048576,1,
2893,True,94.40,1048576,1,
2895,True,93.20,1048576,1,
2892,True,98.47,1048576,1,
2900,True,109.63,1048576,1,
2899,True,112.57,1048576,1,
2897,True,116.39,1048576,1,
2904,True,108.20,1048576,1,
2898,True,117.55,1048576,1,
2902,True,113.55,1048576,1,
2903,True,113.68,1048576,1,
2901,True,118.15,1048576,1,
2905,True,121.69,1048576,1,
2907,True,120.72,1048576,1,
2911,True,116.90,1048576,1,
2908,True,121.53,1048576,1,
2906,True,125.83,1048576,1,
2910,True,122.20,1048576,1,
2912,True,121.12,1048576,1,
2909,True,126.85,1048576,1,
2913,True,131.49,1048576,1,
2920,True,122.59,1048576,1,
2916,True,130.60,1048576,1,
2917,True,130.38,1048576,1,
2915,True,134.59,1048576,1,
2919,True,130.39,1048576,1,
2914,True,140.92,1048576,1,
2918,True,139.03,1048576,1,
2922,True,135.86,1048576,1,
2928,True,125.27,1048576,1,
2921,True,141.60,1048576,1,
2926,True,134.73,1048576,1,
2925,True,138.68,1048576,1,
2923,True,149.53,1048576,1,
2924,True,149.58,1048576,1,
2927,True,144.51,1048576,1,
2930,True,142.08,1048576,1,
2933,True,138.97,1048576,1,
2932,True,142.21,1048576,1,
2935,True,132.37,1048576,1,
2931,True,146.86,1048576,1,
2936,True,133.91,1048576,1,
2929,True,153.73,1048576,1,
2934,True,139.77,1048576,1,
2937,True,39.54,1048576,1,
2944,True,70.39,1048576,1,
2943,True,73.28,1048576,1,
2939,True,80.62,1048576,1,
2941,True,78.60,1048576,1,
2940,True,81.89,1048576,1,
2942,True,80.42,1048576,1,
2938,True,87.65,1048576,1,
2945,True,128.20,1048576,1,
2949,True,84.06,1048576,1,
2948,True,86.49,1048576,1,
2946,True,90.88,1048576,1,
2951,True,85.05,1048576,1,
2952,True,85.09,1048576,1,
2947,True,95.35,1048576,1,
2950,True,93.58,1048576,1,
2956,True,80.87,1048576,1,
2954,True,84.50,1048576,1,
2960,True,75.37,1048576,1,
2953,True,88.44,1048576,1,
2957,True,84.66,1048576,1,
2959,True,81.05,1048576,1,
2958,True,85.91,1048576,1,
2955,True,92.70,1048576,1,
2962,True,92.15,1048576,1,
2964,True,90.95,1048576,1,
2966,True,89.74,1048576,1,
2965,True,92.26,1048576,1,
2963,True,95.97,1048576,1,
2968,True,89.24,1048576,1,
2967,True,94.67,1048576,1,
2961,True,103.66,1048576,1,
2970,True,80.33,1048576,1,
2969,True,83.13,1048576,1,
2974,True,77.91,1048576,1,
2976,True,75.57,1048576,1,
2972,True,82.72,1048576,1,
2971,True,85.31,1048576,1,
2975,True,80.23,1048576,1,
2973,True,85.77,1048576,1,
2981,True,84.39,1048576,1,
2984,True,81.56,1048576,1,
2979,True,89.44,1048576,1,
2982,True,87.25,1048576,1,
2983,True,88.85,1048576,1,
2978,True,96.14,1048576,1,
2977,True,99.93,1048576,1,
2980,True,97.53,1048576,1,
2990,True,40.93,1048576,1,
2992,True,38.25,1048576,1,
2987,True,48.97,1048576,1,
2995,True,77.69,1048576,1,
2986,True,129.72,1048576,1,
2988,True,128.16,1048576,1,
2991,True,123.06,1048576,1,
2994,True,84.23,1048576,1,
2989,True,129.51,1048576,1,
2985,True,137.54,1048576,1,
2993,True,89.23,1048576,1,
3002,True,72.30,1048576,1,
3001,True,76.33,1048576,1,
2999,True,81.52,1048576,1,
3003,True,78.01,1048576,1,
2997,True,86.96,1048576,1,
2998,True,88.08,1048576,1,
2996,True,92.17,1048576,1,
3000,True,89.35,1048576,1,
3005,True,92.40,1048576,1,
3007,True,90.61,1048576,1,
3008,True,91.18,1048576,1,
3009,True,90.13,1048576,1,
3010,True,91.18,1048576,1,
3011,True,89.90,1048576,1,
3006,True,100.88,1048576,1,
3004,True,107.77,1048576,1,
3012,True,68.23,1048576,1,
3013,True,80.47,1048576,1,
3014,True,80.02,1048576,1,
3018,True,90.68,1048576,1,
3016,True,94.79,1048576,1,
3017,True,94.44,1048576,1,
3015,True,99.68,1048576,1,
3020,True,37.48,1048576,1,
3019,True,95.17,1048576,1,
3022,True,25.78,1048576,1,
3026,True,81.76,1048576,1,
3021,True,106.27,1048576,1,
3025,True,86.54,1048576,1,
3024,True,88.81,1048576,1,
3029,True,82.40,1048576,1,
3028,True,86.16,1048576,1,
3023,True,94.08,1048576,1,
3027,True,90.18,1048576,1,
3031,True,61.76,1048576,1,
3037,True,55.95,1048576,1,
3035,True,61.38,1048576,1,
3034,True,63.85,1048576,1,
3032,True,67.43,1048576,1,
3030,True,125.81,1048576,1,
3041,True,57.96,1048576,1,
3039,True,63.14,1048576,1,
3033,True,125.95,1048576,1,
3036,True,123.51,1048576,1,
3040,True,93.26,1048576,1,
3042,True,91.94,1048576,1,
3044,True,72.01,1048576,1,
3045,True,72.43,1048576,1,
3038,True,138.99,1048576,1,
3046,True,73.54,1048576,1,
3047,True,73.36,1048576,1,
3049,True,43.31,1048576,1,
3048,True,45.78,1048576,1,
3043,True,83.05,1048576,1,
3053,True,83.06,1048576,1,
3054,True,83.91,1048576,1,
3055,True,84.41,1048576,1,
3051,True,91.13,1048576,1,
3057,True,85.05,1048576,1,
3056,True,88.19,1048576,1,
3050,True,97.45,1048576,1,
3052,True,96.98,1048576,1,
3058,True,104.80,1048576,1,
3059,True,104.00,1048576,1,
3061,True,101.65,1048576,1,
3064,True,97.83,1048576,1,
3063,True,100.87,1048576,1,
3062,True,104.01,1048576,1,
3065,True,101.79,1048576,1,
3060,True,111.71,1048576,1,
3068,True,84.97,1048576,1,
3069,True,85.19,1048576,1,
3073,True,79.37,1048576,1,
3070,True,86.34,1048576,1,
3071,True,86.40,1048576,1,
3067,True,92.15,1048576,1,
3072,True,86.20,1048576,1,
3066,True,99.34,1048576,1,
3076,True,60.59,1048576,1,
3074,True,65.22,1048576,1,
3075,True,65.65,1048576,1,
3080,True,59.92,1048576,1,
3077,True,131.24,1048576,1,
3079,True,130.80,1048576,1,
3078,True,132.92,1048576,1,
3081,True,127.30,1048576,1,
3082,True,86.03,1048576,1,
3083,True,85.36,1048576,1,
3084,True,85.18,1048576,1,
3085,True,85.47,1048576,1,
3089,True,57.24,1048576,1,
3087,True,62.77,1048576,1,
3088,True,62.83,1048576,1,
3091,True,50.59,1048576,1,
3086,True,67.77,1048576,1,
3090,True,54.57,1048576,1,
3093,True,90.00,1048576,1,
3092,True,95.03,1048576,1,
3097,True,47.19,1048576,1,
3094,True,54.31,1048576,1,
3098,True,115.12,1048576,1,
3096,True,119.38,1048576,1,
3100,True,77.28,1048576,1,
3102,True,73.37,1048576,1,
3103,True,72.95,1048576,1,
3095,True,126.61,1048576,1,
3099,True,123.01,1048576,1,
3101,True,87.28,1048576,1,
3110,True,84.34,1048576,1,
3109,True,98.63,1048576,1,
3104,True,108.37,1048576,1,
3111,True,92.66,1048576,1,
3107,True,105.97,1048576,1,
3106,True,108.34,1048576,1,
3105,True,110.91,1048576,1,
3108,True,107.93,1048576,1,
3112,True,21.93,1048576,1,
3116,True,70.59,1048576,1,
3120,True,70.97,1048576,1,
3118,True,88.42,1048576,1,
3117,True,90.81,1048576,1,
3115,True,94.16,1048576,1,
3119,True,90.99,1048576,1,
3113,True,99.92,1048576,1,
3114,True,99.75,1048576,1,
3121,True,29.14,1048576,1,
3122,True,73.88,1048576,1,
3126,True,57.59,1048576,1,
3123,True,62.61,1048576,1,
3125,True,64.15,1048576,1,
3128,True,61.17,1048576,1,
3127,True,63.94,1048576,1,
3124,True,69.51,1048576,1,
3129,True,111.52,1048576,1,
3134,True,56.89,1048576,1,
3130,True,66.59,1048576,1,
3132,True,65.01,1048576,1,
3133,True,92.71,1048576,1,
3135,True,91.28,1048576,1,
3131,True,102.44,1048576,1,
3137,True,44.26,1048576,1,
3138,True,41.01,1048576,1,
3136,True,96.85,1048576,1,
3140,True,49.89,1048576,1,
3139,True,52.44,1048576,1,
3142,True,58.24,1048576,1,
3143,True,56.43,1048576,1,
3144,True,56.25,1048576,1,
3141,True,63.35,1048576,1,
3148,True,59.29,1048576,1,
3145,True,73.31,1048576,1,
3146,True,121.84,1048576,1,
3147,True,112.72,1048576,1,
3152,True,68.73,1048576,1,
3150,True,72.43,1048576,1,
3149,True,75.05,1048576,1,
3151,True,74.11,1048576,1,
3153,True,59.62,1048576,1,
3154,True,63.37,1048576,1,
3158,True,299.27,1048576,1,
3156,True,303.08,1048576,1,
3161,True,296.60,1048576,1,
3160,True,300.25,1048576,1,
3157,True,305.96,1048576,1,
3162,True,310.29,1048576,1,
3155,True,325.68,1048576,1,
3159,True,326.83,1048576,1,
3164,True,30.10,1048576,1,
3166,True,29.67,1048576,1,
3165,True,32.09,1048576,1,
3167,True,30.85,1048576,1,
3169,True,18.10,1048576,1,
3170,True,35.21,1048576,1,
3175,True,24.64,1048576,1,
3163,True,67.12,1048576,1,
3171,True,36.67,1048576,1,
3172,True,36.34,1048576,1,
3168,True,78.67,1048576,1,
3177,True,34.99,1048576,1,
3178,True,35.11,1048576,1,
3180,True,33.34,1048576,1,
3173,True,71.84,1048576,1,
3176,True,44.67,1048576,1,
3174,True,76.75,1048576,1,
3183,True,36.90,1048576,1,
3187,True,29.06,1048576,1,
3185,True,36.75,1048576,1,
3179,True,76.45,1048576,1,
3188,True,35.88,1048576,1,
3191,True,33.24,1048576,1,
3190,True,36.07,1048576,1,
3182,True,81.93,1048576,1,
3184,True,80.43,1048576,1,
3181,True,86.47,1048576,1,
3186,True,78.82,1048576,1,
3189,True,75.83,1048576,1,
3193,True,41.55,1048576,1,
3195,True,39.08,1048576,1,
3196,True,38.94,1048576,1,
3197,True,39.30,1048576,1,
3200,True,42.39,1048576,1,
3192,True,90.96,1048576,1,
3199,True,49.99,1048576,1,
3194,True,89.87,1048576,1,
3198,True,84.42,1048576,1,
3203,True,47.44,1048576,1,
3202,True,51.01,1048576,1,
3201,True,82.46,1048576,1,
3207,True,50.83,1048576,1,
3204,True,59.34,1048576,1,
3210,True,49.96,1048576,1,
3206,True,57.72,1048576,1,
3208,True,56.51,1048576,1,
3205,True,63.05,1048576,1,
3211,True,25.90,1048576,1,
3209,True,58.80,1048576,1,
3215,True,74.29,1048576,1,
3212,True,80.97,1048576,1,
3213,True,80.65,1048576,1,
3219,True,72.74,1048576,1,
3218,True,75.08,1048576,1,
3216,True,78.38,1048576,1,
3214,True,83.41,1048576,1,
3217,True,80.16,1048576,1,
3221,True,79.29,1048576,1,
3222,True,79.50,1048576,1,
3220,True,83.49,1048576,1,
3223,True,80.92,1048576,1,
3225,True,79.93,1048576,1,
3226,True,79.84,1048576,1,
3224,True,84.68,1048576,1,
3227,True,82.67,1048576,1,
3231,True,102.64,1048576,1,
3230,True,105.63,1048576,1,
3228,True,110.39,1048576,1,
3233,True,105.19,1048576,1,
3229,True,111.28,1048576,1,
3235,True,103.06,1048576,1,
3232,True,110.23,1048576,1,
3234,True,108.08,1048576,1,
3240,True,65.32,1048576,1,
3239,True,88.48,1048576,1,
3237,True,92.87,1048576,1,
3241,True,99.46,1048576,1,
3242,True,99.02,1048576,1,
3238,True,128.42,1048576,1,
3236,True,133.44,1048576,1,
3243,True,124.24,1048576,1,
3247,True,29.02,1048576,1,
3246,True,42.09,1048576,1,
3245,True,44.67,1048576,1,
3244,True,70.15,1048576,1,
3249,True,94.05,1048576,1,
3250,True,94.37,1048576,1,
3252,True,93.22,1048576,1,
3248,True,122.64,1048576,1,
3253,True,94.28,1048576,1,
3251,True,97.81,1048576,1,
3255,True,92.87,1048576,1,
3254,True,97.59,1048576,1,
3256,True,61.15,1048576,1,
3257,True,64.68,1048576,1,
3259,True,63.44,1048576,1,
3263,True,59.00,1048576,1,
3258,True,96.73,1048576,1,
3261,True,115.17,1048576,1,
3260,True,117.92,1048576,1,
3264,True,62.76,1048576,1,
3265,True,59.67,1048576,1,
3262,True,118.99,1048576,1,
3266,True,60.72,1048576,1,
3268,True,29.71,1048576,1,
3267,True,62.96,1048576,1,
3272,True,92.89,1048576,1,
3274,True,92.55,1048576,1,
3269,True,101.86,1048576,1,
3271,True,100.33,1048576,1,
3273,True,98.83,1048576,1,
3275,True,97.75,1048576,1,
3276,True,96.57,1048576,1,
3270,True,108.44,1048576,1,
3278,True,89.75,1048576,1,
3284,True,81.50,1048576,1,
3277,True,95.50,1048576,1,
3283,True,87.08,1048576,1,
3282,True,90.94,1048576,1,
3279,True,96.82,1048576,1,
3281,True,95.67,1048576,1,
3280,True,101.19,1048576,1,
3291,True,93.12,1048576,1,
3290,True,96.75,1048576,1,
3287,True,103.94,1048576,1,
3289,True,101.41,1048576,1,
3286,True,108.25,1048576,1,
3285,True,112.09,1048576,1,
3288,True,109.74,1048576,1,
3292,True,106.34,1048576,1,
3297,True,65.94,1048576,1,
3296,True,69.09,1048576,1,
3299,True,64.30,1048576,1,
3300,True,58.68,1048576,1,
3298,True,69.27,1048576,1,
3293,True,78.18,1048576,1,
3295,True,115.35,1048576,1,
3301,True,84.76,1048576,1,
3303,True,83.56,1048576,1,
3306,True,81.91,1048576,1,
3294,True,160.40,1048576,1,
3307,True,45.32,1048576,1,
3305,True,88.05,1048576,1,
3304,True,91.26,1048576,1,
3302,True,94.71,1048576,1,
3311,True,95.95,1048576,1,
3309,True,100.89,1048576,1,
3313,True,97.36,1048576,1,
3310,True,103.62,1048576,1,
3315,True,96.77,1048576,1,
3312,True,102.26,1048576,1,
3308,True,110.31,1048576,1,
3314,True,102.31,1048576,1,
3317,True,66.64,1048576,1,
3319,True,63.82,1048576,1,
3318,True,66.85,1048576,1,
3316,True,72.79,1048576,1,
3321,True,93.45,1048576,1,
3320,True,95.82,1048576,1,
3322,True,125.32,1048576,1,
3323,True,124.63,1048576,1,
3327,True,64.23,1048576,1,
3325,True,68.51,1048576,1,
3329,True,36.68,1048576,1,
3328,True,38.99,1048576,1,
3326,True,70.84,1048576,1,
3324,True,75.27,1048576,1,
3336,True,73.20,1048576,1,
3330,True,83.22,1048576,1,
3333,True,80.95,1048576,1,
3337,True,77.03,1048576,1,
3334,True,82.23,1048576,1,
3335,True,82.15,1048576,1,
3332,True,87.11,1048576,1,
3331,True,90.13,1048576,1,
3343,True,84.00,1048576,1,
3341,True,89.54,1048576,1,
3345,True,85.57,1048576,1,
3339,True,95.39,1048576,1,
3340,True,95.11,1048576,1,
3344,True,91.86,1048576,1,
3338,True,101.55,1048576,1,
3342,True,97.75,1048576,1,
3353,True,50.29,1048576,1,
3348,True,59.75,1048576,1,
3351,True,56.64,1048576,1,
3347,True,63.82,1048576,1,
3352,True,82.77,1048576,1,
3350,True,111.50,1048576,1,
3346,True,120.46,1048576,1,
3349,True,126.29,1048576,1,
3354,True,69.95,1048576,1,
3355,True,69.64,1048576,1,
3356,True,69.95,1048576,1,
3358,True,71.26,1048576,1,
3359,True,84.03,1048576,1,
3364,True,68.68,1048576,1,
3360,True,85.34,1048576,1,
3357,True,139.91,1048576,1,
3361,True,75.93,1048576,1,
3363,True,74.67,1048576,1,
3365,True,45.69,1048576,1,
3362,True,78.50,1048576,1,
3367,True,111.19,1048576,1,
3366,True,114.80,1048576,1,
3371,True,110.26,1048576,1,
3373,True,110.12,1048576,1,
3369,True,117.08,1048576,1,
3372,True,115.64,1048576,1,
3370,True,119.70,1048576,1,
3368,True,124.14,1048576,1,
3376,True,95.35,1048576,1,
3374,True,101.54,1048576,1,
3375,True,100.86,1048576,1,
3379,True,94.77,1048576,1,
3381,True,92.26,1048576,1,
3378,True,99.67,1048576,1,
3377,True,105.01,1048576,1,
3380,True,101.69,1048576,1,
3383,True,96.30,1048576,1,
3384,True,96.57,1048576,1,
3389,True,87.30,1048576,1,
3382,True,102.87,1048576,1,
3387,True,95.86,1048576,1,
3385,True,100.16,1048576,1,
3388,True,95.47,1048576,1,
3386,True,101.65,1048576,1,
3391,True,121.64,1048576,1,
3390,True,124.75,1048576,1,
3394,True,120.13,1048576,1,
3395,True,120.27,1048576,1,
3396,True,119.79,1048576,1,
3393,True,125.40,1048576,1,
3397,True,120.92,1048576,1,
3392,True,130.32,1048576,1,
3402,True,102.41,1048576,1,
3405,True,99.16,1048576,1,
3400,True,107.67,1048576,1,
3401,True,107.75,1048576,1,
3403,True,106.61,1048576,1,
3398,True,114.30,1048576,1,
3404,True,109.53,1048576,1,
3399,True,117.52,1048576,1,
3407,True,123.94,1048576,1,
3406,True,127.21,1048576,1,
3412,True,119.23,1048576,1,
3408,True,127.31,1048576,1,
3409,True,126.93,1048576,1,
3411,True,126.15,1048576,1,
3410,True,128.66,1048576,1,
3413,True,129.54,1048576,1,
3415,True,133.20,1048576,1,
3419,True,129.70,1048576,1,
3421,True,123.38,1048576,1,
3420,True,131.37,1048576,1,
3418,True,135.35,1048576,1,
3414,True,142.96,1048576,1,
3416,True,140.94,1048576,1,
3417,True,140.85,1048576,1,
3425,True,126.40,1048576,1,
3427,True,124.70,1048576,1,
3422,True,133.77,1048576,1,
3423,True,132.74,1048576,1,
3424,True,132.48,1048576,1,
3426,True,131.40,1048576,1,
3429,True,128.39,1048576,1,
3428,True,130.77,1048576,1,
3431,True,112.29,1048576,1,
3434,True,111.06,1048576,1,
3432,True,114.77,1048576,1,
3430,True,119.62,1048576,1,
3436,True,113.73,1048576,1,
3433,True,119.07,1048576,1,
3437,True,115.36,1048576,1,
3435,True,120.73,1048576,1,
3438,True,63.43,1048576,1,
3442,True,58.49,1048576,1,
3443,True,59.12,1048576,1,
3444,True,59.61,1048576,1,
3439,True,133.14,1048576,1,
3440,True,134.75,1048576,1,
3446,True,77.27,1048576,1,
3445,True,129.67,1048576,1,
3448,True,75.61,1048576,1,
3449,True,76.11,1048576,1,
3441,True,141.92,1048576,1,
3447,True,82.66,1048576,1,
3456,True,90.20,1048576,1,
3453,True,97.26,1048576,1,
3450,True,105.77,1048576,1,
3452,True,101.72,1048576,1,
3457,True,94.20,1048576,1,
3455,True,99.07,1048576,1,
3454,True,102.50,1048576,1,
3451,True,109.39,1048576,1,
3458,True,98.07,1048576,1,
3459,True,97.45,1048576,1,
3461,True,95.87,1048576,1,
3465,True,92.11,1048576,1,
3464,True,94.63,1048576,1,
3460,True,101.09,1048576,1,
3462,True,99.38,1048576,1,
3463,True,100.15,1048576,1,
3466,True,92.38,1048576,1,
3469,True,90.55,1048576,1,
3470,True,90.71,1048576,1,
3472,True,89.74,1048576,1,
3468,True,95.69,1048576,1,
3473,True,90.87,1048576,1,
3471,True,95.29,1048576,1,
3467,True,101.55,1048576,1,
3478,True,79.08,1048576,1,
3474,True,86.65,1048576,1,
3479,True,80.10,1048576,1,
3477,True,84.53,1048576,1,
3475,True,88.31,1048576,1,
3476,True,88.04,1048576,1,
3480,True,83.49,1048576,1,
3481,True,84.67,1048576,1,
3487,True,88.54,1048576,1,
3488,True,88.67,1048576,1,
3482,True,97.56,1048576,1,
3485,True,94.61,1048576,1,
3489,True,90.14,1048576,1,
3484,True,98.68,1048576,1,
3486,True,97.99,1048576,1,
3483,True,103.23,1048576,1,
3491,True,67.37,1048576,1,
3490,True,70.51,1048576,1,
3493,True,67.85,1048576,1,
3497,True,63.22,1048576,1,
3496,True,89.64,1048576,1,
3495,True,92.63,1048576,1,
3494,True,99.00,1048576,1,
3492,True,103.21,1048576,1,
3501,True,34.03,1048576,1,
3499,True,40.74,1048576,1,
3503,True,85.61,1048576,1,
3498,True,118.27,1048576,1,
3500,True,116.71,1048576,1,
3504,True,85.84,1048576,1,
3502,True,93.58,1048576,1,
3506,True,85.05,1048576,1,
3505,True,88.92,1048576,1,
3507,True,84.21,1048576,1,
3512,True,55.06,1048576,1,
3513,True,57.41,1048576,1,
3510,True,64.15,1048576,1,
3508,True,69.94,1048576,1,
3511,True,116.54,1048576,1,
3514,True,113.82,1048576,1,
3515,True,113.60,1048576,1,
3519,True,56.07,1048576,1,
3518,True,59.25,1048576,1,
3517,True,62.66,1048576,1,
3509,True,128.94,1048576,1,
3516,True,72.91,1048576,1,
3520,True,94.10,1048576,1,
3524,True,90.00,1048576,1,
3525,True,90.23,1048576,1,
3526,True,89.41,1048576,1,
3523,True,95.21,1048576,1,
3522,True,97.94,1048576,1,
3521,True,102.36,1048576,1,
3527,True,93.05,1048576,1,
3530,True,76.47,1048576,1,
3532,True,75.35,1048576,1,
3535,True,70.16,1048576,1,
3528,True,83.47,1048576,1,
3531,True,80.36,1048576,1,
3533,True,79.44,1048576,1,
3529,True,87.06,1048576,1,
3534,True,82.82,1048576,1,
3539,True,86.68,1048576,1,
3540,True,87.55,1048576,1,
3541,True,87.46,1048576,1,
3542,True,87.02,1048576,1,
3536,True,97.48,1048576,1,
3543,True,85.53,1048576,1,
3537,True,98.23,1048576,1,
3538,True,100.34,1048576,1,
3544,True,62.12,1048576,1,
3550,True,55.16,1048576,1,
3549,True,57.49,1048576,1,
3548,True,59.91,1048576,1,
3551,True,55.99,1048576,1,
3547,True,114.60,1048576,1,
3555,True,54.95,1048576,1,
3552,True,61.38,1048576,1,
3556,True,56.85,1048576,1,
3553,True,62.12,1048576,1,
3546,True,125.21,1048576,1,
3545,True,127.74,1048576,1,
3554,True,100.26,1048576,1,
3561,True,41.04,1048576,1,
3560,True,44.08,1048576,1,
3562,True,42.41,1048576,1,
3563,True,42.31,1048576,1,
3557,True,134.74,1048576,1,
3565,True,89.30,1048576,1,
3568,True,87.02,1048576,1,
3559,True,136.31,1048576,1,
3566,True,91.93,1048576,1,
3564,True,97.50,1048576,1,
3558,True,143.91,1048576,1,
3567,True,97.82,1048576,1,
3569,True,87.24,1048576,1,
3571,True,84.29,1048576,1,
3574,True,81.57,1048576,1,
3573,True,84.54,1048576,1,
3576,True,78.69,1048576,1,
3570,True,91.61,1048576,1,
3572,True,90.27,1048576,1,
3575,True,86.88,1048576,1,
3578,True,102.97,1048576,1,
3584,True,95.02,1048576,1,
3582,True,100.93,1048576,1,
3580,True,104.61,1048576,1,
3583,True,101.83,1048576,1,
3579,True,108.95,1048576,1,
3577,True,113.29,1048576,1,
3581,True,110.31,1048576,1,
3586,True,97.48,1048576,1,
3587,True,97.45,1048576,1,
3592,True,90.70,1048576,1,
3590,True,95.91,1048576,1,
3588,True,100.01,1048576,1,
3591,True,96.94,1048576,1,
3585,True,108.24,1048576,1,
3589,True,105.06,1048576,1,
3594,True,83.29,1048576,1,
3597,True,80.92,1048576,1,
3595,True,85.04,1048576,1,
3593,True,89.03,1048576,1,
3599,True,81.51,1048576,1,
3598,True,85.69,1048576,1,
3596,True,89.31,1048576,1,
3600,True,82.63,1048576,1,
3602,True,92.16,1048576,1,
3603,True,92.50,1048576,1,
3607,True,88.45,1048576,1,
3608,True,90.83,1048576,1,
3604,True,97.61,1048576,1,
3605,True,97.79,1048576,1,
3601,True,105.47,1048576,1,
3606,True,99.61,1048576,1,
3609,True,86.67,1048576,1,
3610,True,86.15,1048576,1,
3615,True,77.58,1048576,1,
3616,True,77.62,1048576,1,
3611,True,88.27,1048576,1,
3612,True,87.41,1048576,1,
3613,True,87.00,1048576,1,
3614,True,87.47,1048576,1,
3617,True,92.80,1048576,1,
3620,True,92.72,1048576,1,
3618,True,97.48,1048576,1,
3619,True,97.72,1048576,1,
3624,True,91.16,1048576,1,
3623,True,94.65,1048576,1,
3622,True,97.29,1048576,1,
3621,True,100.37,1048576,1,
3626,True,92.08,1048576,1,
3627,True,92.61,1048576,1,
3629,True,91.46,1048576,1,
3628,True,98.35,1048576,1,
3630,True,98.74,1048576,1,
3631,True,98.45,1048576,1,
3632,True,98.22,1048576,1,
3625,True,113.80,1048576,1,
3634,True,84.59,1048576,1,
3637,True,75.60,1048576,1,
3638,True,75.85,1048576,1,
3640,True,74.21,1048576,1,
3639,True,76.84,1048576,1,
3635,True,90.79,1048576,1,
3633,True,96.09,1048576,1,
3636,True,88.73,1048576,1,
3644,True,88.23,1048576,1,
3646,True,86.44,1048576,1,
3645,True,90.28,1048576,1,
3642,True,95.49,1048576,1,
3641,True,98.20,1048576,1,
3643,True,96.03,1048576,1,
3647,True,92.14,1048576,1,
3648,True,92.11,1048576,1,
3649,True,63.08,1048576,1,
3653,True,59.09,1048576,1,
3654,True,59.14,1048576,1,
3655,True,58.35,1048576,1,
3652,True,64.38,1048576,1,
3650,True,140.34,1048576,1,
3658,True,79.37,1048576,1,
3660,True,78.32,1048576,1,
3656,True,136.16,1048576,1,
3657,True,84.96,1048576,1,
3651,True,146.57,1048576,1,
3659,True,84.97,1048576,1,
3661,True,82.85,1048576,1,
3662,True,85.35,1048576,1,
3664,True,83.91,1048576,1,
3665,True,83.30,1048576,1,
3666,True,83.43,1048576,1,
3663,True,89.67,1048576,1,
3667,True,85.67,1048576,1,
3669,True,84.26,1048576,1,
3668,True,87.27,1048576,1,
3676,True,52.88,1048576,1,
3670,True,63.33,1048576,1,
3675,True,56.94,1048576,1,
3674,True,59.42,1048576,1,
3673,True,123.45,1048576,1,
3671,True,127.33,1048576,1,
3679,True,67.67,1048576,1,
3681,True,66.29,1048576,1,
3680,True,68.56,1048576,1,
3678,True,72.94,1048576,1,
3672,True,133.37,1048576,1,
3677,True,127.84,1048576,1,
3683,True,55.07,1048576,1,
3685,True,53.22,1048576,1,
3686,True,53.61,1048576,1,
3688,True,51.86,1048576,1,
3687,True,54.59,1048576,1,
3689,True,52.49,1048576,1,
3684,True,61.72,1048576,1,
3682,True,71.14,1048576,1,
3692,True,40.16,1048576,1,
3694,True,39.65,1048576,1,
3695,True,40.51,1048576,1,
3693,True,44.50,1048576,1,
3690,True,50.03,1048576,1,
3691,True,50.27,1048576,1,
3700,True,38.54,1048576,1,
3703,True,35.89,1048576,1,
3696,True,80.93,1048576,1,
3698,True,47.22,1048576,1,
3697,True,77.46,1048576,1,
3702,True,42.30,1048576,1,
3699,True,48.57,1048576,1,
3701,True,46.47,1048576,1,
3708,True,32.40,1048576,1,
3704,True,39.55,1048576,1,
3709,True,34.51,1048576,1,
3710,True,35.09,1048576,1,
3706,True,40.96,1048576,1,
3716,True,34.03,1048576,1,
3705,True,78.83,1048576,1,
3715,True,38.33,1048576,1,
3712,True,45.40,1048576,1,
3707,True,80.90,1048576,1,
3713,True,46.27,1048576,1,
3711,True,79.29,1048576,1,
3720,True,35.21,1048576,1,
3722,True,34.30,1048576,1,
3723,True,33.50,1048576,1,
3721,True,38.17,1048576,1,
3717,True,46.03,1048576,1,
3714,True,84.63,1048576,1,
3724,True,42.43,1048576,1,
3729,True,36.91,1048576,1,
3727,True,41.15,1048576,1,
3718,True,85.91,1048576,1,
3728,True,42.51,1048576,1,
3719,True,87.80,1048576,1,
3730,True,52.91,1048576,1,
3726,True,94.98,1048576,1,
3731,True,55.74,1048576,1,
3725,True,99.97,1048576,1,
3734,True,54.41,1048576,1,
3735,True,55.28,1048576,1,
3732,True,61.66,1048576,1,
3733,True,74.54,1048576,1,
3738,True,81.10,1048576,1,
3741,True,80.02,1048576,1,
3737,True,89.90,1048576,1,
3742,True,82.36,1048576,1,
3739,True,90.26,1048576,1,
3736,True,97.00,1048576,1,
3743,True,72.52,1048576,1,
3740,True,95.32,1048576,1,
3749,True,90.01,1048576,1,
3746,True,97.17,1048576,1,
3745,True,100.67,1048576,1,
3748,True,96.60,1048576,1,
3744,True,108.25,1048576,1,
3750,True,95.64,1048576,1,
3751,True,93.61,1048576,1,
3747,True,103.98,1048576,1,
3752,True,104.33,1048576,1,
3753,True,105.64,1048576,1,
3756,True,102.55,1048576,1,
3754,True,107.06,1048576,1,
3759,True,100.92,1048576,1,
3757,True,105.13,1048576,1,
3758,True,104.87,1048576,1,
3755,True,112.32,1048576,1,
3760,True,81.61,1048576,1,
3765,True,75.19,1048576,1,
3762,True,80.73,1048576,1,
3764,True,79.51,1048576,1,
3763,True,81.82,1048576,1,
3761,True,86.08,1048576,1,
3766,True,81.19,1048576,1,
3767,True,79.20,1048576,1,
3768,True,92.60,1048576,1,
3772,True,88.86,1048576,1,
3774,True,87.21,1048576,1,
3771,True,94.00,1048576,1,
3775,True,89.72,1048576,1,
3769,True,99.25,1048576,1,
3773,True,95.93,1048576,1,
3770,True,101.80,1048576,1,
3776,True,63.06,1048576,1,
3781,True,56.14,1048576,1,
3782,True,55.17,1048576,1,
3777,True,65.63,1048576,1,
3779,True,120.86,1048576,1,
3780,True,121.05,1048576,1,
3783,True,116.84,1048576,1,
3786,True,64.60,1048576,1,
3785,True,67.44,1048576,1,
3784,True,71.01,1048576,1,
3778,True,132.28,1048576,1,
3787,True,70.74,1048576,1,
3791,True,90.05,1048576,1,
3789,True,94.72,1048576,1,
3792,True,91.80,1048576,1,
3795,True,86.82,1048576,1,
3793,True,92.66,1048576,1,
3790,True,98.97,1048576,1,
3788,True,104.58,1048576,1,
3794,True,97.33,1048576,1,
3797,True,83.21,1048576,1,
3803,True,74.29,1048576,1,
3796,True,87.66,1048576,1,
3802,True,78.91,1048576,1,
3799,True,86.36,1048576,1,
3800,True,86.18,1048576,1,
3798,True,90.35,1048576,1,
3801,True,87.57,1048576,1,
3804,True,92.48,1048576,1,
3806,True,91.04,1048576,1,
3805,True,93.84,1048576,1,
3809,True,89.72,1048576,1,
3808,True,92.12,1048576,1,
3810,True,90.79,1048576,1,
3807,True,96.71,1048576,1,
3811,True,93.07,1048576,1,
3817,True,76.86,1048576,1,
3815,True,81.23,1048576,1,
3816,True,81.24,1048576,1,
3814,True,85.30,1048576,1,
3818,True,87.70,1048576,1,
3812,True,97.29,1048576,1,
3813,True,97.32,1048576,1,
3819,True,89.69,1048576,1,
3823,True,197.99,1048576,1,
3827,True,212.20,1048576,1,
3825,True,216.66,1048576,1,
3824,True,219.28,1048576,1,
3821,True,230.81,1048576,1,
3820,True,233.63,1048576,1,
3822,True,241.46,1048576,1,
3826,True,231.13,1048576,1,
3828,True,44.78,1048576,1,
3829,True,238.26,1048576,1,
3833,True,235.44,1048576,1,
3836,True,223.09,1048576,1,
3830,True,242.03,1048576,1,
3835,True,227.18,1048576,1,
3834,True,231.09,1048576,1,
3832,True,244.61,1048576,1,
3831,True,247.25,1048576,1,
3839,True,120.33,1048576,1,
3842,True,117.51,1048576,1,
3843,True,118.30,1048576,1,
3840,True,124.57,1048576,1,
3837,True,130.92,1048576,1,
3838,True,130.03,1048576,1,
3844,True,121.59,1048576,1,
3841,True,128.27,1048576,1,
3846,True,58.46,1048576,1,
3847,True,57.95,1048576,1,
3845,True,63.95,1048576,1,
3852,True,54.48,1048576,1,
3851,True,96.92,1048576,1,
3850,True,99.46,1048576,1,
3849,True,102.10,1048576,1,
3856,True,44.76,1048576,1,
3854,True,48.85,1048576,1,
3848,True,107.82,1048576,1,
3853,True,123.32,1048576,1,
3855,True,123.06,1048576,1,
3857,True,82.09,1048576,1,
3861,True,77.83,1048576,1,
3859,True,81.53,1048576,1,
3862,True,79.17,1048576,1,
3858,True,86.75,1048576,1,
3860,True,86.50,1048576,1,
3867,True,78.87,1048576,1,
3865,True,83.05,1048576,1,
3870,True,76.23,1048576,1,
3863,True,90.42,1048576,1,
3869,True,81.37,1048576,1,
3864,True,90.25,1048576,1,
3868,True,86.05,1048576,1,
3866,True,91.11,1048576,1,
3873,True,92.32,1048576,1,
3877,True,88.43,1048576,1,
3872,True,97.22,1048576,1,
3875,True,94.45,1048576,1,
3876,True,94.15,1048576,1,
3871,True,102.89,1048576,1,
3874,True,99.13,1048576,1,
3878,True,94.55,1048576,1,
3881,True,62.43,1048576,1,
3884,True,63.19,1048576,1,
3880,True,69.96,1048576,1,
3879,True,73.00,1048576,1,
3883,True,68.87,1048576,1,
3885,True,114.77,1048576,1,
3891,True,50.37,1048576,1,
3886,True,118.00,1048576,1,
3882,True,124.25,1048576,1,
3888,True,59.27,1048576,1,
3887,True,66.04,1048576,1,
3890,True,61.20,1048576,1,
3889,True,112.92,1048576,1,
3893,True,68.19,1048576,1,
3892,True,72.81,1048576,1,
3896,True,66.49,1048576,1,
3895,True,69.54,1048576,1,
3894,True,72.05,1048576,1,
3897,True,69.49,1048576,1,
3898,True,82.14,1048576,1,
3899,True,33.79,1048576,1,
3901,True,89.99,1048576,1,
3904,True,87.40,1048576,1,
3906,True,70.97,1048576,1,
3905,True,87.79,1048576,1,
3907,True,72.94,1048576,1,
3903,True,95.81,1048576,1,
3902,True,98.47,1048576,1,
3900,True,103.01,1048576,1,
3911,True,61.78,1048576,1,
3915,True,55.71,1048576,1,
3909,True,67.15,1048576,1,
3912,True,63.50,1048576,1,
3913,True,92.56,1048576,1,
3914,True,112.82,1048576,1,
3910,True,121.26,1048576,1,
3908,True,125.34,1048576,1,
3916,True,61.59,1048576,1,
3917,True,62.70,1048576,1,
3919,True,61.42,1048576,1,
3918,True,63.93,1048576,1,
3924,True,80.45,1048576,1,
3922,True,85.73,1048576,1,
3923,True,85.68,1048576,1,
3920,True,111.00,1048576,1,
3921,True,90.72,1048576,1,
3926,True,82.94,1048576,1,
3925,True,86.96,1048576,1,
3927,True,85.94,1048576,1,
3929,True,94.98,1048576,1,
3930,True,95.34,1048576,1,
3928,True,99.18,1048576,1,
3933,True,94.29,1048576,1,
3935,True,91.26,1048576,1,
3931,True,99.06,1048576,1,
3932,True,98.91,1048576,1,
3934,True,97.17,1048576,1,
3936,True,100.69,1048576,1,
3942,True,94.78,1048576,1,
3937,True,101.99,1048576,1,
3938,True,102.29,1048576,1,
3943,True,96.43,1048576,1,
3939,True,103.47,1048576,1,
3941,True,103.41,1048576,1,
3940,True,106.51,1048576,1,
3945,True,97.66,1048576,1,
3950,True,92.15,1048576,1,
3946,True,99.65,1048576,1,
3947,True,99.50,1048576,1,
3949,True,98.05,1048576,1,
3951,True,95.07,1048576,1,
3948,True,101.71,1048576,1,
3944,True,108.88,1048576,1,
3952,True,51.19,1048576,1,
3954,True,49.65,1048576,1,
3959,True,44.46,1048576,1,
3955,True,50.91,1048576,1,
3962,True,80.61,1048576,1,
3961,True,83.67,1048576,1,
3958,True,131.53,1048576,1,
3960,True,89.35,1048576,1,
3953,True,140.56,1048576,1,
3957,True,138.32,1048576,1,
3963,True,90.53,1048576,1,
3956,True,142.11,1048576,1,
3966,True,85.11,1048576,1,
3964,True,92.83,1048576,1,
3965,True,91.12,1048576,1,
3968,True,88.02,1048576,1,
3967,True,90.86,1048576,1,
3971,True,85.85,1048576,1,
3969,True,91.16,1048576,1,
3970,True,91.06,1048576,1,
3972,True,57.87,1048576,1,
3979,True,47.30,1048576,1,
3975,True,55.65,1048576,1,
3976,True,56.89,1048576,1,
3974,True,60.95,1048576,1,
3977,True,89.81,1048576,1,
3982,True,48.62,1048576,1,
3983,True,48.16,1048576,1,
3978,True,103.14,1048576,1,
3981,True,55.45,1048576,1,
3973,True,114.07,1048576,1,
3980,True,74.33,1048576,1,
3984,True,88.19,1048576,1,
3987,True,72.94,1048576,1,
3989,True,71.39,1048576,1,
3990,True,71.11,1048576,1,
3985,True,91.46,1048576,1,
3991,True,58.48,1048576,1,
3986,True,81.59,1048576,1,
3988,True,80.32,1048576,1,
3992,True,42.95,1048576,1,
3994,True,64.68,1048576,1,
3993,True,67.42,1048576,1,
4000,True,57.63,1048576,1,
3995,True,67.73,1048576,1,
3999,True,62.70,1048576,1,
3997,True,67.43,1048576,1,
3996,True,70.13,1048576,1,
3998,True,98.82,1048576,1,
4006,True,35.27,1048576,1,
4005,True,37.73,1048576,1,
4004,True,40.21,1048576,1,
4009,True,76.55,1048576,1,
4007,True,119.97,1048576,1,
4001,True,129.52,1048576,1,
4010,True,87.10,1048576,1,
4002,True,138.99,1048576,1,
4008,True,102.34,1048576,1,
4003,True,139.94,1048576,1,
4011,True,99.40,1048576,1,
4012,True,115.59,1048576,1,
4013,True,107.95,1048576,1,
4015,True,106.56,1048576,1,
4014,True,109.57,1048576,1,
4016,True,99.82,1048576,1,
4018,True,99.93,1048576,1,
4017,True,102.53,1048576,1,
4019,True,101.55,1048576,1,
4023,True,60.61,1048576,1,
4026,True,57.27,1048576,1,
4022,True,65.35,1048576,1,
4021,True,67.83,1048576,1,
4024,True,65.37,1048576,1,
4020,True,74.90,1048576,1,
4027,True,128.49,1048576,1,
4032,True,69.83,1048576,1,
4025,True,135.04,1048576,1,
4030,True,76.02,1048576,1,
4028,True,80.21,1048576,1,
4033,True,71.51,1048576,1,
4031,True,79.47,1048576,1,
4029,True,85.19,1048576,1,
4036,True,88.50,1048576,1,
4034,True,93.62,1048576,1,
4039,True,88.07,1048576,1,
4038,True,90.54,1048576,1,
4040,True,88.20,1048576,1,
4037,True,94.61,1048576,1,
4035,True,98.90,1048576,1,
4041,True,89.20,1048576,1,
4042,True,78.66,1048576,1,
4048,True,72.13,1048576,1,
4047,True,74.63,1048576,1,
4049,True,73.55,1048576,1,
4046,True,78.81,1048576,1,
4044,True,82.50,1048576,1,
4045,True,83.23,1048576,1,
4043,True,87.33,1048576,1,
4055,True,55.06,1048576,1,
4053,True,58.80,1048576,1,
4052,True,61.72,1048576,1,
4051,True,64.83,1048576,1,
4050,True,134.14,1048576,1,
4057,True,125.85,1048576,1,
4056,True,128.61,1048576,1,
4054,True,132.93,1048576,1,
4060,True,74.35,1048576,1,
4059,True,77.55,1048576,1,
4061,True,76.21,1048576,1,
4058,True,83.43,1048576,1,
4064,True,64.06,1048576,1,
4065,True,64.96,1048576,1,
4062,True,70.90,1048576,1,
4067,True,64.61,1048576,1,
4063,True,71.68,1048576,1,
4068,True,75.45,1048576,1,
4066,True,113.73,1048576,1,
4069,True,109.79,1048576,1,
4075,True,39.03,1048576,1,
4074,True,52.19,1048576,1,
4070,True,60.07,1048576,1,
4073,True,57.76,1048576,1,
4071,True,140.23,1048576,1,
4077,True,88.71,1048576,1,
4076,True,92.86,1048576,1,
4080,True,85.69,1048576,1,
4072,True,144.52,1048576,1,
4079,True,89.91,1048576,1,
4081,True,87.80,1048576,1,
4078,True,97.12,1048576,1,
4084,True,62.85,1048576,1,
4082,True,70.18,1048576,1,
4086,True,66.11,1048576,1,
4089,True,60.66,1048576,1,
4087,True,67.37,1048576,1,
4085,True,71.84,1048576,1,
4083,True,87.29,1048576,1,
4088,True,116.78,1048576,1,
4093,True,53.10,1048576,1,
4096,True,39.14,1048576,1,
4094,True,54.79,1048576,1,
4090,True,65.63,1048576,1,
4095,True,57.55,1048576,1,
4092,True,89.39,1048576,1,
4091,True,93.94,1048576,1,
4097,True,42.97,1048576,1,
4098,True,42.61,1048576,1,
4102,True,36.78,1048576,1,
4100,True,42.18,1048576,1,
4099,True,44.72,1048576,1,
4101,True,42.41,1048576,1,
4105,True,58.28,1048576,1,
4108,True,57.90,1048576,1,
4103,True,69.79,1048576,1,
4104,True,67.92,1048576,1,
4110,True,58.70,1048576,1,
4106,True,64.81,1048576,1,
4109,True,62.68,1048576,1,
4107,True,67.06,1048576,1,
4111,True,48.94,1048576,1,
4118,True,39.32,1048576,1,
4116,True,43.90,1048576,1,
4112,True,49.94,1048576,1,
4114,True,48.73,1048576,1,
4117,True,45.98,1048576,1,
4115,True,51.23,1048576,1,
4113,True,81.65,1048576,1,
4121,True,38.23,1048576,1,
4122,True,38.22,1048576,1,
4125,True,34.49,1048576,1,
4123,True,39.51,1048576,1,
4120,True,44.72,1048576,1,
4128,True,37.29,1048576,1,
4131,True,34.84,1048576,1,
4126,True,45.88,1048576,1,
4127,True,43.00,1048576,1,
4124,True,79.56,1048576,1,
4129,True,43.28,1048576,1,
4119,True,89.79,1048576,1,
4130,True,74.54,1048576,1,
4132,True,40.55,1048576,1,
4138,True,32.12,1048576,1,
4135,True,38.79,1048576,1,
4133,True,43.02,1048576,1,
4136,True,39.72,1048576,1,
4139,True,36.99,1048576,1,
4144,True,31.88,1048576,1,
4143,True,34.22,1048576,1,
4141,True,38.10,1048576,1,
4137,True,76.80,1048576,1,
4134,True,83.07,1048576,1,
4146,True,50.69,1048576,1,
4145,True,57.92,1048576,1,
4147,True,56.91,1048576,1,
4148,True,56.68,1048576,1,
4150,True,53.19,1048576,1,
4140,True,99.72,1048576,1,
4142,True,98.49,1048576,1,
4151,True,93.09,1048576,1,
4152,True,90.97,1048576,1,
4154,True,89.66,1048576,1,
4149,True,145.05,1048576,1,
4156,True,89.66,1048576,1,
4153,True,95.58,1048576,1,
4155,True,94.27,1048576,1,
4157,True,94.42,1048576,1,
4160,True,60.07,1048576,1,
4162,True,59.19,1048576,1,
4159,True,64.89,1048576,1,
4164,True,58.26,1048576,1,
4163,True,61.02,1048576,1,
4158,True,143.95,1048576,1,
4168,True,76.73,1048576,1,
4161,True,141.22,1048576,1,
4166,True,83.11,1048576,1,
4170,True,78.60,1048576,1,
4165,True,137.51,1048576,1,
4169,True,82.43,1048576,1,
4167,True,86.13,1048576,1,
4175,True,82.77,1048576,1,
4174,True,85.81,1048576,1,
4176,True,84.40,1048576,1,
4173,True,89.33,1048576,1,
4172,True,92.30,1048576,1,
4177,True,87.12,1048576,1,
4178,True,87.00,1048576,1,
4171,True,99.13,1048576,1,
4182,True,104.51,1048576,1,
4179,True,110.53,1048576,1,
4185,True,103.88,1048576,1,
4183,True,107.95,1048576,1,
4186,True,104.34,1048576,1,
4180,True,113.86,1048576,1,
4184,True,110.41,1048576,1,
4181,True,115.73,1048576,1,
4193,True,81.68,1048576,1,
4189,True,88.70,1048576,1,
4194,True,83.41,1048576,1,
4191,True,89.87,1048576,1,
4190,True,92.56,1048576,1,
4188,True,97.09,1048576,1,
4192,True,93.94,1048576,1,
4187,True,103.91,1048576,1,
4196,True,92.33,1048576,1,
4199,True,88.75,1048576,1,
4197,True,93.27,1048576,1,
4200,True,90.27,1048576,1,
4201,True,89.82,1048576,1,
4202,True,87.78,1048576,1,
4198,True,97.92,1048576,1,
4195,True,104.69,1048576,1,
4210,True,69.71,1048576,1,
4209,True,72.65,1048576,1,
4206,True,78.53,1048576,1,
4203,True,84.91,1048576,1,
4208,True,88.15,1048576,1,
4207,True,91.05,1048576,1,
4205,True,95.48,1048576,1,
4204,True,98.03,1048576,1,
4212,True,25.80,1048576,1,
4213,True,48.52,1048576,1,
4214,True,90.70,1048576,1,
4218,True,77.93,1048576,1,
4215,True,83.28,1048576,1,
4211,True,100.08,1048576,1,
4216,True,84.61,1048576,1,
4220,True,50.57,1048576,1,
4219,True,75.94,1048576,1,
4217,True,88.04,1048576,1,
4227,True,94.31,1048576,1,
4226,True,97.50,1048576,1,
4222,True,104.68,1048576,1,
4223,True,104.55,1048576,1,
4225,True,102.95,1048576,1,
4221,True,110.15,1048576,1,
4224,True,107.30,1048576,1,
4228,True,104.18,1048576,1,
4233,True,92.08,1048576,1,
4231,True,97.04,1048576,1,
4230,True,100.91,1048576,1,
4236,True,92.31,1048576,1,
4234,True,98.36,1048576,1,
4232,True,101.96,1048576,1,
4235,True,98.94,1048576,1,
4229,True,111.27,1048576,1,
4238,True,67.39,1048576,1,
4243,True,77.07,1048576,1,
4242,True,79.79,1048576,1,
4241,True,82.21,1048576,1,
4244,True,77.64,1048576,1,
4237,True,94.98,1048576,1,
4239,True,91.51,1048576,1,
4245,True,27.48,1048576,1,
4240,True,92.96,1048576,1,
4248,True,85.87,1048576,1,
4246,True,90.53,1048576,1,
4249,True,87.86,1048576,1,
4253,True,81.26,1048576,1,
4250,True,87.06,1048576,1,
4247,True,94.92,1048576,1,
4252,True,87.41,1048576,1,
4251,True,90.70,1048576,1,
4255,True,86.09,1048576,1,
4259,True,81.85,1048576,1,
4256,True,87.90,1048576,1,
4257,True,88.08,1048576,1,
4258,True,87.52,1048576,1,
4261,True,83.86,1048576,1,
4260,True,86.79,1048576,1,
4254,True,98.32,1048576,1,
4265,True,114.42,1048576,1,
4268,True,113.53,1048576,1,
4267,True,116.65,1048576,1,
4262,True,125.09,1048576,1,
4264,True,123.72,1048576,1,
4269,True,119.06,1048576,1,
4263,True,128.98,1048576,1,
4266,True,127.50,1048576,1,
4276,True,82.69,1048576,1,
4275,True,86.23,1048576,1,
4272,True,93.19,1048576,1,
4274,True,91.65,1048576,1,
4277,True,98.75,1048576,1,
4271,True,112.23,1048576,1,
4273,True,111.85,1048576,1,
4270,True,119.96,1048576,1,
4279,True,49.32,1048576,1,
4281,True,48.49,1048576,1,
4280,True,51.99,1048576,1,
4278,True,68.81,1048576,1,
4286,True,98.50,1048576,1,
4287,True,97.93,1048576,1,
4283,True,132.05,1048576,1,
4284,True,131.08,1048576,1,
4289,True,86.37,1048576,1,
4282,True,138.51,1048576,1,
4288,True,101.83,1048576,1,
4285,True,138.73,1048576,1,
4294,True,77.46,1048576,1,
4293,True,80.21,1048576,1,
4291,True,84.55,1048576,1,
4295,True,80.53,1048576,1,
4296,True,89.69,1048576,1,
4297,True,85.17,1048576,1,
4290,True,100.16,1048576,1,
4292,True,98.88,1048576,1,
4301,True,48.92,1048576,1,
4300,True,51.59,1048576,1,
4304,True,39.46,1048576,1,
4305,True,39.24,1048576,1,
4298,True,60.59,1048576,1,
4299,True,61.80,1048576,1,
4302,True,120.72,1048576,1,
4309,True,78.54,1048576,1,
4306,True,84.51,1048576,1,
4308,True,82.63,1048576,1,
4310,True,79.68,1048576,1,
4303,True,126.36,1048576,1,
4307,True,89.61,1048576,1,
4311,True,83.77,1048576,1,
4315,True,89.35,1048576,1,
4313,True,94.46,1048576,1,
4314,True,94.37,1048576,1,
4316,True,92.85,1048576,1,
4312,True,99.50,1048576,1,
4317,True,94.50,1048576,1,
4318,True,103.05,1048576,1,
4319,True,101.72,1048576,1,
4322,True,72.76,1048576,1,
4321,True,78.92,1048576,1,
4327,True,62.12,1048576,1,
4320,True,83.77,1048576,1,
4325,True,77.32,1048576,1,
4323,True,112.14,1048576,1,
4326,True,99.86,1048576,1,
4328,True,43.74,1048576,1,
4324,True,116.29,1048576,1,
4334,True,115.36,1048576,1,
4335,True,115.19,1048576,1,
4330,True,154.69,1048576,1,
4336,True,116.35,1048576,1,
4332,True,155.74,1048576,1,
4331,True,158.35,1048576,1,
4333,True,126.55,1048576,1,
4329,True,163.22,1048576,1,
4340,True,124.51,1048576,1,
4338,True,143.48,1048576,1,
4337,True,146.23,1048576,1,
4344,True,137.52,1048576,1,
4343,True,139.95,1048576,1,
4339,True,147.21,1048576,1,
4342,True,143.66,1048576,1,
4341,True,146.93,1048576,1,
4345,True,33.58,1048576,1,
4351,True,115.83,1048576,1,
4346,True,124.73,1048576,1,
4349,True,123.18,1048576,1,
4347,True,127.33,1048576,1,
4352,True,121.47,1048576,1,
4353,True,114.33,1048576,1,
4348,True,133.31,1048576,1,
4350,True,132.60,1048576,1,
4355,True,122.20,1048576,1,
4354,True,126.42,1048576,1,
4361,True,112.34,1048576,1,
4359,True,118.79,1048576,1,
4358,True,122.55,1048576,1,
4360,True,118.17,1048576,1,
4356,True,130.09,1048576,1,
4357,True,132.44,1048576,1,
4364,True,114.37,1048576,1,
4363,True,117.83,1048576,1,
4366,True,115.08,1048576,1,
4365,True,117.78,1048576,1,
4362,True,123.89,1048576,1,
4367,True,118.70,1048576,1,
4368,True,116.78,1048576,1,
4369,True,115.39,1048576,1,
4371,True,86.10,1048576,1,
4372,True,101.32,1048576,1,
4373,True,101.11,1048576,1,
4370,True,107.38,1048576,1,
4376,True,98.88,1048576,1,
4374,True,103.14,1048576,1,
4378,True,22.41,1048576,1,
4377,True,100.11,1048576,1,
4375,True,108.24,1048576,1,
4379,True,93.82,1048576,1,
4383,True,90.19,1048576,1,
4380,True,95.79,1048576,1,
4384,True,91.75,1048576,1,
4381,True,96.77,1048576,1,
4385,True,92.85,1048576,1,
4386,True,90.85,1048576,1,
4382,True,102.80,1048576,1,
4387,True,65.51,1048576,1,
4391,True,61.54,1048576,1,
4392,True,61.47,1048576,1,
4389,True,66.39,1048576,1,
4388,True,69.32,1048576,1,
4394,True,68.90,1048576,1,
4390,True,111.22,1048576,1,
4393,True,141.09,1048576,1,
4395,True,85.32,1048576,1,
4399,True,83.09,1048576,1,
4396,True,88.61,1048576,1,
4400,True,75.08,1048576,1,
4397,True,89.77,1048576,1,
4398,True,90.04,1048576,1,
4401,True,45.52,1048576,1,
4406,True,53.63,1048576,1,
4405,True,56.45,1048576,1,
4408,True,53.76,1048576,1,
4409,True,53.73,1048576,1,
4402,True,119.71,1048576,1,
4404,True,116.33,1048576,1,
4413,True,56.98,1048576,1,
4410,True,62.40,1048576,1,
4412,True,60.76,1048576,1,
4403,True,125.00,1048576,1,
4411,True,64.34,1048576,1,
4407,True,121.25,1048576,1,
4414,True,91.70,1048576,1,
4420,True,85.99,1048576,1,
4418,True,90.18,1048576,1,
4416,True,94.28,1048576,1,
4421,True,88.54,1048576,1,
4415,True,98.64,1048576,1,
4417,True,97.92,1048576,1,
4419,True,96.80,1048576,1,
4424,True,55.55,1048576,1,
4428,True,50.60,1048576,1,
4426,True,55.34,1048576,1,
4422,True,124.40,1048576,1,
4427,True,117.36,1048576,1,
4431,True,65.70,1048576,1,
4430,True,68.24,1048576,1,
4432,True,67.33,1048576,1,
4423,True,130.04,1048576,1,
4429,True,122.80,1048576,1,
4425,True,132.27,1048576,1,
4438,True,105.63,1048576,1,
4434,True,113.95,1048576,1,
4439,True,107.44,1048576,1,
4435,True,116.27,1048576,1,
4433,True,120.69,1048576,1,
4440,True,108.66,1048576,1,
4436,True,120.57,1048576,1,
4437,True,120.22,1048576,1,
4448,True,142.90,1048576,1,
4446,True,148.12,1048576,1,
4441,True,159.74,1048576,1,
4443,True,156.89,1048576,1,
4444,True,156.47,1048576,1,
4445,True,156.12,1048576,1,
4442,True,162.51,1048576,1,
4447,True,155.82,1048576,1,
4453,True,77.84,1048576,1,
4454,True,78.19,1048576,1,
4450,True,85.85,1048576,1,
4451,True,84.34,1048576,1,
4456,True,78.16,1048576,1,
4452,True,85.41,1048576,1,
4449,True,92.25,1048576,1,
4455,True,84.68,1048576,1,
4461,True,98.84,1048576,1,
4463,True,97.99,1048576,1,
4462,True,100.91,1048576,1,
4457,True,108.70,1048576,1,
4458,True,108.72,1048576,1,
4460,True,107.72,1048576,1,
4464,True,104.06,1048576,1,
4459,True,114.53,1048576,1,
4466,True,56.57,1048576,1,
4470,True,51.72,1048576,1,
4469,True,54.44,1048576,1,
4465,True,62.33,1048576,1,
4467,True,139.31,1048576,1,
4475,True,82.59,1048576,1,
4468,True,140.70,1048576,1,
4472,True,133.67,1048576,1,
4473,True,89.39,1048576,1,
4476,True,86.39,1048576,1,
4471,True,141.68,1048576,1,
4474,True,92.01,1048576,1,
4483,True,73.99,1048576,1,
4479,True,80.61,1048576,1,
4484,True,75.76,1048576,1,
4478,True,85.17,1048576,1,
4477,True,87.64,1048576,1,
4482,True,82.40,1048576,1,
4480,True,86.16,1048576,1,
4481,True,86.17,1048576,1,
4489,True,91.82,1048576,1,
4486,True,97.32,1048576,1,
4488,True,96.01,1048576,1,
4485,True,101.52,1048576,1,
4490,True,95.76,1048576,1,
4487,True,100.99,1048576,1,
4492,True,96.75,1048576,1,
4491,True,99.28,1048576,1,
4498,True,77.42,1048576,1,
4499,True,88.53,1048576,1,
4494,True,97.24,1048576,1,
4493,True,100.15,1048576,1,
4496,True,97.09,1048576,1,
4497,True,97.05,1048576,1,
4500,True,93.22,1048576,1,
4495,True,102.19,1048576,1,
4504,True,78.58,1048576,1,
4507,True,78.31,1048576,1,
4508,True,79.10,1048576,1,
4501,True,101.64,1048576,1,
4506,True,84.94,1048576,1,
4505,True,88.19,1048576,1,
4503,True,92.66,1048576,1,
4502,True,95.75,1048576,1,
4509,True,67.89,1048576,1,
4515,True,56.81,1048576,1,
4511,True,65.56,1048576,1,
4516,True,58.85,1048576,1,
4514,True,131.41,1048576,1,
4513,True,135.46,1048576,1,
4512,True,139.29,1048576,1,
4517,True,78.83,1048576,1,
4518,True,78.40,1048576,1,
4519,True,78.83,1048576,1,
4510,True,148.62,1048576,1,
4520,True,82.06,1048576,1,
4522,True,65.62,1048576,1,
4523,True,65.71,1048576,1,
4524,True,65.95,1048576,1,
4527,True,62.87,1048576,1,
4521,True,96.62,1048576,1,
4528,True,107.76,1048576,1,
4525,True,117.77,1048576,1,
4529,True,56.92,1048576,1,
4531,True,55.57,1048576,1,
4526,True,120.45,1048576,1,
4533,True,34.77,1048576,1,
4530,True,193.14,1048576,1,
4532,True,201.86,1048576,1,
4536,True,159.42,1048576,1,
4535,True,165.62,1048576,1,
4538,True,162.26,1048576,1,
4539,True,159.87,1048576,1,
4537,True,166.36,1048576,1,
4534,True,172.62,1048576,1,
4540,True,34.03,1048576,1,
4547,True,120.70,1048576,1,
4541,True,143.50,1048576,1,
4544,True,127.98,1048576,1,
4546,True,127.12,1048576,1,
4542,True,136.78,1048576,1,
4548,True,125.74,1048576,1,
4543,True,135.91,1048576,1,
4545,True,134.67,1048576,1,
4549,True,50.89,1048576,1,
4556,True,41.62,1048576,1,
4555,True,44.06,1048576,1,
4554,True,47.86,1048576,1,
4551,True,53.41,1048576,1,
4560,True,61.56,1048576,1,
4550,True,116.97,1048576,1,
4552,True,115.59,1048576,1,
4559,True,67.14,1048576,1,
4557,True,71.01,1048576,1,
4558,True,70.77,1048576,1,
4553,True,119.16,1048576,1,
4561,True,69.57,1048576,1,
4562,True,53.01,1048576,1,
4567,True,47.77,1048576,1,
4563,True,54.08,1048576,1,
4564,True,54.10,1048576,1,
4569,True,97.43,1048576,1,
4570,True,55.10,1048576,1,
4568,True,102.12,1048576,1,
4566,True,105.75,1048576,1,
4565,True,108.53,1048576,1,
4572,True,57.87,1048576,1,
4573,True,61.37,1048576,1,
4571,True,69.22,1048576,1,
4575,True,60.75,1048576,1,
4576,True,61.25,1048576,1,
4574,True,65.81,1048576,1,
4577,True,62.88,1048576,1,
4579,True,61.24,1048576,1,
4580,True,57.72,1048576,1,
4578,True,68.42,1048576,1,
4581,True,86.99,1048576,1,
4585,True,101.21,1048576,1,
4582,True,107.43,1048576,1,
4588,True,97.03,1048576,1,
4587,True,103.05,1048576,1,
4584,True,108.20,1048576,1,
4586,True,108.10,1048576,1,
4583,True,114.24,1048576,1,
4589,True,76.85,1048576,1,
4593,True,91.55,1048576,1,
4591,True,109.94,1048576,1,
4590,True,113.85,1048576,1,
4597,True,102.89,1048576,1,
4596,True,106.75,1048576,1,
4594,True,112.86,1048576,1,
4592,True,117.11,1048576,1,
4595,True,115.74,1048576,1,
4599,True,97.57,1048576,1,
4605,True,88.22,1048576,1,
4601,True,98.41,1048576,1,
4600,True,101.80,1048576,1,
4598,True,121.04,1048576,1,
4603,True,100.56,1048576,1,
4602,True,104.22,1048576,1,
4604,True,102.56,1048576,1,
4608,True,100.66,1048576,1,
4607,True,104.00,1048576,1,
4613,True,95.66,1048576,1,
4610,True,102.72,1048576,1,
4611,True,102.85,1048576,1,
4612,True,102.48,1048576,1,
4606,True,115.03,1048576,1,
4609,True,112.95,1048576,1,
4614,True,64.36,1048576,1,
4617,True,61.52,1048576,1,
4620,True,57.67,1048576,1,
4621,True,55.44,1048576,1,
4618,True,64.52,1048576,1,
4615,True,86.46,1048576,1,
4619,True,97.95,1048576,1,
4616,True,104.76,1048576,1,
4622,True,44.79,1048576,1,
4623,True,44.67,1048576,1,
4627,True,24.72,1048576,1,
4625,True,45.85,1048576,1,
4624,True,48.68,1048576,1,
4628,True,47.68,1048576,1,
4633,True,40.28,1048576,1,
4630,True,47.78,1048576,1,
4626,True,87.43,1048576,1,
4634,True,43.24,1048576,1,
4629,True,53.46,1048576,1,
4632,True,51.87,1048576,1,
4635,True,41.60,1048576,1,
4640,True,35.92,1048576,1,
4639,True,38.86,1048576,1,
4631,True,89.04,1048576,1,
4641,True,36.79,1048576,1,
4638,True,45.65,1048576,1,
4642,True,42.55,1048576,1,
4646,True,38.51,1048576,1,
4643,True,43.76,1048576,1,
4644,True,43.86,1048576,1,
4645,True,43.75,1048576,1,
4647,True,40.95,1048576,1,
4637,True,90.48,1048576,1,
4636,True,94.47,1048576,1,
4648,True,48.34,1048576,1,
4655,True,38.88,1048576,1,
4650,True,50.04,1048576,1,
4654,True,46.03,1048576,1,
4651,True,52.00,1048576,1,
4652,True,52.34,1048576,1,
4653,True,52.16,1048576,1,
4649,True,59.21,1048576,1,
4656,True,44.41,1048576,1,
4657,True,44.71,1048576,1,
4661,True,39.04,1048576,1,
4660,True,41.98,1048576,1,
4665,True,37.68,1048576,1,
4666,True,37.59,1048576,1,
4658,True,83.70,1048576,1,
4662,True,79.64,1048576,1,
4659,True,85.37,1048576,1,
4663,True,81.24,1048576,1,
4667,True,46.69,1048576,1,
4664,True,66.35,1048576,1,
4668,True,56.35,1048576,1,
4670,True,55.15,1048576,1,
4675,True,34.12,1048576,1,
4674,True,49.72,1048576,1,
4669,True,62.19,1048576,1,
4671,True,127.88,1048576,1,
4673,True,126.65,1048576,1,
4678,True,76.48,1048576,1,
4672,True,132.32,1048576,1,
4679,True,78.15,1048576,1,
4676,True,85.56,1048576,1,
4677,True,85.49,1048576,1,
4680,True,82.46,1048576,1,
4683,True,64.27,1048576,1,
4681,True,70.58,1048576,1,
4684,True,66.29,1048576,1,
4682,True,71.71,1048576,1,
4686,True,134.78,1048576,1,
4685,True,140.47,1048576,1,
4690,True,77.97,1048576,1,
4691,True,77.82,1048576,1,
4688,True,139.33,1048576,1,
4689,True,85.54,1048576,1,
4692,True,82.13,1048576,1,
4687,True,146.25,1048576,1,
4693,True,105.38,1048576,1,
4698,True,96.59,1048576,1,
4695,True,104.10,1048576,1,
4696,True,104.08,1048576,1,
4694,True,108.49,1048576,1,
4700,True,100.28,1048576,1,
4699,True,103.61,1048576,1,
4697,True,109.28,1048576,1,
4705,True,96.67,1048576,1,
4708,True,91.77,1048576,1,
4701,True,106.08,1048576,1,
4702,True,105.37,1048576,1,
4703,True,104.65,1048576,1,
4704,True,104.56,1048576,1,
4707,True,101.21,1048576,1,
4706,True,104.42,1048576,1,
4711,True,53.20,1048576,1,
4713,True,67.59,1048576,1,
4716,True,64.96,1048576,1,
4709,True,75.28,1048576,1,
4717,True,72.79,1048576,1,
4710,True,129.99,1048576,1,
4712,True,128.78,1048576,1,
4718,True,60.76,1048576,1,
4714,True,128.66,1048576,1,
4715,True,128.57,1048576,1,
4720,True,63.50,1048576,1,
4719,True,66.38,1048576,1,
4723,True,99.59,1048576,1,
4724,True,99.97,1048576,1,
4721,True,105.92,1048576,1,
4727,True,98.03,1048576,1,
4726,True,102.35,1048576,1,
4722,True,109.08,1048576,1,
4725,True,107.99,1048576,1,
4728,True,103.72,1048576,1,
4734,True,109.63,1048576,1,
4733,True,134.39,1048576,1,
4736,True,149.91,1048576,1,
4729,True,181.01,1048576,1,
4731,True,198.27,1048576,1,
4730,True,217.01,1048576,1,
4735,True,226.64,1048576,1,
4732,True,332.90,1048576,1,
4737,True,262.00,1048576,1,
4739,True,219.33,1048576,1,
4740,True,202.61,1048576,1,
4744,True,47.21,1048576,1,
4743,True,150.75,1048576,1,
4741,True,188.83,1048576,1,
4738,True,251.87,1048576,1,
4742,True,176.28,1048576,1,
4745,True,211.04,1048576,1,
4747,True,209.34,1048576,1,
4750,True,204.32,1048576,1,
4746,True,214.89,1048576,1,
4752,True,203.21,1048576,1,
4748,True,215.82,1048576,1,
4749,True,215.22,1048576,1,
4751,True,215.41,1048576,1,
4756,True,201.34,1048576,1,
4755,True,205.64,1048576,1,
4759,True,197.93,1048576,1,
4753,True,212.22,1048576,1,
4760,True,197.50,1048576,1,
4758,True,206.43,1048576,1,
4757,True,210.49,1048576,1,
4754,True,218.21,1048576,1,
4766,True,56.39,1048576,1,
4768,True,53.82,1048576,1,
4761,True,68.60,1048576,1,
4763,True,66.24,1048576,1,
4765,True,63.53,1048576,1,
4767,True,62.31,1048576,1,
4762,True,127.06,1048576,1,
4764,True,134.72,1048576,1,
4774,True,69.45,1048576,1,
4771,True,76.03,1048576,1,
4772,True,76.59,1048576,1,
4770,True,80.81,1048576,1,
4773,True,78.25,1048576,1,
4769,True,86.24,1048576,1,
4778,True,53.73,1048576,1,
4777,True,57.77,1048576,1,
4780,True,53.50,1048576,1,
4775,True,74.33,1048576,1,
4782,True,52.81,1048576,1,
4779,True,104.14,1048576,1,
4776,True,112.31,1048576,1,
4783,True,54.44,1048576,1,
4787,True,49.76,1048576,1,
4781,True,106.62,1048576,1,
4786,True,54.57,1048576,1,
4785,True,122.17,1048576,1,
4784,True,125.78,1048576,1,
4791,True,72.70,1048576,1,
4788,True,78.69,1048576,1,
4793,True,72.77,1048576,1,
4790,True,78.92,1048576,1,
4789,True,81.59,1048576,1,
4792,True,79.07,1048576,1,
4800,True,47.63,1048576,1,
4794,True,59.44,1048576,1,
4796,True,57.14,1048576,1,
4798,True,54.93,1048576,1,
4799,True,54.41,1048576,1,
4797,True,127.76,1048576,1,
4806,True,71.83,1048576,1,
4805,True,74.96,1048576,1,
4802,True,80.64,1048576,1,
4801,True,128.66,1048576,1,
4795,True,139.03,1048576,1,
4803,True,82.31,1048576,1,
4804,True,83.49,1048576,1,
4813,True,86.41,1048576,1,
4812,True,89.02,1048576,1,
4810,True,92.80,1048576,1,
4811,True,93.01,1048576,1,
4809,True,96.83,1048576,1,
4807,True,101.92,1048576,1,
4814,True,92.96,1048576,1,
4808,True,103.97,1048576,1,
4819,True,87.44,1048576,1,
4818,True,90.61,1048576,1,
4815,True,96.34,1048576,1,
4821,True,89.78,1048576,1,
4822,True,91.93,1048576,1,
4817,True,101.10,1048576,1,
4816,True,104.61,1048576,1,
4820,True,101.02,1048576,1,
4824,True,99.34,1048576,1,
4827,True,93.57,1048576,1,
4830,True,90.47,1048576,1,
4825,True,103.42,1048576,1,
4823,True,109.49,1048576,1,
4828,True,102.62,1048576,1,
4826,True,109.94,1048576,1,
4829,True,104.33,1048576,1,
4832,True,105.39,1048576,1,
4834,True,105.59,1048576,1,
4831,True,112.81,1048576,1,
4837,True,99.42,1048576,1,
4833,True,111.98,1048576,1,
4836,True,105.50,1048576,1,
4835,True,111.03,1048576,1,
4838,True,104.42,1048576,1,
4839,True,172.70,1048576,1,
4843,True,165.42,1048576,1,
4842,True,168.69,1048576,1,
4840,True,173.68,1048576,1,
4845,True,168.03,1048576,1,
4844,True,170.57,1048576,1,
4841,True,177.28,1048576,1,
4846,True,170.88,1048576,1,
4847,True,94.47,1048576,1,
4852,True,87.43,1048576,1,
4849,True,95.64,1048576,1,
4853,True,89.87,1048576,1,
4851,True,94.06,1048576,1,
4850,True,98.34,1048576,1,
4848,True,103.74,1048576,1,
4854,True,97.80,1048576,1,
4855,True,66.18,1048576,1,
4861,True,92.44,1048576,1,
4862,True,89.60,1048576,1,
4856,True,103.61,1048576,1,
4860,True,97.91,1048576,1,
4859,True,101.30,1048576,1,
4858,True,103.81,1048576,1,
4863,True,45.10,1048576,1,
4857,True,109.73,1048576,1,
4867,True,120.91,1048576,1,
4871,True,121.55,1048576,1,
4865,True,132.53,1048576,1,
4866,True,132.68,1048576,1,
4864,True,142.72,1048576,1,
4870,True,135.21,1048576,1,
4868,True,140.71,1048576,1,
4869,True,140.96,1048576,1,
4872,True,79.15,1048576,1,
4875,True,97.72,1048576,1,
4874,True,100.48,1048576,1,
4876,True,92.74,1048576,1,
4877,True,94.44,1048576,1,
4879,True,94.44,1048576,1,
4878,True,98.29,1048576,1,
4880,True,41.02,1048576,1,
4873,True,115.74,1048576,1,
4882,True,54.52,1048576,1,
4883,True,54.74,1048576,1,
4887,True,45.94,1048576,1,
4885,True,50.91,1048576,1,
4881,True,128.00,1048576,1,
4884,True,124.41,1048576,1,
4886,True,121.11,1048576,1,
4892,True,73.33,1048576,1,
4891,True,75.83,1048576,1,
4888,True,120.84,1048576,1,
4890,True,79.84,1048576,1,
4889,True,84.29,1048576,1,
4900,True,83.71,1048576,1,
4898,True,89.79,1048576,1,
4895,True,94.72,1048576,1,
4899,True,90.90,1048576,1,
4897,True,94.93,1048576,1,
4893,True,102.92,1048576,1,
4894,True,101.81,1048576,1,
4896,True,100.68,1048576,1,
4901,True,95.46,1048576,1,
4907,True,89.99,1048576,1,
4908,True,89.23,1048576,1,
4904,True,96.63,1048576,1,
4905,True,96.73,1048576,1,
4906,True,96.97,1048576,1,
4903,True,102.73,1048576,1,
4902,True,105.99,1048576,1,
4910,True,101.31,1048576,1,
4909,True,106.01,1048576,1,
4915,True,98.36,1048576,1,
4916,True,97.75,1048576,1,
4914,True,103.12,1048576,1,
4911,True,108.81,1048576,1,
4912,True,109.14,1048576,1,
4913,True,110.77,1048576,1,
4917,True,105.72,1048576,1,
4923,True,98.78,1048576,1,
4921,True,103.84,1048576,1,
4924,True,99.21,1048576,1,
4922,True,105.44,1048576,1,
4919,True,111.38,1048576,1,
4918,True,115.50,1048576,1,
4920,True,114.17,1048576,1,
4926,True,118.23,1048576,1,
4931,True,111.29,1048576,1,
4930,True,114.86,1048576,1,
4932,True,112.21,1048576,1,
4929,True,119.54,1048576,1,
4927,True,125.60,1048576,1,
4925,True,132.75,1048576,1,
4928,True,127.89,1048576,1,
4933,True,109.76,1048576,1,
4940,True,98.92,1048576,1,
4935,True,109.79,1048576,1,
4939,True,104.21,1048576,1,
4934,True,114.44,1048576,1,
4937,True,111.53,1048576,1,
4938,True,109.59,1048576,1,
4936,True,115.18,1048576,1,
4941,True,92.37,1048576,1,
4943,True,90.85,1048576,1,
4945,True,88.89,1048576,1,
4948,True,87.22,1048576,1,
4944,True,93.64,1048576,1,
4947,True,91.29,1048576,1,
4946,True,93.67,1048576,1,
4942,True,100.73,1048576,1,
4949,True,92.74,1048576,1,
4953,True,87.98,1048576,1,
4950,True,94.26,1048576,1,
4954,True,89.75,1048576,1,
4956,True,88.61,1048576,1,
4955,True,90.94,1048576,1,
4951,True,98.08,1048576,1,
4952,True,97.80,1048576,1,
4957,True,98.40,1048576,1,
4964,True,89.96,1048576,1,
4959,True,98.09,1048576,1,
4963,True,94.36,1048576,1,
4960,True,99.04,1048576,1,
4958,True,103.25,1048576,1,
4962,True,99.86,1048576,1,
4961,True,102.10,1048576,1,
4965,True,91.05,1048576,1,
4968,True,88.62,1048576,1,
4967,True,91.29,1048576,1,
4971,True,86.87,1048576,1,
4972,True,87.10,1048576,1,
4970,True,91.36,1048576,1,
4966,True,97.54,1048576,1,
4969,True,95.94,1048576,1,
4979,True,85.46,1048576,1,
4973,True,94.86,1048576,1,
4977,True,90.95,1048576,1,
4978,True,91.90,1048576,1,
4974,True,98.22,1048576,1,
4976,True,96.78,1048576,1,
4975,True,99.42,1048576,1,
4980,True,93.60,1048576,1,
4982,True,74.37,1048576,1,
4984,True,75.12,1048576,1,
4981,True,81.67,1048576,1,
4985,True,76.45,1048576,1,
4986,True,84.73,1048576,1,
4987,True,84.88,1048576,1,
4988,True,99.69,1048576,1,
4983,True,108.53,1048576,1,
4992,True,34.91,1048576,1,
4991,True,38.20,1048576,1,
4990,True,40.72,1048576,1,
4993,True,79.51,1048576,1,
4995,True,63.36,1048576,1,
4994,True,80.51,1048576,1,
4989,True,98.91,1048576,1,
4999,True,53.70,1048576,1,
4996,True,63.96,1048576,1,
4997,True,76.58,1048576,1,
4998,True,75.52,1048576,1,
5000,True,67.14,1048576,1,
