Task_ID,Success,Latency_ms,Bytes,Attempts,Error
1,True,110.51,1048576,1,
6,True,75.10,1048576,1,
4,True,80.65,1048576,1,
7,True,62.33,1048576,1,
8,True,27.09,1048576,1,
2,True,106.68,1048576,1,
9,True,28.08,1048576,1,
14,True,18.99,1048576,1,
13,True,22.53,1048576,1,
3,True,130.25,1048576,1,
5,True,106.20,1048576,1,
17,True,15.23,1048576,1,
18,True,14.89,1048576,1,
20,True,15.67,1048576,1,
19,True,19.95,1048576,1,
12,True,67.18,1048576,1,
11,True,70.99,1048576,1,
10,True,75.30,1048576,1,
21,True,25.99,1048576,1,
22,True,32.13,1048576,1,
16,True,69.10,1048576,1,
15,True,72.60,1048576,1,
24,True,28.85,1048576,1,
26,True,26.11,1048576,1,
25,True,30.68,1048576,1,
29,True,28.68,1048576,1,
30,True,28.58,1048576,1,
33,True,22.63,1048576,1,
31,True,28.70,1048576,1,
23,True,69.55,1048576,1,
27,True,61.86,1048576,1,
34,True,23.90,1048576,1,
36,True,22.70,1048576,1,
37,True,23.43,1048576,1,
35,True,27.46,1048576,1,
38,True,24.13,1048576,1,
39,True,15.32,1048576,1,
28,True,73.76,1048576,1,
32,True,66.08,1048576,1,
40,True,28.07,1048576,1,
43,True,24.16,1048576,1,
45,True,21.33,1048576,1,
44,True,25.15,1048576,1,
46,True,16.68,1048576,1,
49,True,21.35,1048576,1,
50,True,21.25,1048576,1,
51,True,21.23,1048576,1,
48,True,26.85,1048576,1,
52,True,22.08,1048576,1,
42,True,69.91,1048576,1,
41,True,73.25,1048576,1,
54,True,25.37,1048576,1,
56,True,24.13,1048576,1,
57,True,23.58,1048576,1,
47,True,63.81,1048576,1,
55,True,30.64,1048576,1,
53,True,35.54,1048576,1,
58,True,38.13,1048576,1,
61,True,33.82,1048576,1,
59,True,40.01,1048576,1,
63,True,33.50,1048576,1,
60,True,39.54,1048576,1,
62,True,37.95,1048576,1,
70,True,25.25,1048576,1,
69,True,28.38,1048576,1,
68,True,31.53,1048576,1,
67,True,35.16,1048576,1,
66,True,38.60,1048576,1,
65,True,67.52,1048576,1,
71,True,36.28,1048576,1,
64,True,73.49,1048576,1,
72,True,34.35,1048576,1,
78,True,23.96,1048576,1,
79,True,23.01,1048576,1,
77,True,28.77,1048576,1,
82,True,18.52,1048576,1,
80,True,23.01,1048576,1,
83,True,23.65,1048576,1,
75,True,71.32,1048576,1,
73,True,77.44,1048576,1,
84,True,27.52,1048576,1,
85,True,27.77,1048576,1,
86,True,23.39,1048576,1,
74,True,86.74,1048576,1,
76,True,84.61,1048576,1,
81,True,68.33,1048576,1,
89,True,30.57,1048576,1,
87,True,43.86,1048576,1,
92,True,33.35,1048576,1,
94,True,20.54,1048576,1,
93,True,36.14,1048576,1,
99,True,26.84,1048576,1,
96,True,37.42,1048576,1,
98,True,34.19,1048576,1,
88,True,83.99,1048576,1,
90,True,79.07,1048576,1,
91,True,79.30,1048576,1,
95,True,79.75,1048576,1,
101,True,39.10,1048576,1,
97,True,77.00,1048576,1,
100,True,46.62,1048576,1,
105,True,36.72,1048576,1,
103,True,42.66,1048576,1,
104,True,42.51,1048576,1,
102,True,50.39,1048576,1,
112,True,31.34,1048576,1,
109,True,40.80,1048576,1,
113,True,33.92,1048576,1,
106,True,50.79,1048576,1,
111,True,44.24,1048576,1,
117,True,27.95,1048576,1,
118,True,26.78,1048576,1,
116,True,33.53,1048576,1,
110,True,80.29,1048576,1,
107,True,87.97,1048576,1,
108,True,88.30,1048576,1,
120,True,34.94,1048576,1,
124,True,25.00,1048576,1,
115,True,72.00,1048576,1,
123,True,30.18,1048576,1,
114,True,78.69,1048576,1,
119,True,44.69,1048576,1,
126,True,30.37,1048576,1,
129,True,27.86,1048576,1,
130,True,27.78,1048576,1,
128,True,32.81,1048576,1,
121,True,72.31,1048576,1,
127,True,38.54,1048576,1,
122,True,75.50,1048576,1,
134,True,46.85,1048576,1,
133,True,51.38,1048576,1,
135,True,50.31,1048576,1,
132,True,58.31,1048576,1,
125,True,95.00,1048576,1,
131,True,64.63,1048576,1,
136,True,57.90,1048576,1,
137,True,55.30,1048576,1,
138,True,54.09,1048576,1,
142,True,45.67,1048576,1,
143,True,46.84,1048576,1,
140,True,55.40,1048576,1,
145,True,44.47,1048576,1,
139,True,62.13,1048576,1,
141,True,59.39,1048576,1,
146,True,42.91,1048576,1,
148,True,39.41,1048576,1,
144,True,86.13,1048576,1,
150,True,38.91,1048576,1,
151,True,38.48,1048576,1,
152,True,37.76,1048576,1,
149,True,47.66,1048576,1,
153,True,44.59,1048576,1,
154,True,44.71,1048576,1,
147,True,91.17,1048576,1,
159,True,39.36,1048576,1,
157,True,69.59,1048576,1,
155,True,74.72,1048576,1,
161,True,33.31,1048576,1,
163,True,31.84,1048576,1,
162,True,38.31,1048576,1,
156,True,89.52,1048576,1,
158,True,88.44,1048576,1,
160,True,72.70,1048576,1,
166,True,37.30,1048576,1,
164,True,44.62,1048576,1,
167,True,38.14,1048576,1,
168,True,36.21,1048576,1,
174,True,20.74,1048576,1,
175,True,20.12,1048576,1,
171,True,29.03,1048576,1,
165,True,80.93,1048576,1,
170,True,65.32,1048576,1,
169,True,69.40,1048576,1,
176,True,21.45,1048576,1,
177,True,22.30,1048576,1,
178,True,22.03,1048576,1,
173,True,71.78,1048576,1,
179,True,34.87,1048576,1,
172,True,76.20,1048576,1,
181,True,32.60,1048576,1,
183,True,30.05,1048576,1,
186,True,21.20,1048576,1,
187,True,21.52,1048576,1,
180,True,67.22,1048576,1,
184,True,63.49,1048576,1,
182,True,68.93,1048576,1,
191,True,18.27,1048576,1,
190,True,22.14,1048576,1,
192,True,29.26,1048576,1,
185,True,68.63,1048576,1,
188,True,68.65,1048576,1,
189,True,68.34,1048576,1,
193,True,35.01,1048576,1,
195,True,33.57,1048576,1,
198,True,29.44,1048576,1,
199,True,27.43,1048576,1,
197,True,35.53,1048576,1,
201,True,28.67,1048576,1,
196,True,61.92,1048576,1,
194,True,68.32,1048576,1,
200,True,37.89,1048576,1,
204,True,33.53,1048576,1,
206,True,30.97,1048576,1,
203,True,38.95,1048576,1,
209,True,26.68,1048576,1,
207,True,32.94,1048576,1,
202,True,64.89,1048576,1,
208,True,33.44,1048576,1,
211,True,29.41,1048576,1,
215,True,25.41,1048576,1,
212,True,31.94,1048576,1,
210,True,36.76,1048576,1,
214,True,31.53,1048576,1,
216,True,30.19,1048576,1,
205,True,73.66,1048576,1,
217,True,32.18,1048576,1,
222,True,25.33,1048576,1,
223,True,25.80,1048576,1,
221,True,31.12,1048576,1,
213,True,69.65,1048576,1,
225,True,24.22,1048576,1,
224,True,27.55,1048576,1,
219,True,68.53,1048576,1,
220,True,71.54,1048576,1,
230,True,17.59,1048576,1,
229,True,20.49,1048576,1,
218,True,79.46,1048576,1,
232,True,25.98,1048576,1,
235,True,23.13,1048576,1,
231,True,34.36,1048576,1,
234,True,28.17,1048576,1,
226,True,73.44,1048576,1,
233,True,32.08,1048576,1,
227,True,74.42,1048576,1,
228,True,71.73,1048576,1,
236,True,31.25,1048576,1,
243,True,21.20,1048576,1,
241,True,26.00,1048576,1,
242,True,26.24,1048576,1,
244,True,19.69,1048576,1,
245,True,20.15,1048576,1,
247,True,18.72,1048576,1,
246,True,21.59,1048576,1,
248,True,24.50,1048576,1,
250,True,23.71,1048576,1,
238,True,76.49,1048576,1,
249,True,28.44,1048576,1,
239,True,78.76,1048576,1,
237,True,83.67,1048576,1,
251,True,30.99,1048576,1,
240,True,83.50,1048576,1,
256,True,28.86,1048576,1,
255,True,32.17,1048576,1,
252,True,39.38,1048576,1,
253,True,38.97,1048576,1,
254,True,38.65,1048576,1,
259,True,30.28,1048576,1,
257,True,37.67,1048576,1,
258,True,36.83,1048576,1,
263,True,29.20,1048576,1,
264,True,31.19,1048576,1,
262,True,35.29,1048576,1,
265,True,32.66,1048576,1,
266,True,31.38,1048576,1,
268,True,24.77,1048576,1,
271,True,20.06,1048576,1,
272,True,19.63,1048576,1,
260,True,75.01,1048576,1,
261,True,75.16,1048576,1,
274,True,18.76,1048576,1,
275,True,18.95,1048576,1,
267,True,71.26,1048576,1,
273,True,24.91,1048576,1,
277,True,28.75,1048576,1,
280,True,26.14,1048576,1,
269,True,73.10,1048576,1,
281,True,26.55,1048576,1,
276,True,37.34,1048576,1,
270,True,75.03,1048576,1,
278,True,34.99,1048576,1,
286,True,24.30,1048576,1,
282,True,33.15,1048576,1,
284,True,30.85,1048576,1,
283,True,33.57,1048576,1,
287,True,30.72,1048576,1,
279,True,65.32,1048576,1,
289,True,28.42,1048576,1,
290,True,28.58,1048576,1,
294,True,22.66,1048576,1,
293,True,25.85,1048576,1,
291,True,31.09,1048576,1,
292,True,31.15,1048576,1,
288,True,61.63,1048576,1,
285,True,68.13,1048576,1,
299,True,29.71,1048576,1,
296,True,35.94,1048576,1,
297,True,35.68,1048576,1,
300,True,32.14,1048576,1,
301,True,31.15,1048576,1,
302,True,29.56,1048576,1,
308,True,21.62,1048576,1,
304,True,28.53,1048576,1,
307,True,26.10,1048576,1,
305,True,30.07,1048576,1,
298,True,69.39,1048576,1,
295,True,79.85,1048576,1,
309,True,23.68,1048576,1,
311,True,22.69,1048576,1,
313,True,18.31,1048576,1,
314,True,14.08,1048576,1,
306,True,69.00,1048576,1,
317,True,17.66,1048576,1,
315,True,22.62,1048576,1,
303,True,76.89,1048576,1,
318,True,21.32,1048576,1,
310,True,61.70,1048576,1,
312,True,61.11,1048576,1,
322,True,29.48,1048576,1,
325,True,13.50,1048576,1,
316,True,63.13,1048576,1,
327,True,14.69,1048576,1,
326,True,17.30,1048576,1,
328,True,19.33,1048576,1,
320,True,66.81,1048576,1,
329,True,18.90,1048576,1,
319,True,70.94,1048576,1,
321,True,69.67,1048576,1,
330,True,22.20,1048576,1,
323,True,71.14,1048576,1,
324,True,60.22,1048576,1,
332,True,32.42,1048576,1,
333,True,32.37,1048576,1,
335,True,30.69,1048576,1,
336,True,30.19,1048576,1,
338,True,26.41,1048576,1,
337,True,29.73,1048576,1,
339,True,25.50,1048576,1,
341,True,24.24,1048576,1,
344,True,22.10,1048576,1,
340,True,28.59,1048576,1,
343,True,25.83,1048576,1,
334,True,66.08,1048576,1,
331,True,73.74,1048576,1,
347,True,25.71,1048576,1,
345,True,30.26,1048576,1,
351,True,20.03,1048576,1,
346,True,31.55,1048576,1,
348,True,29.71,1048576,1,
350,True,26.87,1048576,1,
349,True,32.76,1048576,1,
342,True,63.09,1048576,1,
354,True,29.31,1048576,1,
359,True,22.00,1048576,1,
353,True,33.89,1048576,1,
357,True,28.23,1048576,1,
358,True,28.13,1048576,1,
355,True,35.93,1048576,1,
361,True,24.03,1048576,1,
365,True,19.46,1048576,1,
364,True,22.93,1048576,1,
362,True,26.67,1048576,1,
352,True,75.86,1048576,1,
356,True,72.85,1048576,1,
367,True,21.31,1048576,1,
366,True,24.28,1048576,1,
369,True,21.77,1048576,1,
368,True,25.05,1048576,1,
371,True,30.16,1048576,1,
363,True,73.27,1048576,1,
360,True,79.16,1048576,1,
373,True,28.97,1048576,1,
372,True,32.62,1048576,1,
375,True,28.99,1048576,1,
378,True,27.12,1048576,1,
379,True,27.72,1048576,1,
380,True,27.09,1048576,1,
377,True,33.58,1048576,1,
370,True,69.76,1048576,1,
374,True,64.48,1048576,1,
384,True,26.55,1048576,1,
382,True,31.76,1048576,1,
383,True,31.85,1048576,1,
385,True,31.28,1048576,1,
387,True,29.10,1048576,1,
376,True,73.68,1048576,1,
381,True,68.70,1048576,1,
386,True,41.46,1048576,1,
390,True,39.18,1048576,1,
389,True,43.46,1048576,1,
394,True,31.21,1048576,1,
393,True,35.48,1048576,1,
392,True,40.86,1048576,1,
391,True,45.21,1048576,1,
395,True,35.77,1048576,1,
388,True,55.42,1048576,1,
397,True,39.19,1048576,1,
398,True,40.45,1048576,1,
396,True,45.98,1048576,1,
400,True,40.42,1048576,1,
399,True,43.56,1048576,1,
402,True,40.90,1048576,1,
403,True,42.32,1048576,1,
408,True,33.72,1048576,1,
406,True,38.71,1048576,1,
404,True,44.57,1048576,1,
410,True,33.28,1048576,1,
401,True,81.87,1048576,1,
409,True,40.94,1048576,1,
405,True,49.85,1048576,1,
411,True,36.16,1048576,1,
413,True,34.81,1048576,1,
412,True,38.24,1048576,1,
415,True,34.93,1048576,1,
417,True,31.79,1048576,1,
416,True,34.84,1048576,1,
407,True,82.33,1048576,1,
422,True,24.07,1048576,1,
420,True,29.37,1048576,1,
418,True,34.07,1048576,1,
419,True,33.74,1048576,1,
423,True,30.19,1048576,1,
414,True,71.17,1048576,1,
425,True,29.21,1048576,1,
430,True,22.82,1048576,1,
428,True,27.82,1048576,1,
427,True,30.68,1048576,1,
421,True,65.20,1048576,1,
424,True,72.89,1048576,1,
434,True,23.93,1048576,1,
432,True,28.40,1048576,1,
433,True,28.91,1048576,1,
435,True,24.93,1048576,1,
426,True,68.04,1048576,1,
429,True,64.49,1048576,1,
436,True,22.90,1048576,1,
438,True,31.96,1048576,1,
439,True,31.69,1048576,1,
443,True,20.14,1048576,1,
440,True,32.36,1048576,1,
441,True,28.14,1048576,1,
431,True,70.88,1048576,1,
444,True,23.86,1048576,1,
446,True,22.59,1048576,1,
449,True,18.93,1048576,1,
437,True,74.91,1048576,1,
442,True,63.32,1048576,1,
451,True,17.32,1048576,1,
452,True,17.22,1048576,1,
454,True,18.24,1048576,1,
455,True,18.23,1048576,1,
448,True,66.98,1048576,1,
447,True,69.92,1048576,1,
445,True,74.07,1048576,1,
457,True,15.91,1048576,1,
450,True,65.79,1048576,1,
460,True,19.19,1048576,1,
459,True,22.06,1048576,1,
461,True,20.71,1048576,1,
453,True,57.44,1048576,1,
456,True,63.89,1048576,1,
463,True,25.19,1048576,1,
466,True,20.34,1048576,1,
467,True,20.16,1048576,1,
465,True,24.52,1048576,1,
458,True,59.16,1048576,1,
464,True,28.85,1048576,1,
462,True,60.02,1048576,1,
469,True,26.46,1048576,1,
472,True,23.46,1048576,1,
473,True,23.77,1048576,1,
470,True,29.56,1048576,1,
471,True,29.44,1048576,1,
474,True,28.59,1048576,1,
475,True,24.60,1048576,1,
476,True,30.59,1048576,1,
481,True,23.98,1048576,1,
477,True,33.65,1048576,1,
482,True,16.35,1048576,1,
480,True,31.49,1048576,1,
479,True,34.22,1048576,1,
468,True,74.52,1048576,1,
478,True,38.55,1048576,1,
483,True,34.82,1048576,1,
484,True,33.53,1048576,1,
490,True,27.55,1048576,1,
486,True,33.99,1048576,1,
487,True,34.05,1048576,1,
485,True,39.65,1048576,1,
495,True,22.28,1048576,1,
494,True,24.95,1048576,1,
496,True,21.35,1048576,1,
488,True,69.09,1048576,1,
489,True,69.39,1048576,1,
499,True,15.22,1048576,1,
502,True,15.29,1048576,1,
493,True,65.62,1048576,1,
491,True,70.54,1048576,1,
492,True,70.12,1048576,1,
504,True,21.18,1048576,1,
505,True,22.21,1048576,1,
497,True,65.68,1048576,1,
506,True,23.32,1048576,1,
498,True,68.11,1048576,1,
501,True,57.84,1048576,1,
500,True,61.38,1048576,1,
509,True,34.40,1048576,1,
512,True,28.73,1048576,1,
507,True,42.08,1048576,1,
511,True,36.36,1048576,1,
503,True,74.17,1048576,1,
508,True,45.33,1048576,1,
510,True,44.73,1048576,1,
513,True,37.67,1048576,1,
514,True,37.23,1048576,1,
517,True,34.35,1048576,1,
515,True,40.09,1048576,1,
519,True,33.87,1048576,1,
516,True,40.66,1048576,1,
520,True,36.55,1048576,1,
525,True,29.83,1048576,1,
524,True,33.03,1048576,1,
527,True,28.42,1048576,1,
521,True,70.97,1048576,1,
518,True,79.83,1048576,1,
530,True,32.12,1048576,1,
532,True,23.60,1048576,1,
531,True,29.52,1048576,1,
523,True,75.13,1048576,1,
522,True,79.43,1048576,1,
526,True,74.79,1048576,1,
533,True,29.28,1048576,1,
536,True,25.56,1048576,1,
534,True,30.30,1048576,1,
535,True,29.44,1048576,1,
538,True,25.84,1048576,1,
529,True,74.94,1048576,1,
528,True,82.64,1048576,1,
543,True,25.58,1048576,1,
540,True,32.52,1048576,1,
539,True,36.19,1048576,1,
542,True,33.96,1048576,1,
541,True,37.20,1048576,1,
537,True,67.63,1048576,1,
545,True,30.16,1048576,1,
547,True,35.38,1048576,1,
549,True,35.06,1048576,1,
546,True,42.68,1048576,1,
552,True,29.32,1048576,1,
548,True,41.31,1048576,1,
544,True,68.97,1048576,1,
557,True,23.65,1048576,1,
554,True,31.22,1048576,1,
556,True,30.87,1048576,1,
558,True,29.70,1048576,1,
553,True,40.31,1048576,1,
551,True,68.42,1048576,1,
550,True,74.83,1048576,1,
559,True,34.85,1048576,1,
564,True,26.74,1048576,1,
560,True,36.11,1048576,1,
565,True,28.60,1048576,1,
561,True,37.02,1048576,1,
563,True,35.80,1048576,1,
555,True,73.01,1048576,1,
562,True,39.64,1048576,1,
572,True,26.64,1048576,1,
573,True,27.36,1048576,1,
567,True,37.59,1048576,1,
574,True,19.57,1048576,1,
575,True,19.34,1048576,1,
576,True,18.87,1048576,1,
566,True,71.61,1048576,1,
568,True,71.96,1048576,1,
571,True,69.28,1048576,1,
578,True,20.22,1048576,1,
577,True,22.91,1048576,1,
579,True,21.61,1048576,1,
569,True,78.90,1048576,1,
570,True,80.11,1048576,1,
580,True,36.42,1048576,1,
581,True,33.26,1048576,1,
585,True,29.31,1048576,1,
582,True,34.57,1048576,1,
583,True,34.35,1048576,1,
584,True,34.73,1048576,1,
587,True,29.49,1048576,1,
592,True,25.65,1048576,1,
588,True,32.88,1048576,1,
589,True,32.54,1048576,1,
594,True,27.98,1048576,1,
590,True,34.69,1048576,1,
586,True,64.36,1048576,1,
596,True,25.05,1048576,1,
598,True,23.16,1048576,1,
600,True,20.80,1048576,1,
599,True,24.62,1048576,1,
597,True,30.63,1048576,1,
591,True,72.13,1048576,1,
593,True,71.63,1048576,1,
604,True,23.03,1048576,1,
601,True,30.31,1048576,1,
603,True,29.16,1048576,1,
602,True,32.09,1048576,1,
605,True,29.04,1048576,1,
607,True,20.07,1048576,1,
606,True,23.93,1048576,1,
595,True,71.17,1048576,1,
608,True,38.34,1048576,1,
612,True,32.33,1048576,1,
610,True,37.61,1048576,1,
615,True,27.59,1048576,1,
614,True,30.51,1048576,1,
609,True,45.31,1048576,1,
613,True,36.48,1048576,1,
616,True,39.10,1048576,1,
622,True,29.44,1048576,1,
611,True,75.53,1048576,1,
619,True,38.59,1048576,1,
621,True,35.24,1048576,1,
617,True,44.75,1048576,1,
620,True,41.99,1048576,1,
626,True,29.13,1048576,1,
624,True,34.50,1048576,1,
623,True,38.72,1048576,1,
628,True,32.36,1048576,1,
629,True,32.26,1048576,1,
618,True,79.50,1048576,1,
625,True,41.48,1048576,1,
630,True,36.27,1048576,1,
631,True,35.61,1048576,1,
627,True,69.37,1048576,1,
634,True,34.05,1048576,1,
636,True,32.59,1048576,1,
633,True,38.48,1048576,1,
638,True,26.87,1048576,1,
642,True,22.73,1048576,1,
640,True,27.10,1048576,1,
632,True,72.31,1048576,1,
635,True,69.85,1048576,1,
644,True,21.54,1048576,1,
643,True,25.37,1048576,1,
645,True,23.40,1048576,1,
647,True,15.14,1048576,1,
637,True,76.75,1048576,1,
641,True,71.02,1048576,1,
639,True,75.99,1048576,1,
648,True,28.95,1048576,1,
651,True,25.63,1048576,1,
649,True,31.57,1048576,1,
650,True,31.95,1048576,1,
646,True,67.05,1048576,1,
656,True,30.91,1048576,1,
652,True,43.03,1048576,1,
657,True,34.05,1048576,1,
658,True,34.23,1048576,1,
655,True,42.26,1048576,1,
654,True,46.34,1048576,1,
659,True,22.39,1048576,1,
660,True,35.57,1048576,1,
662,True,35.57,1048576,1,
663,True,35.51,1048576,1,
664,True,35.25,1048576,1,
666,True,31.53,1048576,1,
665,True,37.11,1048576,1,
653,True,89.03,1048576,1,
667,True,36.39,1048576,1,
668,True,32.61,1048576,1,
673,True,24.51,1048576,1,
669,True,34.55,1048576,1,
661,True,75.98,1048576,1,
676,True,27.21,1048576,1,
677,True,27.28,1048576,1,
675,True,33.83,1048576,1,
678,True,30.51,1048576,1,
674,True,40.52,1048576,1,
671,True,71.20,1048576,1,
672,True,71.55,1048576,1,
670,True,78.27,1048576,1,
682,True,36.55,1048576,1,
680,True,43.47,1048576,1,
683,True,38.42,1048576,1,
679,True,50.43,1048576,1,
684,True,38.06,1048576,1,
689,True,24.91,1048576,1,
690,True,24.87,1048576,1,
681,True,76.05,1048576,1,
685,True,69.88,1048576,1,
686,True,68.24,1048576,1,
693,True,19.15,1048576,1,
694,True,22.02,1048576,1,
695,True,20.55,1048576,1,
696,True,21.04,1048576,1,
697,True,17.95,1048576,1,
688,True,70.61,1048576,1,
691,True,67.04,1048576,1,
687,True,79.42,1048576,1,
692,True,69.60,1048576,1,
698,True,42.62,1048576,1,
703,True,27.75,1048576,1,
699,True,42.71,1048576,1,
701,True,38.32,1048576,1,
705,True,27.39,1048576,1,
706,True,26.64,1048576,1,
707,True,26.47,1048576,1,
709,True,24.67,1048576,1,
708,True,28.19,1048576,1,
700,True,74.05,1048576,1,
702,True,71.57,1048576,1,
704,True,68.96,1048576,1,
710,True,37.11,1048576,1,
714,True,31.90,1048576,1,
715,True,27.48,1048576,1,
711,True,40.55,1048576,1,
712,True,40.15,1048576,1,
717,True,24.26,1048576,1,
716,True,30.27,1048576,1,
724,True,27.17,1048576,1,
719,True,37.48,1048576,1,
718,True,41.61,1048576,1,
713,True,75.37,1048576,1,
720,True,40.79,1048576,1,
723,True,38.16,1048576,1,
721,True,42.67,1048576,1,
725,True,34.28,1048576,1,
727,True,31.70,1048576,1,
726,True,39.04,1048576,1,
729,True,35.45,1048576,1,
731,True,33.68,1048576,1,
728,True,40.05,1048576,1,
730,True,38.58,1048576,1,
722,True,80.99,1048576,1,
733,True,39.10,1048576,1,
737,True,31.40,1048576,1,
736,True,34.49,1048576,1,
739,True,30.79,1048576,1,
738,True,36.36,1048576,1,
734,True,44.52,1048576,1,
740,True,32.54,1048576,1,
745,True,24.17,1048576,1,
743,True,30.61,1048576,1,
735,True,71.78,1048576,1,
732,True,83.44,1048576,1,
748,True,21.31,1048576,1,
749,True,20.52,1048576,1,
750,True,18.86,1048576,1,
746,True,29.92,1048576,1,
742,True,65.67,1048576,1,
744,True,64.55,1048576,1,
741,True,74.09,1048576,1,
752,True,33.35,1048576,1,
755,True,25.70,1048576,1,
754,True,34.61,1048576,1,
757,True,24.07,1048576,1,
756,True,30.70,1048576,1,
747,True,71.07,1048576,1,
763,True,20.30,1048576,1,
762,True,24.06,1048576,1,
761,True,29.57,1048576,1,
760,True,32.93,1048576,1,
753,True,75.14,1048576,1,
751,True,79.98,1048576,1,
764,True,28.98,1048576,1,
767,True,25.37,1048576,1,
766,True,28.50,1048576,1,
769,True,22.26,1048576,1,
768,True,25.43,1048576,1,
758,True,73.58,1048576,1,
759,True,72.81,1048576,1,
772,True,26.20,1048576,1,
774,True,24.89,1048576,1,
771,True,30.40,1048576,1,
775,True,22.79,1048576,1,
765,True,70.34,1048576,1,
779,True,17.09,1048576,1,
780,True,26.79,1048576,1,
777,True,34.11,1048576,1,
782,True,15.83,1048576,1,
773,True,66.17,1048576,1,
770,True,75.11,1048576,1,
776,True,64.67,1048576,1,
783,True,21.35,1048576,1,
786,True,25.08,1048576,1,
787,True,22.42,1048576,1,
785,True,31.85,1048576,1,
778,True,69.64,1048576,1,
789,True,17.06,1048576,1,
781,True,61.17,1048576,1,
788,True,28.37,1048576,1,
790,True,31.31,1048576,1,
794,True,29.16,1048576,1,
795,True,29.50,1048576,1,
791,True,37.56,1048576,1,
792,True,37.45,1048576,1,
784,True,75.38,1048576,1,
799,True,23.08,1048576,1,
798,True,27.03,1048576,1,
802,True,22.25,1048576,1,
793,True,63.02,1048576,1,
796,True,68.76,1048576,1,
803,True,19.32,1048576,1,
804,True,18.58,1048576,1,
806,True,28.26,1048576,1,
807,True,19.20,1048576,1,
808,True,19.06,1048576,1,
809,True,20.31,1048576,1,
797,True,71.67,1048576,1,
800,True,69.24,1048576,1,
801,True,69.37,1048576,1,
805,True,63.88,1048576,1,
810,True,34.53,1048576,1,
812,True,31.43,1048576,1,
811,True,35.96,1048576,1,
816,True,25.88,1048576,1,
814,True,30.91,1048576,1,
813,True,34.85,1048576,1,
815,True,32.85,1048576,1,
823,True,25.01,1048576,1,
820,True,31.66,1048576,1,
819,True,34.43,1048576,1,
822,True,31.15,1048576,1,
818,True,38.91,1048576,1,
821,True,34.84,1048576,1,
824,True,31.83,1048576,1,
825,True,30.94,1048576,1,
827,True,29.32,1048576,1,
826,True,32.23,1048576,1,
831,True,25.91,1048576,1,
817,True,73.58,1048576,1,
834,True,21.29,1048576,1,
833,True,24.72,1048576,1,
835,True,22.80,1048576,1,
832,True,29.29,1048576,1,
829,True,72.41,1048576,1,
838,True,21.27,1048576,1,
840,True,20.08,1048576,1,
839,True,23.05,1048576,1,
830,True,76.85,1048576,1,
828,True,81.35,1048576,1,
836,True,61.14,1048576,1,
843,True,26.87,1048576,1,
845,True,26.09,1048576,1,
846,True,25.55,1048576,1,
841,True,34.73,1048576,1,
842,True,37.51,1048576,1,
847,True,18.68,1048576,1,
837,True,64.70,1048576,1,
848,True,31.04,1048576,1,
850,True,29.94,1048576,1,
854,True,22.56,1048576,1,
851,True,32.23,1048576,1,
852,True,29.35,1048576,1,
849,True,39.64,1048576,1,
844,True,69.69,1048576,1,
858,True,28.04,1048576,1,
857,True,31.78,1048576,1,
861,True,24.72,1048576,1,
860,True,28.10,1048576,1,
859,True,32.53,1048576,1,
853,True,63.14,1048576,1,
862,True,27.83,1048576,1,
866,True,23.54,1048576,1,
863,True,28.95,1048576,1,
855,True,73.67,1048576,1,
856,True,73.81,1048576,1,
870,True,17.91,1048576,1,
869,True,22.02,1048576,1,
871,True,20.83,1048576,1,
872,True,20.67,1048576,1,
873,True,21.23,1048576,1,
864,True,70.09,1048576,1,
874,True,22.33,1048576,1,
867,True,68.41,1048576,1,
865,True,73.91,1048576,1,
875,True,20.48,1048576,1,
876,True,19.92,1048576,1,
868,True,62.14,1048576,1,
881,True,28.29,1048576,1,
878,True,34.73,1048576,1,
877,True,37.66,1048576,1,
883,True,27.38,1048576,1,
882,True,29.88,1048576,1,
880,True,37.17,1048576,1,
879,True,40.82,1048576,1,
885,True,29.35,1048576,1,
886,True,29.76,1048576,1,
888,True,28.24,1048576,1,
890,True,27.82,1048576,1,
889,True,31.35,1048576,1,
884,True,58.31,1048576,1,
894,True,24.53,1048576,1,
892,True,29.25,1048576,1,
896,True,23.32,1048576,1,
897,True,19.72,1048576,1,
895,True,28.34,1048576,1,
887,True,75.72,1048576,1,
891,True,70.78,1048576,1,
898,True,23.14,1048576,1,
902,True,18.44,1048576,1,
893,True,68.16,1048576,1,
903,True,25.32,1048576,1,
906,True,22.88,1048576,1,
904,True,26.68,1048576,1,
905,True,26.72,1048576,1,
900,True,63.57,1048576,1,
899,True,66.73,1048576,1,
901,True,65.17,1048576,1,
909,True,22.43,1048576,1,
908,True,25.02,1048576,1,
913,True,21.33,1048576,1,
912,True,24.44,1048576,1,
915,True,21.66,1048576,1,
918,True,19.22,1048576,1,
911,True,61.78,1048576,1,
907,True,71.87,1048576,1,
910,True,65.69,1048576,1,
919,True,23.08,1048576,1,
917,True,27.54,1048576,1,
916,True,64.18,1048576,1,
914,True,68.11,1048576,1,
923,True,23.60,1048576,1,
925,True,22.06,1048576,1,
924,True,25.74,1048576,1,
920,True,32.05,1048576,1,
921,True,32.88,1048576,1,
931,True,24.44,1048576,1,
927,True,31.83,1048576,1,
928,True,31.80,1048576,1,
929,True,32.13,1048576,1,
922,True,61.94,1048576,1,
935,True,21.35,1048576,1,
937,True,18.16,1048576,1,
933,True,27.03,1048576,1,
936,True,23.89,1048576,1,
926,True,71.03,1048576,1,
930,True,68.33,1048576,1,
932,True,66.48,1048576,1,
939,True,20.95,1048576,1,
938,True,24.04,1048576,1,
941,True,22.02,1048576,1,
942,True,26.16,1048576,1,
934,True,70.04,1048576,1,
946,True,23.41,1048576,1,
944,True,30.19,1048576,1,
943,True,33.12,1048576,1,
947,True,26.20,1048576,1,
940,True,64.66,1048576,1,
950,True,21.85,1048576,1,
949,True,32.56,1048576,1,
953,True,28.57,1048576,1,
948,True,49.09,1048576,1,
954,True,24.15,1048576,1,
955,True,22.33,1048576,1,
945,True,71.58,1048576,1,
952,True,44.85,1048576,1,
956,True,19.18,1048576,1,
957,True,18.08,1048576,1,
951,True,68.43,1048576,1,
961,True,28.42,1048576,1,
959,True,32.74,1048576,1,
964,True,25.38,1048576,1,
958,True,36.47,1048576,1,
963,True,28.78,1048576,1,
962,True,33.17,1048576,1,
960,True,38.14,1048576,1,
967,True,33.18,1048576,1,
970,True,31.74,1048576,1,
971,True,32.49,1048576,1,
972,True,32.47,1048576,1,
966,True,42.97,1048576,1,
969,True,40.73,1048576,1,
973,True,31.26,1048576,1,
977,True,25.17,1048576,1,
975,True,30.79,1048576,1,
974,True,34.03,1048576,1,
968,True,70.38,1048576,1,
965,True,80.76,1048576,1,
980,True,33.97,1048576,1,
981,True,34.39,1048576,1,
983,True,33.39,1048576,1,
979,True,40.99,1048576,1,
982,True,38.84,1048576,1,
984,True,36.12,1048576,1,
976,True,72.33,1048576,1,
978,True,72.19,1048576,1,
986,True,37.74,1048576,1,
988,True,36.41,1048576,1,
991,True,32.63,1048576,1,
993,True,23.16,1048576,1,
995,True,21.63,1048576,1,
994,True,25.26,1048576,1,
992,True,60.01,1048576,1,
985,True,85.33,1048576,1,
987,True,84.85,1048576,1,
989,True,82.68,1048576,1,
990,True,82.95,1048576,1,
996,True,30.67,1048576,1,
997,True,30.94,1048576,1,
999,True,23.58,1048576,1,
998,True,32.30,1048576,1,
1004,True,31.91,1048576,1,
1003,True,37.04,1048576,1,
1005,True,33.78,1048576,1,
1006,True,34.35,1048576,1,
1000,True,48.62,1048576,1,
1011,True,36.84,1048576,1,
1001,True,84.06,1048576,1,
1002,True,83.54,1048576,1,
1012,True,40.02,1048576,1,
1009,True,47.39,1048576,1,
1007,True,80.13,1048576,1,
1008,True,82.83,1048576,1,
1017,True,34.89,1048576,1,
1016,True,38.94,1048576,1,
1018,True,35.69,1048576,1,
1014,True,46.05,1048576,1,
1010,True,89.65,1048576,1,
1022,True,34.60,1048576,1,
1019,True,42.94,1048576,1,
1015,True,81.52,1048576,1,
1024,True,36.24,1048576,1,
1013,True,89.69,1048576,1,
1021,True,46.86,1048576,1,
1023,True,45.23,1048576,1,
1028,True,39.90,1048576,1,
1020,True,88.44,1048576,1,
1031,True,37.94,1048576,1,
1030,True,42.19,1048576,1,
1027,True,51.64,1048576,1,
1035,True,26.00,1048576,1,
1032,True,33.96,1048576,1,
1033,True,33.11,1048576,1,
1034,True,32.77,1048576,1,
1026,True,83.87,1048576,1,
1025,True,87.46,1048576,1,
1029,True,81.19,1048576,1,
1037,True,32.54,1048576,1,
1040,True,28.89,1048576,1,
1041,True,29.39,1048576,1,
1036,True,61.71,1048576,1,
1044,True,23.11,1048576,1,
1046,True,20.94,1048576,1,
1038,True,75.00,1048576,1,
1049,True,20.16,1048576,1,
1048,True,22.89,1048576,1,
1042,True,72.94,1048576,1,
1039,True,78.89,1048576,1,
1043,True,74.28,1048576,1,
1045,True,69.08,1048576,1,
1047,True,66.98,1048576,1,
1051,True,27.76,1048576,1,
1052,True,27.82,1048576,1,
1053,True,27.48,1048576,1,
1050,True,33.42,1048576,1,
1055,True,27.05,1048576,1,
1060,True,23.99,1048576,1,
1056,True,31.16,1048576,1,
1059,True,28.43,1048576,1,
1057,True,32.42,1048576,1,
1054,True,59.90,1048576,1,
1065,True,22.29,1048576,1,
1067,True,17.59,1048576,1,
1058,True,65.85,1048576,1,
1062,True,63.93,1048576,1,
1061,True,67.12,1048576,1,
1068,True,19.42,1048576,1,
1069,True,19.69,1048576,1,
1070,True,25.68,1048576,1,
1072,True,21.68,1048576,1,
1064,True,65.94,1048576,1,
1066,True,64.63,1048576,1,
1074,True,22.79,1048576,1,
1063,True,72.33,1048576,1,
1075,True,27.47,1048576,1,
1080,True,21.42,1048576,1,
1079,True,25.56,1048576,1,
1078,True,28.41,1048576,1,
1077,True,31.04,1048576,1,
1073,True,59.50,1048576,1,
1071,True,65.77,1048576,1,
1082,True,30.20,1048576,1,
1084,True,28.06,1048576,1,
1086,True,21.52,1048576,1,
1083,True,32.22,1048576,1,
1087,True,21.30,1048576,1,
1085,True,32.07,1048576,1,
1076,True,68.43,1048576,1,
1091,True,28.75,1048576,1,
1089,True,33.90,1048576,1,
1088,True,36.92,1048576,1,
1092,True,32.88,1048576,1,
1093,True,33.62,1048576,1,
1094,True,32.44,1048576,1,
1081,True,78.09,1048576,1,
1090,True,44.63,1048576,1,
1095,True,42.24,1048576,1,
1100,True,35.01,1048576,1,
1097,True,42.53,1048576,1,
1096,True,45.38,1048576,1,
1099,True,41.68,1048576,1,
1101,True,40.28,1048576,1,
1102,True,41.15,1048576,1,
1098,True,83.97,1048576,1,
1107,True,42.57,1048576,1,
1109,True,38.48,1048576,1,
1103,True,53.12,1048576,1,
1104,True,52.26,1048576,1,
1108,True,45.60,1048576,1,
1105,True,55.10,1048576,1,
1106,True,56.34,1048576,1,
1110,True,35.86,1048576,1,
1115,True,31.45,1048576,1,
1114,True,35.11,1048576,1,
1111,True,40.73,1048576,1,
1117,True,30.29,1048576,1,
1118,True,27.10,1048576,1,
1120,True,21.72,1048576,1,
1119,True,24.68,1048576,1,
1122,True,22.15,1048576,1,
1113,True,76.58,1048576,1,
1116,True,73.91,1048576,1,
1112,True,83.53,1048576,1,
1124,True,24.89,1048576,1,
1123,True,27.86,1048576,1,
1125,True,27.97,1048576,1,
1121,True,68.61,1048576,1,
1127,True,31.15,1048576,1,
1128,True,30.51,1048576,1,
1129,True,30.12,1048576,1,
1130,True,30.00,1048576,1,
1126,True,63.50,1048576,1,
1134,True,26.31,1048576,1,
1133,True,29.94,1048576,1,
1136,True,25.13,1048576,1,
1135,True,27.98,1048576,1,
1138,True,15.64,1048576,1,
1132,True,63.83,1048576,1,
1131,True,70.88,1048576,1,
1141,True,25.10,1048576,1,
1143,True,23.78,1048576,1,
1144,True,19.81,1048576,1,
1145,True,24.23,1048576,1,
1146,True,18.89,1048576,1,
1137,True,70.89,1048576,1,
1147,True,20.48,1048576,1,
1140,True,70.38,1048576,1,
1149,True,28.63,1048576,1,
1151,True,26.14,1048576,1,
1142,True,73.57,1048576,1,
1139,True,79.83,1048576,1,
1155,True,22.49,1048576,1,
1156,True,22.97,1048576,1,
1148,True,64.54,1048576,1,
1154,True,28.47,1048576,1,
1150,True,65.76,1048576,1,
1152,True,64.49,1048576,1,
1159,True,21.61,1048576,1,
1161,True,21.24,1048576,1,
1158,True,27.44,1048576,1,
1162,True,18.23,1048576,1,
1163,True,20.76,1048576,1,
1153,True,70.81,1048576,1,
1157,True,65.21,1048576,1,
1164,True,28.84,1048576,1,
1167,True,21.82,1048576,1,
1166,True,29.81,1048576,1,
1165,True,33.38,1048576,1,
1168,True,24.59,1048576,1,
1160,True,62.26,1048576,1,
1170,True,21.35,1048576,1,
1169,True,25.99,1048576,1,
1173,True,32.98,1048576,1,
1172,True,37.02,1048576,1,
1171,True,40.84,1048576,1,
1174,True,35.73,1048576,1,
1176,True,31.59,1048576,1,
1179,True,28.28,1048576,1,
1180,True,28.25,1048576,1,
1181,True,29.69,1048576,1,
1183,True,29.67,1048576,1,
1177,True,67.49,1048576,1,
1175,True,76.39,1048576,1,
1178,True,72.08,1048576,1,
1184,True,42.70,1048576,1,
1187,True,37.36,1048576,1,
1185,True,44.68,1048576,1,
1189,True,28.77,1048576,1,
1190,True,27.51,1048576,1,
1188,True,36.81,1048576,1,
1182,True,77.59,1048576,1,
1195,True,27.54,1048576,1,
1192,True,34.35,1048576,1,
1194,True,32.62,1048576,1,
1191,True,39.19,1048576,1,
1197,True,30.59,1048576,1,
1186,True,81.16,1048576,1,
1199,True,30.51,1048576,1,
1203,True,27.27,1048576,1,
1201,True,32.67,1048576,1,
1193,True,76.24,1048576,1,
1202,True,41.96,1048576,1,
1196,True,77.37,1048576,1,
1204,True,36.49,1048576,1,
1207,True,26.73,1048576,1,
1200,True,71.11,1048576,1,
1206,True,37.88,1048576,1,
1208,True,28.21,1048576,1,
1198,True,79.97,1048576,1,
1209,True,30.11,1048576,1,
1205,True,50.54,1048576,1,
1210,True,39.01,1048576,1,
1215,True,34.93,1048576,1,
1217,True,29.59,1048576,1,
1216,True,36.23,1048576,1,
1212,True,44.66,1048576,1,
1211,True,48.62,1048576,1,
1218,True,34.87,1048576,1,
1220,True,29.92,1048576,1,
1221,True,31.16,1048576,1,
1214,True,73.74,1048576,1,
1223,True,30.98,1048576,1,
1219,True,38.57,1048576,1,
1213,True,79.51,1048576,1,
1222,True,37.83,1048576,1,
1224,True,38.76,1048576,1,
1228,True,33.14,1048576,1,
1230,True,31.62,1048576,1,
1225,True,40.96,1048576,1,
1227,True,39.73,1048576,1,
1231,True,34.42,1048576,1,
1226,True,43.68,1048576,1,
1233,True,30.01,1048576,1,
1236,True,29.10,1048576,1,
1238,True,28.75,1048576,1,
1235,True,35.34,1048576,1,
1229,True,72.38,1048576,1,
1240,True,25.64,1048576,1,
1243,True,21.63,1048576,1,
1242,True,25.66,1048576,1,
1239,True,36.11,1048576,1,
1232,True,71.15,1048576,1,
1237,True,66.46,1048576,1,
1234,True,73.36,1048576,1,
1244,True,33.22,1048576,1,
1248,True,26.63,1048576,1,
1246,True,32.98,1048576,1,
1245,True,37.21,1048576,1,
1241,True,66.14,1048576,1,
1253,True,24.68,1048576,1,
1251,True,29.53,1048576,1,
1254,True,25.70,1048576,1,
1250,True,68.19,1048576,1,
1249,True,72.50,1048576,1,
1247,True,79.66,1048576,1,
1256,True,23.84,1048576,1,
1257,True,23.44,1048576,1,
1255,True,62.01,1048576,1,
1252,True,70.40,1048576,1,
1261,True,21.46,1048576,1,
1259,True,26.12,1048576,1,
1266,True,19.41,1048576,1,
1264,True,23.85,1048576,1,
1267,True,21.11,1048576,1,
1265,True,24.99,1048576,1,
1258,True,67.62,1048576,1,
1262,True,62.55,1048576,1,
1260,True,66.43,1048576,1,
1263,True,64.29,1048576,1,
1270,True,23.47,1048576,1,
1268,True,27.78,1048576,1,
1269,True,28.57,1048576,1,
1273,True,29.17,1048576,1,
1275,True,27.73,1048576,1,
1277,True,26.02,1048576,1,
1274,True,32.09,1048576,1,
1278,True,26.62,1048576,1,
1272,True,62.59,1048576,1,
1271,True,66.72,1048576,1,
1283,True,24.97,1048576,1,
1279,True,32.46,1048576,1,
1281,True,31.06,1048576,1,
1284,True,19.83,1048576,1,
1285,True,19.75,1048576,1,
1276,True,68.06,1048576,1,
1287,True,23.25,1048576,1,
1288,True,23.15,1048576,1,
1286,True,27.95,1048576,1,
1291,True,17.25,1048576,1,
1289,True,25.04,1048576,1,
1280,True,65.33,1048576,1,
1282,True,64.74,1048576,1,
1292,True,30.52,1048576,1,
1296,True,24.96,1048576,1,
1294,True,29.91,1048576,1,
1293,True,33.02,1048576,1,
1295,True,31.49,1048576,1,
1290,True,57.48,1048576,1,
1299,True,28.69,1048576,1,
1301,True,27.50,1048576,1,
1300,True,30.10,1048576,1,
1303,True,27.32,1048576,1,
1302,True,30.23,1048576,1,
1298,True,70.95,1048576,1,
1297,True,74.79,1048576,1,
1307,True,23.76,1048576,1,
1306,True,26.46,1048576,1,
1305,True,30.08,1048576,1,
1309,True,25.60,1048576,1,
1304,True,68.96,1048576,1,
1313,True,24.60,1048576,1,
1310,True,30.71,1048576,1,
1311,True,30.45,1048576,1,
1314,True,26.66,1048576,1,
1308,True,64.00,1048576,1,
1319,True,16.69,1048576,1,
1321,True,14.80,1048576,1,
1322,True,13.30,1048576,1,
1312,True,66.34,1048576,1,
1315,True,63.39,1048576,1,
1323,True,17.28,1048576,1,
1324,True,15.53,1048576,1,
1325,True,15.69,1048576,1,
1316,True,70.35,1048576,1,
1317,True,68.61,1048576,1,
1318,True,68.75,1048576,1,
1328,True,21.75,1048576,1,
1329,True,17.54,1048576,1,
1320,True,72.27,1048576,1,
1327,True,29.16,1048576,1,
1331,True,27.42,1048576,1,
1334,True,23.06,1048576,1,
1330,True,32.69,1048576,1,
1332,True,30.74,1048576,1,
1326,True,61.46,1048576,1,
1339,True,20.44,1048576,1,
1340,True,20.62,1048576,1,
1342,True,18.51,1048576,1,
1343,True,18.83,1048576,1,
1333,True,71.17,1048576,1,
1335,True,68.05,1048576,1,
1336,True,67.91,1048576,1,
1338,True,67.19,1048576,1,
1337,True,71.16,1048576,1,
1347,True,24.51,1048576,1,
1344,True,31.33,1048576,1,
1348,True,27.44,1048576,1,
1345,True,32.83,1048576,1,
1341,True,74.30,1048576,1,
1352,True,32.71,1048576,1,
1349,True,40.26,1048576,1,
1350,True,40.03,1048576,1,
1351,True,39.95,1048576,1,
1346,True,67.94,1048576,1,
1355,True,34.43,1048576,1,
1354,True,39.85,1048576,1,
1353,True,43.59,1048576,1,
1356,True,41.38,1048576,1,
1357,True,41.81,1048576,1,
1360,True,39.46,1048576,1,
1362,True,36.83,1048576,1,
1361,True,40.78,1048576,1,
1358,True,47.35,1048576,1,
1359,True,47.52,1048576,1,
1364,True,33.70,1048576,1,
1365,True,35.43,1048576,1,
1368,True,33.15,1048576,1,
1369,True,33.15,1048576,1,
1370,True,32.78,1048576,1,
1366,True,41.18,1048576,1,
1363,True,76.33,1048576,1,
1367,True,43.39,1048576,1,
1376,True,30.83,1048576,1,
1375,True,34.31,1048576,1,
1372,True,41.96,1048576,1,
1377,True,34.47,1048576,1,
1371,True,48.60,1048576,1,
1378,True,36.24,1048576,1,
1379,True,29.42,1048576,1,
1383,True,27.98,1048576,1,
1382,True,30.84,1048576,1,
1384,True,27.92,1048576,1,
1374,True,73.76,1048576,1,
1373,True,77.69,1048576,1,
1385,True,29.07,1048576,1,
1387,True,24.13,1048576,1,
1390,True,19.97,1048576,1,
1386,True,28.03,1048576,1,
1380,True,73.00,1048576,1,
1381,True,75.26,1048576,1,
1392,True,19.08,1048576,1,
1394,True,17.75,1048576,1,
1396,True,19.27,1048576,1,
1398,True,18.03,1048576,1,
1389,True,61.79,1048576,1,
1388,True,64.76,1048576,1,
1402,True,17.20,1048576,1,
1393,True,59.57,1048576,1,
1391,True,65.33,1048576,1,
1403,True,17.49,1048576,1,
1404,True,17.69,1048576,1,
1395,True,66.00,1048576,1,
1405,True,17.03,1048576,1,
1397,True,63.55,1048576,1,
1399,True,63.06,1048576,1,
1409,True,20.63,1048576,1,
1400,True,64.90,1048576,1,
1408,True,24.58,1048576,1,
1401,True,65.86,1048576,1,
1412,True,22.27,1048576,1,
1415,True,19.68,1048576,1,
1414,True,22.14,1048576,1,
1407,True,62.01,1048576,1,
1418,True,18.57,1048576,1,
1417,True,21.33,1048576,1,
1410,True,66.13,1048576,1,
1416,True,25.08,1048576,1,
1406,True,76.21,1048576,1,
1411,True,66.05,1048576,1,
1419,True,30.59,1048576,1,
1421,True,24.98,1048576,1,
1423,True,23.67,1048576,1,
1420,True,28.66,1048576,1,
1413,True,72.94,1048576,1,
1424,True,24.46,1048576,1,
1430,True,22.43,1048576,1,
1425,True,33.63,1048576,1,
1427,True,29.02,1048576,1,
1431,True,26.37,1048576,1,
1429,True,30.36,1048576,1,
1428,True,34.41,1048576,1,
1426,True,39.52,1048576,1,
1422,True,63.68,1048576,1,
1432,True,32.96,1048576,1,
1436,True,27.56,1048576,1,
1438,True,23.82,1048576,1,
1437,True,27.76,1048576,1,
1439,True,25.87,1048576,1,
1434,True,38.46,1048576,1,
1441,True,26.58,1048576,1,
1442,True,26.40,1048576,1,
1445,True,21.92,1048576,1,
1443,True,27.43,1048576,1,
1433,True,76.44,1048576,1,
1435,True,74.38,1048576,1,
1447,True,20.15,1048576,1,
1446,True,23.61,1048576,1,
1449,True,20.87,1048576,1,
1448,True,25.33,1048576,1,
1451,True,26.76,1048576,1,
1450,True,30.13,1048576,1,
1440,True,76.32,1048576,1,
1444,True,72.49,1048576,1,
1453,True,28.99,1048576,1,
1455,True,25.99,1048576,1,
1454,True,29.96,1048576,1,
1456,True,29.35,1048576,1,
1460,True,22.49,1048576,1,
1458,True,29.47,1048576,1,
1462,True,22.47,1048576,1,
1461,True,26.69,1048576,1,
1452,True,61.88,1048576,1,
1463,True,27.14,1048576,1,
1466,True,24.42,1048576,1,
1467,True,22.92,1048576,1,
1468,True,22.18,1048576,1,
1464,True,31.01,1048576,1,
1457,True,71.66,1048576,1,
1459,True,71.34,1048576,1,
1471,True,22.15,1048576,1,
1470,True,25.07,1048576,1,
1472,True,23.72,1048576,1,
1473,True,24.17,1048576,1,
1474,True,14.90,1048576,1,
1465,True,61.71,1048576,1,
1475,True,22.86,1048576,1,
1476,True,23.37,1048576,1,
1480,True,23.52,1048576,1,
1477,True,31.44,1048576,1,
1479,True,29.99,1048576,1,
1481,True,24.28,1048576,1,
1469,True,63.69,1048576,1,
1482,True,22.34,1048576,1,
1483,True,17.05,1048576,1,
1484,True,30.04,1048576,1,
1485,True,28.01,1048576,1,
1486,True,27.78,1048576,1,
1490,True,22.57,1048576,1,
1478,True,70.50,1048576,1,
1493,True,20.33,1048576,1,
1492,True,22.98,1048576,1,
1494,True,21.60,1048576,1,
1491,True,27.03,1048576,1,
1495,True,15.37,1048576,1,
1488,True,70.37,1048576,1,
1497,True,24.94,1048576,1,
1487,True,75.21,1048576,1,
1498,True,26.38,1048576,1,
1489,True,74.38,1048576,1,
1500,True,25.70,1048576,1,
1499,True,28.56,1048576,1,
1496,True,36.88,1048576,1,
1506,True,31.17,1048576,1,
1508,True,26.96,1048576,1,
1503,True,37.64,1048576,1,
1507,True,34.29,1048576,1,
1502,True,41.91,1048576,1,
1504,True,41.50,1048576,1,
1505,True,42.45,1048576,1,
1512,True,30.87,1048576,1,
1511,True,35.72,1048576,1,
1509,True,40.25,1048576,1,
1514,True,34.44,1048576,1,
1501,True,82.73,1048576,1,
1513,True,40.21,1048576,1,
1510,True,47.27,1048576,1,
1519,True,34.80,1048576,1,
1516,True,44.70,1048576,1,
1515,True,72.13,1048576,1,
1518,True,42.80,1048576,1,
1521,True,39.41,1048576,1,
1520,True,47.40,1048576,1,
1524,True,30.30,1048576,1,
1527,True,27.89,1048576,1,
1526,True,31.75,1048576,1,
1525,True,35.06,1048576,1,
1517,True,80.52,1048576,1,
1528,True,27.95,1048576,1,
1522,True,74.45,1048576,1,
1533,True,36.36,1048576,1,
1523,True,78.91,1048576,1,
1531,True,42.60,1048576,1,
1535,True,37.70,1048576,1,
1534,True,42.98,1048576,1,
1532,True,49.35,1048576,1,
1529,True,74.45,1048576,1,
1537,True,30.82,1048576,1,
1536,True,34.49,1048576,1,
1541,True,24.50,1048576,1,
1538,True,35.93,1048576,1,
1539,True,34.99,1048576,1,
1530,True,83.94,1048576,1,
1543,True,36.30,1048576,1,
1542,True,41.16,1048576,1,
1546,True,34.18,1048576,1,
1548,True,32.63,1048576,1,
1540,True,69.10,1048576,1,
1544,True,44.12,1048576,1,
1547,True,39.96,1048576,1,
1554,True,30.23,1048576,1,
1551,True,37.07,1048576,1,
1545,True,76.86,1048576,1,
1555,True,34.68,1048576,1,
1550,True,46.41,1048576,1,
1553,True,42.86,1048576,1,
1552,True,46.34,1048576,1,
1558,True,33.08,1048576,1,
1556,True,38.29,1048576,1,
1559,True,33.33,1048576,1,
1549,True,81.32,1048576,1,
1557,True,40.57,1048576,1,
1561,True,32.24,1048576,1,
1563,True,27.35,1048576,1,
1565,True,25.93,1048576,1,
1566,True,26.04,1048576,1,
1567,True,26.46,1048576,1,
1564,True,31.85,1048576,1,
1560,True,73.41,1048576,1,
1562,True,71.51,1048576,1,
1571,True,19.37,1048576,1,
1575,True,14.44,1048576,1,
1568,True,63.25,1048576,1,
1577,True,12.90,1048576,1,
1578,True,13.18,1048576,1,
1572,True,59.77,1048576,1,
1570,True,64.16,1048576,1,
1579,True,18.50,1048576,1,
1573,True,62.38,1048576,1,
1569,True,69.71,1048576,1,
1580,True,18.90,1048576,1,
1576,True,56.42,1048576,1,
1574,True,63.35,1048576,1,
1582,True,32.06,1048576,1,
1586,True,23.85,1048576,1,
1585,True,30.39,1048576,1,
1583,True,36.37,1048576,1,
1588,True,23.45,1048576,1,
1589,True,24.93,1048576,1,
1593,True,19.02,1048576,1,
1590,True,26.28,1048576,1,
1591,True,26.27,1048576,1,
1581,True,72.87,1048576,1,
1584,True,70.18,1048576,1,
1587,True,62.58,1048576,1,
1597,True,16.46,1048576,1,
1598,True,21.13,1048576,1,
1599,True,20.99,1048576,1,
1600,True,18.70,1048576,1,
1601,True,18.23,1048576,1,
1592,True,68.92,1048576,1,
1603,True,23.12,1048576,1,
1604,True,23.58,1048576,1,
1602,True,27.69,1048576,1,
1605,True,25.37,1048576,1,
1595,True,68.71,1048576,1,
1596,True,69.46,1048576,1,
1594,True,74.07,1048576,1,
1606,True,25.68,1048576,1,
1610,True,35.11,1048576,1,
1607,True,42.45,1048576,1,
1614,True,29.06,1048576,1,
1613,True,32.61,1048576,1,
1609,True,45.27,1048576,1,
1608,True,48.88,1048576,1,
1611,True,42.46,1048576,1,
1616,True,40.10,1048576,1,
1615,True,43.74,1048576,1,
1612,True,74.68,1048576,1,
1619,True,39.00,1048576,1,
1618,True,43.06,1048576,1,
1617,True,46.04,1048576,1,
1626,True,25.64,1048576,1,
1625,True,29.08,1048576,1,
1627,True,27.21,1048576,1,
1621,True,67.40,1048576,1,
1623,True,36.62,1048576,1,
1620,True,73.51,1048576,1,
1630,True,26.84,1048576,1,
1628,True,31.58,1048576,1,
1631,True,29.05,1048576,1,
1632,True,28.73,1048576,1,
1633,True,28.29,1048576,1,
1624,True,67.50,1048576,1,
1622,True,72.74,1048576,1,
1635,True,32.77,1048576,1,
1634,True,36.38,1048576,1,
1638,True,31.05,1048576,1,
1639,True,31.35,1048576,1,
1636,True,38.11,1048576,1,
1629,True,73.61,1048576,1,
1637,True,40.93,1048576,1,
1641,True,34.28,1048576,1,
1645,True,29.15,1048576,1,
1647,True,26.68,1048576,1,
1646,True,29.63,1048576,1,
1643,True,37.47,1048576,1,
1640,True,67.82,1048576,1,
1642,True,42.60,1048576,1,
1653,True,27.86,1048576,1,
1654,True,28.03,1048576,1,
1650,True,35.51,1048576,1,
1649,True,39.02,1048576,1,
1651,True,36.93,1048576,1,
1652,True,36.86,1048576,1,
1644,True,75.44,1048576,1,
1661,True,26.49,1048576,1,
1660,True,32.16,1048576,1,
1658,True,36.82,1048576,1,
1648,True,79.57,1048576,1,
1656,True,42.12,1048576,1,
1655,True,45.26,1048576,1,
1657,True,43.60,1048576,1,
1664,True,33.04,1048576,1,
1665,True,34.11,1048576,1,
1663,True,39.08,1048576,1,
1662,True,44.47,1048576,1,
1667,True,36.12,1048576,1,
1666,True,38.73,1048576,1,
1668,True,37.92,1048576,1,
1659,True,80.84,1048576,1,
1671,True,36.97,1048576,1,
1673,True,36.16,1048576,1,
1672,True,39.35,1048576,1,
1670,True,43.96,1048576,1,
1675,True,37.94,1048576,1,
1674,True,42.70,1048576,1,
1676,True,40.47,1048576,1,
1680,True,31.11,1048576,1,
1678,True,35.97,1048576,1,
1681,True,32.77,1048576,1,
1682,True,31.91,1048576,1,
1683,True,31.94,1048576,1,
1679,True,40.81,1048576,1,
1669,True,90.37,1048576,1,
1689,True,29.78,1048576,1,
1687,True,34.31,1048576,1,
1690,True,28.27,1048576,1,
1677,True,79.68,1048576,1,
1688,True,38.99,1048576,1,
1686,True,44.16,1048576,1,
1694,True,25.47,1048576,1,
1692,True,31.24,1048576,1,
1696,True,24.64,1048576,1,
1693,True,32.84,1048576,1,
1695,True,29.82,1048576,1,
1685,True,77.72,1048576,1,
1684,True,82.32,1048576,1,
1698,True,30.73,1048576,1,
1697,True,34.68,1048576,1,
1702,True,26.52,1048576,1,
1703,True,25.01,1048576,1,
1701,True,33.46,1048576,1,
1691,True,76.60,1048576,1,
1705,True,29.64,1048576,1,
1706,True,30.05,1048576,1,
1709,True,22.95,1048576,1,
1704,True,37.00,1048576,1,
1699,True,69.14,1048576,1,
1708,True,33.31,1048576,1,
1700,True,73.86,1048576,1,
1713,True,30.72,1048576,1,
1710,True,38.80,1048576,1,
1716,True,26.45,1048576,1,
1711,True,39.97,1048576,1,
1707,True,71.16,1048576,1,
1715,True,37.50,1048576,1,
1714,True,42.27,1048576,1,
1720,True,29.52,1048576,1,
1717,True,38.02,1048576,1,
1719,True,36.97,1048576,1,
1712,True,75.78,1048576,1,
1721,True,35.92,1048576,1,
1722,True,35.24,1048576,1,
1723,True,35.14,1048576,1,
1724,True,34.60,1048576,1,
1727,True,30.48,1048576,1,
1730,True,26.00,1048576,1,
1729,True,30.48,1048576,1,
1718,True,80.10,1048576,1,
1733,True,31.42,1048576,1,
1731,True,40.39,1048576,1,
1735,True,30.70,1048576,1,
1728,True,72.14,1048576,1,
1726,True,76.94,1048576,1,
1725,True,82.43,1048576,1,
1736,True,37.05,1048576,1,
1738,True,32.77,1048576,1,
1740,True,30.55,1048576,1,
1741,True,29.08,1048576,1,
1739,True,35.09,1048576,1,
1732,True,79.20,1048576,1,
1734,True,78.48,1048576,1,
1742,True,36.35,1048576,1,
1743,True,35.43,1048576,1,
1746,True,32.95,1048576,1,
1745,True,35.84,1048576,1,
1744,True,38.59,1048576,1,
1748,True,33.41,1048576,1,
1737,True,80.20,1048576,1,
1750,True,32.15,1048576,1,
1753,True,29.23,1048576,1,
1749,True,37.76,1048576,1,
1751,True,35.99,1048576,1,
1754,True,32.91,1048576,1,
1755,True,31.91,1048576,1,
1747,True,75.63,1048576,1,
1759,True,25.07,1048576,1,
1760,True,25.15,1048576,1,
1761,True,24.60,1048576,1,
1762,True,21.93,1048576,1,
1752,True,66.54,1048576,1,
1763,True,25.68,1048576,1,
1765,True,24.35,1048576,1,
1764,True,27.05,1048576,1,
1766,True,25.60,1048576,1,
1767,True,25.32,1048576,1,
1758,True,68.27,1048576,1,
1757,True,74.97,1048576,1,
1770,True,23.24,1048576,1,
1756,True,84.88,1048576,1,
1769,True,27.50,1048576,1,
1771,True,26.93,1048576,1,
1772,True,26.00,1048576,1,
1773,True,18.73,1048576,1,
1774,True,29.72,1048576,1,
1779,True,21.63,1048576,1,
1775,True,29.18,1048576,1,
1777,True,27.26,1048576,1,
1780,True,23.68,1048576,1,
1768,True,64.32,1048576,1,
1781,True,32.59,1048576,1,
1782,True,30.27,1048576,1,
1784,True,29.01,1048576,1,
1783,True,32.04,1048576,1,
1786,True,21.25,1048576,1,
1778,True,62.87,1048576,1,
1776,True,67.58,1048576,1,
1789,True,26.51,1048576,1,
1790,True,26.50,1048576,1,
1793,True,20.68,1048576,1,
1787,True,34.12,1048576,1,
1791,True,28.32,1048576,1,
1788,True,35.57,1048576,1,
1792,True,28.00,1048576,1,
1785,True,74.24,1048576,1,
1800,True,21.41,1048576,1,
1795,True,30.51,1048576,1,
1794,True,33.53,1048576,1,
1798,True,29.45,1048576,1,
1801,True,17.12,1048576,1,
1802,True,22.60,1048576,1,
1805,True,19.57,1048576,1,
1806,True,19.05,1048576,1,
1804,True,23.99,1048576,1,
1807,True,22.81,1048576,1,
1810,True,19.71,1048576,1,
1796,True,76.90,1048576,1,
1799,True,73.66,1048576,1,
1797,True,78.80,1048576,1,
1809,True,27.58,1048576,1,
1803,True,74.71,1048576,1,
1816,True,23.69,1048576,1,
1813,True,29.99,1048576,1,
1812,True,32.73,1048576,1,
1814,True,30.91,1048576,1,
1815,True,31.13,1048576,1,
1808,True,62.68,1048576,1,
1820,True,24.36,1048576,1,
1818,True,28.69,1048576,1,
1821,True,25.87,1048576,1,
1811,True,63.79,1048576,1,
1824,True,19.54,1048576,1,
1827,True,16.33,1048576,1,
1826,True,19.37,1048576,1,
1829,True,18.43,1048576,1,
1828,True,21.94,1048576,1,
1817,True,72.71,1048576,1,
1823,True,63.57,1048576,1,
1819,True,72.76,1048576,1,
1822,True,71.06,1048576,1,
1825,True,63.36,1048576,1,
1831,True,27.36,1048576,1,
1833,True,25.68,1048576,1,
1832,True,28.25,1048576,1,
1834,True,26.53,1048576,1,
1835,True,26.91,1048576,1,
1830,True,59.78,1048576,1,
1837,True,30.42,1048576,1,
1839,True,27.10,1048576,1,
1842,True,24.10,1048576,1,
1843,True,17.79,1048576,1,
1836,True,61.55,1048576,1,
1845,True,20.59,1048576,1,
1847,True,18.51,1048576,1,
1844,True,25.14,1048576,1,
1846,True,23.63,1048576,1,
1848,True,13.19,1048576,1,
1838,True,71.54,1048576,1,
1850,True,25.20,1048576,1,
1851,True,25.29,1048576,1,
1841,True,75.73,1048576,1,
1852,True,26.41,1048576,1,
1840,True,79.74,1048576,1,
1849,True,33.82,1048576,1,
1853,True,28.51,1048576,1,
1854,True,29.99,1048576,1,
1856,True,29.23,1048576,1,
1860,True,25.56,1048576,1,
1857,True,31.24,1048576,1,
1858,True,31.24,1048576,1,
1861,True,28.18,1048576,1,
1859,True,33.65,1048576,1,
1862,True,18.67,1048576,1,
1863,True,29.48,1048576,1,
1866,True,26.55,1048576,1,
1865,True,29.36,1048576,1,
1869,True,21.27,1048576,1,
1867,True,29.60,1048576,1,
1864,True,35.47,1048576,1,
1855,True,72.07,1048576,1,
1873,True,28.09,1048576,1,
1870,True,34.05,1048576,1,
1871,True,34.36,1048576,1,
1874,True,31.77,1048576,1,
1872,True,35.58,1048576,1,
1875,True,32.18,1048576,1,
1876,True,30.02,1048576,1,
1868,True,65.35,1048576,1,
1880,True,29.57,1048576,1,
1882,True,29.26,1048576,1,
1879,True,34.71,1048576,1,
1883,True,31.48,1048576,1,
1884,True,30.57,1048576,1,
1877,True,42.77,1048576,1,
1878,True,42.79,1048576,1,
1885,True,30.88,1048576,1,
1891,True,24.31,1048576,1,
1887,True,31.86,1048576,1,
1881,True,65.76,1048576,1,
1890,True,29.62,1048576,1,
1886,True,37.13,1048576,1,
1892,True,31.11,1048576,1,
1894,True,27.84,1048576,1,
1896,True,26.99,1048576,1,
1893,True,31.92,1048576,1,
1895,True,30.45,1048576,1,
1889,True,63.73,1048576,1,
1897,True,32.19,1048576,1,
1888,True,71.56,1048576,1,
1903,True,24.10,1048576,1,
1904,True,23.83,1048576,1,
1905,True,20.03,1048576,1,
1908,True,15.26,1048576,1,
1906,True,19.04,1048576,1,
1909,True,22.29,1048576,1,
1910,True,22.41,1048576,1,
1901,True,72.11,1048576,1,
1900,True,76.05,1048576,1,
1899,True,78.91,1048576,1,
1898,True,81.69,1048576,1,
1902,True,78.50,1048576,1,
1907,True,55.37,1048576,1,
1912,True,33.02,1048576,1,
1916,True,27.19,1048576,1,
1917,True,26.44,1048576,1,
1918,True,22.34,1048576,1,
1921,True,17.93,1048576,1,
1922,True,18.00,1048576,1,
1911,True,67.82,1048576,1,
1913,True,71.34,1048576,1,
1915,True,69.02,1048576,1,
1924,True,19.42,1048576,1,
1914,True,72.76,1048576,1,
1925,True,14.25,1048576,1,
1919,True,64.58,1048576,1,
1930,True,19.48,1048576,1,
1928,True,26.73,1048576,1,
1927,True,29.22,1048576,1,
1929,True,28.33,1048576,1,
1920,True,73.19,1048576,1,
1923,True,63.01,1048576,1,
1935,True,21.73,1048576,1,
1934,True,24.70,1048576,1,
1932,True,29.60,1048576,1,
1933,True,29.34,1048576,1,
1926,True,61.58,1048576,1,
1940,True,20.13,1048576,1,
1942,True,18.90,1048576,1,
1941,True,22.42,1048576,1,
1939,True,27.54,1048576,1,
1931,True,77.49,1048576,1,
1936,True,68.61,1048576,1,
1944,True,23.85,1048576,1,
1937,True,62.04,1048576,1,
1945,True,25.63,1048576,1,
1938,True,70.63,1048576,1,
1949,True,25.00,1048576,1,
1951,True,23.50,1048576,1,
1948,True,30.43,1048576,1,
1950,True,29.10,1048576,1,
1943,True,62.81,1048576,1,
1946,True,60.35,1048576,1,
1952,True,40.50,1048576,1,
1955,True,33.98,1048576,1,
1953,True,39.63,1048576,1,
1956,True,35.35,1048576,1,
1957,True,31.50,1048576,1,
1947,True,73.69,1048576,1,
1958,True,33.01,1048576,1,
1963,True,29.88,1048576,1,
1962,True,33.28,1048576,1,
1964,True,31.13,1048576,1,
1959,True,42.62,1048576,1,
1954,True,79.06,1048576,1,
1965,True,35.02,1048576,1,
1970,True,33.25,1048576,1,
1968,True,39.82,1048576,1,
1969,True,39.21,1048576,1,
1961,True,80.87,1048576,1,
1967,True,46.63,1048576,1,
1971,True,39.94,1048576,1,
1960,True,87.20,1048576,1,
1978,True,30.44,1048576,1,
1972,True,43.65,1048576,1,
1973,True,42.77,1048576,1,
1966,True,88.87,1048576,1,
1976,True,41.43,1048576,1,
1975,True,44.89,1048576,1,
1974,True,48.49,1048576,1,
1977,True,75.59,1048576,1,
1985,True,34.45,1048576,1,
1981,True,42.99,1048576,1,
1983,True,40.37,1048576,1,
1984,True,40.63,1048576,1,
1979,True,51.61,1048576,1,
1988,True,30.42,1048576,1,
1989,True,30.92,1048576,1,
1987,True,35.18,1048576,1,
1980,True,81.01,1048576,1,
1982,True,79.08,1048576,1,
1995,True,20.79,1048576,1,
1996,True,20.88,1048576,1,
1986,True,80.30,1048576,1,
1990,True,74.69,1048576,1,
1991,True,74.69,1048576,1,
1998,True,22.37,1048576,1,
1997,True,25.23,1048576,1,
1992,True,71.43,1048576,1,
1994,True,70.65,1048576,1,
1993,True,74.11,1048576,1,
2003,True,26.17,1048576,1,
2001,True,32.47,1048576,1,
2000,True,36.02,1048576,1,
2007,True,25.40,1048576,1,
2009,True,22.91,1048576,1,
2008,True,26.93,1048576,1,
2002,True,62.62,1048576,1,
1999,True,78.26,1048576,1,
2010,True,24.68,1048576,1,
2013,True,18.33,1048576,1,
2012,True,23.96,1048576,1,
2011,True,28.11,1048576,1,
2014,True,15.57,1048576,1,
2005,True,67.33,1048576,1,
2006,True,69.29,1048576,1,
2004,True,77.54,1048576,1,
2016,True,35.59,1048576,1,
2015,True,39.71,1048576,1,
2019,True,32.16,1048576,1,
2020,True,32.21,1048576,1,
2018,True,39.33,1048576,1,
2023,True,27.65,1048576,1,
2027,True,23.39,1048576,1,
2024,True,30.90,1048576,1,
2017,True,70.67,1048576,1,
2021,True,66.90,1048576,1,
2022,True,64.51,1048576,1,
2028,True,26.72,1048576,1,
2031,True,20.54,1048576,1,
2029,True,27.45,1048576,1,
2032,True,23.60,1048576,1,
2033,True,23.53,1048576,1,
2025,True,68.11,1048576,1,
2026,True,67.45,1048576,1,
2036,True,17.91,1048576,1,
2034,True,23.21,1048576,1,
2035,True,22.79,1048576,1,
2039,True,27.90,1048576,1,
2040,True,28.48,1048576,1,
2043,True,22.60,1048576,1,
2030,True,71.41,1048576,1,
2047,True,17.46,1048576,1,
2045,True,21.59,1048576,1,
2044,True,24.58,1048576,1,
2048,True,23.49,1048576,1,
2049,True,23.56,1048576,1,
2041,True,72.14,1048576,1,
2042,True,71.79,1048576,1,
2038,True,81.93,1048576,1,
2050,True,28.23,1048576,1,
2037,True,86.98,1048576,1,
2046,True,65.41,1048576,1,
2057,True,24.52,1048576,1,
2055,True,31.38,1048576,1,
2058,True,15.22,1048576,1,
2051,True,39.77,1048576,1,
2053,True,38.06,1048576,1,
2056,True,35.21,1048576,1,
2052,True,43.71,1048576,1,
2059,True,32.16,1048576,1,
2064,True,24.53,1048576,1,
2060,True,31.51,1048576,1,
2065,True,24.73,1048576,1,
2063,True,30.39,1048576,1,
2062,True,34.11,1048576,1,
2054,True,72.25,1048576,1,
2067,True,29.41,1048576,1,
2071,True,24.12,1048576,1,
2066,True,33.68,1048576,1,
2061,True,63.41,1048576,1,
2073,True,21.53,1048576,1,
2074,True,22.19,1048576,1,
2075,True,22.04,1048576,1,
2076,True,21.52,1048576,1,
2068,True,73.11,1048576,1,
2072,True,67.02,1048576,1,
2069,True,74.83,1048576,1,
2070,True,74.89,1048576,1,
2078,True,28.93,1048576,1,
2080,True,27.84,1048576,1,
2077,True,33.77,1048576,1,
2081,True,31.69,1048576,1,
2083,True,30.15,1048576,1,
2085,True,26.12,1048576,1,
2084,True,31.32,1048576,1,
2082,True,36.30,1048576,1,
2079,True,60.49,1048576,1,
2090,True,24.46,1048576,1,
2089,True,27.30,1048576,1,
2088,True,30.22,1048576,1,
2091,True,27.21,1048576,1,
2093,True,24.02,1048576,1,
2087,True,62.73,1048576,1,
2086,True,65.90,1048576,1,
2095,True,29.01,1048576,1,
2096,True,29.53,1048576,1,
2098,True,27.96,1048576,1,
2100,True,18.88,1048576,1,
2099,True,22.46,1048576,1,
2097,True,35.04,1048576,1,
2092,True,63.73,1048576,1,
2101,True,30.14,1048576,1,
2105,True,25.54,1048576,1,
2094,True,73.21,1048576,1,
2109,True,15.98,1048576,1,
2108,True,19.02,1048576,1,
2112,True,17.15,1048576,1,
2110,True,26.81,1048576,1,
2104,True,70.11,1048576,1,
2103,True,75.03,1048576,1,
2107,True,69.12,1048576,1,
2102,True,79.97,1048576,1,
2106,True,74.70,1048576,1,
2113,True,41.50,1048576,1,
2115,True,36.48,1048576,1,
2111,True,64.68,1048576,1,
2119,True,31.31,1048576,1,
2123,True,23.15,1048576,1,
2114,True,71.91,1048576,1,
2116,True,68.48,1048576,1,
2117,True,68.38,1048576,1,
2118,True,68.06,1048576,1,
2124,True,28.08,1048576,1,
2125,True,27.33,1048576,1,
2121,True,66.47,1048576,1,
2122,True,66.62,1048576,1,
2120,True,71.27,1048576,1,
2129,True,17.23,1048576,1,
2131,True,23.39,1048576,1,
2132,True,24.42,1048576,1,
2126,True,62.78,1048576,1,
2128,True,64.35,1048576,1,
2127,True,69.41,1048576,1,
2136,True,18.73,1048576,1,
2135,True,27.62,1048576,1,
2130,True,63.91,1048576,1,
2138,True,29.95,1048576,1,
2139,True,30.26,1048576,1,
2134,True,64.88,1048576,1,
2141,True,22.56,1048576,1,
2133,True,73.86,1048576,1,
2140,True,30.66,1048576,1,
2142,True,26.33,1048576,1,
2137,True,75.75,1048576,1,
2143,True,40.79,1048576,1,
2147,True,33.43,1048576,1,
2144,True,41.45,1048576,1,
2146,True,39.28,1048576,1,
2149,True,34.00,1048576,1,
2153,True,28.18,1048576,1,
2154,True,28.09,1048576,1,
2152,True,34.70,1048576,1,
2145,True,79.47,1048576,1,
2148,True,75.02,1048576,1,
2155,True,37.21,1048576,1,
2156,True,36.46,1048576,1,
2159,True,27.88,1048576,1,
2157,True,38.02,1048576,1,
2160,True,29.88,1048576,1,
2150,True,78.47,1048576,1,
2151,True,78.47,1048576,1,
2162,True,31.77,1048576,1,
2166,True,25.86,1048576,1,
2167,True,26.17,1048576,1,
2158,True,70.10,1048576,1,
2163,True,36.88,1048576,1,
2164,True,40.67,1048576,1,
2161,True,69.62,1048576,1,
2169,True,35.09,1048576,1,
2172,True,33.81,1048576,1,
2168,True,42.56,1048576,1,
2173,True,31.24,1048576,1,
2174,True,31.92,1048576,1,
2170,True,44.47,1048576,1,
2165,True,77.74,1048576,1,
2175,True,35.92,1048576,1,
2178,True,30.19,1048576,1,
2177,True,33.72,1048576,1,
2171,True,73.91,1048576,1,
2176,True,39.21,1048576,1,
2181,True,34.09,1048576,1,
2184,True,30.63,1048576,1,
2185,True,30.54,1048576,1,
2186,True,31.10,1048576,1,
2182,True,39.77,1048576,1,
2179,True,71.56,1048576,1,
2180,True,72.20,1048576,1,
2189,True,27.80,1048576,1,
2190,True,28.01,1048576,1,
2188,True,34.39,1048576,1,
2191,True,31.07,1048576,1,
2187,True,65.30,1048576,1,
2183,True,78.14,1048576,1,
2194,True,34.34,1048576,1,
2197,True,29.24,1048576,1,
2198,True,25.54,1048576,1,
2192,True,62.87,1048576,1,
2193,True,65.72,1048576,1,
2200,True,28.34,1048576,1,
2202,True,26.63,1048576,1,
2201,True,30.53,1048576,1,
2204,True,20.37,1048576,1,
2203,True,27.18,1048576,1,
2195,True,73.62,1048576,1,
2196,True,72.95,1048576,1,
2199,True,67.59,1048576,1,
2209,True,30.83,1048576,1,
2205,True,39.83,1048576,1,
2206,True,39.42,1048576,1,
2210,True,30.78,1048576,1,
2211,True,30.91,1048576,1,
2213,True,27.05,1048576,1,
2217,True,21.82,1048576,1,
2215,True,27.07,1048576,1,
2216,True,26.97,1048576,1,
2207,True,70.16,1048576,1,
2208,True,75.34,1048576,1,
2212,True,69.19,1048576,1,
2219,True,34.00,1048576,1,
2221,True,32.49,1048576,1,
2222,True,31.33,1048576,1,
2218,True,42.40,1048576,1,
2214,True,69.60,1048576,1,
2223,True,30.12,1048576,1,
2224,True,25.74,1048576,1,
2227,True,32.00,1048576,1,
2225,True,37.91,1048576,1,
2228,True,33.38,1048576,1,
2231,True,28.80,1048576,1,
2226,True,41.01,1048576,1,
2220,True,79.83,1048576,1,
2233,True,28.85,1048576,1,
2232,True,32.91,1048576,1,
2234,True,30.92,1048576,1,
2236,True,29.73,1048576,1,
2237,True,28.30,1048576,1,
2230,True,69.11,1048576,1,
2229,True,73.66,1048576,1,
2240,True,31.83,1048576,1,
2241,True,31.91,1048576,1,
2243,True,28.45,1048576,1,
2244,True,26.85,1048576,1,
2239,True,40.40,1048576,1,
2238,True,44.38,1048576,1,
2242,True,39.16,1048576,1,
2235,True,75.76,1048576,1,
2246,True,35.49,1048576,1,
2250,True,30.14,1048576,1,
2245,True,41.47,1048576,1,
2248,True,38.28,1048576,1,
2249,True,38.17,1048576,1,
2251,True,34.85,1048576,1,
2252,True,35.71,1048576,1,
2258,True,25.92,1048576,1,
2247,True,72.11,1048576,1,
2257,True,31.98,1048576,1,
2254,True,39.07,1048576,1,
2253,True,42.87,1048576,1,
2255,True,40.10,1048576,1,
2262,True,27.30,1048576,1,
2261,True,30.56,1048576,1,
2265,True,25.75,1048576,1,
2259,True,64.34,1048576,1,
2256,True,74.46,1048576,1,
2266,True,21.38,1048576,1,
2267,True,21.33,1048576,1,
2268,True,21.05,1048576,1,
2269,True,23.15,1048576,1,
2270,True,20.94,1048576,1,
2260,True,68.18,1048576,1,
2264,True,65.47,1048576,1,
2273,True,17.41,1048576,1,
2263,True,70.79,1048576,1,
2271,True,24.15,1048576,1,
2276,True,28.08,1048576,1,
2277,True,25.79,1048576,1,
2279,True,24.03,1048576,1,
2274,True,36.84,1048576,1,
2278,True,28.23,1048576,1,
2275,True,38.35,1048576,1,
2272,True,62.70,1048576,1,
2281,True,26.66,1048576,1,
2282,True,26.58,1048576,1,
2284,True,25.78,1048576,1,
2283,True,29.34,1048576,1,
2285,True,28.25,1048576,1,
2287,True,15.17,1048576,1,
2280,True,59.56,1048576,1,
2289,True,29.44,1048576,1,
2288,True,32.48,1048576,1,
2292,True,27.41,1048576,1,
2290,True,32.24,1048576,1,
2291,True,31.26,1048576,1,
2294,True,25.47,1048576,1,
2293,True,31.24,1048576,1,
2286,True,61.57,1048576,1,
2298,True,26.89,1048576,1,
2295,True,33.00,1048576,1,
2296,True,32.61,1048576,1,
2302,True,24.92,1048576,1,
2297,True,33.94,1048576,1,
2306,True,19.93,1048576,1,
2303,True,25.54,1048576,1,
2304,True,25.51,1048576,1,
2307,True,22.39,1048576,1,
2305,True,27.41,1048576,1,
2299,True,65.53,1048576,1,
2300,True,69.47,1048576,1,
2301,True,69.68,1048576,1,
2310,True,22.76,1048576,1,
2308,True,26.94,1048576,1,
2311,True,24.23,1048576,1,
2312,True,23.59,1048576,1,
2313,True,26.61,1048576,1,
2315,True,26.15,1048576,1,
2317,True,22.69,1048576,1,
2319,True,21.30,1048576,1,
2320,True,25.54,1048576,1,
2321,True,20.88,1048576,1,
2309,True,70.41,1048576,1,
2323,True,21.05,1048576,1,
2322,True,24.12,1048576,1,
2314,True,65.73,1048576,1,
2318,True,63.14,1048576,1,
2327,True,20.00,1048576,1,
2325,True,24.61,1048576,1,
2326,True,24.62,1048576,1,
2316,True,72.53,1048576,1,
2324,True,31.44,1048576,1,
2333,True,23.63,1048576,1,
2334,True,24.37,1048576,1,
2332,True,29.08,1048576,1,
2331,True,32.09,1048576,1,
2335,True,26.66,1048576,1,
2328,True,59.41,1048576,1,
2338,True,31.16,1048576,1,
2336,True,39.19,1048576,1,
2329,True,75.20,1048576,1,
2341,True,28.43,1048576,1,
2330,True,72.64,1048576,1,
2337,True,42.93,1048576,1,
2342,True,36.15,1048576,1,
2344,True,33.17,1048576,1,
2345,True,33.35,1048576,1,
2343,True,37.23,1048576,1,
2347,True,32.64,1048576,1,
2346,True,36.59,1048576,1,
2339,True,80.68,1048576,1,
2340,True,81.28,1048576,1,
2351,True,31.98,1048576,1,
2355,True,23.12,1048576,1,
2353,True,32.36,1048576,1,
2354,True,29.09,1048576,1,
2348,True,44.40,1048576,1,
2349,True,43.32,1048576,1,
2352,True,41.42,1048576,1,
2357,True,35.48,1048576,1,
2359,True,33.74,1048576,1,
2356,True,41.08,1048576,1,
2360,True,34.95,1048576,1,
2361,True,34.75,1048576,1,
2350,True,78.51,1048576,1,
2363,True,25.75,1048576,1,
2365,True,23.96,1048576,1,
2368,True,21.99,1048576,1,
2367,True,24.44,1048576,1,
2364,True,30.84,1048576,1,
2362,True,63.87,1048576,1,
2358,True,73.09,1048576,1,
2370,True,31.26,1048576,1,
2369,True,36.01,1048576,1,
2375,True,24.95,1048576,1,
2374,True,28.56,1048576,1,
2373,True,33.62,1048576,1,
2366,True,64.31,1048576,1,
2371,True,41.62,1048576,1,
2378,True,26.86,1048576,1,
2380,True,25.37,1048576,1,
2381,True,25.07,1048576,1,
2377,True,32.72,1048576,1,
2379,True,30.83,1048576,1,
2372,True,67.91,1048576,1,
2382,True,29.20,1048576,1,
2384,True,26.45,1048576,1,
2388,True,21.99,1048576,1,
2386,True,26.26,1048576,1,
2385,True,29.38,1048576,1,
2376,True,67.69,1048576,1,
2393,True,18.82,1048576,1,
2391,True,23.39,1048576,1,
2390,True,26.01,1048576,1,
2394,True,18.13,1048576,1,
2387,True,68.86,1048576,1,
2389,True,66.60,1048576,1,
2395,True,25.27,1048576,1,
2397,True,23.94,1048576,1,
2396,True,26.33,1048576,1,
2398,True,25.17,1048576,1,
2383,True,84.10,1048576,1,
2392,True,70.18,1048576,1,
2399,True,31.67,1048576,1,
2401,True,30.12,1048576,1,
2400,True,33.06,1048576,1,
2402,True,31.69,1048576,1,
2405,True,27.71,1048576,1,
2404,True,31.71,1048576,1,
2409,True,26.54,1048576,1,
2406,True,36.16,1048576,1,
2408,True,30.68,1048576,1,
2411,True,27.97,1048576,1,
2410,True,30.64,1048576,1,
2412,True,29.79,1048576,1,
2403,True,68.29,1048576,1,
2413,True,31.59,1048576,1,
2415,True,30.18,1048576,1,
2414,True,32.92,1048576,1,
2416,True,32.38,1048576,1,
2418,True,31.60,1048576,1,
2407,True,70.47,1048576,1,
2417,True,36.55,1048576,1,
2419,True,31.48,1048576,1,
2422,True,30.73,1048576,1,
2421,True,33.81,1048576,1,
2425,True,27.78,1048576,1,
2420,True,38.25,1048576,1,
2427,True,27.25,1048576,1,
2423,True,36.55,1048576,1,
2430,True,21.98,1048576,1,
2431,True,21.88,1048576,1,
2432,True,22.20,1048576,1,
2433,True,22.15,1048576,1,
2426,True,67.68,1048576,1,
2424,True,72.43,1048576,1,
2436,True,18.84,1048576,1,
2437,True,19.32,1048576,1,
2438,True,21.20,1048576,1,
2440,True,19.81,1048576,1,
2441,True,18.52,1048576,1,
2439,True,25.08,1048576,1,
2429,True,71.24,1048576,1,
2428,True,75.61,1048576,1,
2435,True,62.31,1048576,1,
2434,True,67.89,1048576,1,
2446,True,21.90,1048576,1,
2443,True,28.26,1048576,1,
2447,True,21.77,1048576,1,
2442,True,33.04,1048576,1,
2444,True,31.03,1048576,1,
2448,True,32.81,1048576,1,
2453,True,24.39,1048576,1,
2451,True,30.01,1048576,1,
2452,True,30.28,1048576,1,
2450,True,35.02,1048576,1,
2445,True,62.53,1048576,1,
2455,True,25.00,1048576,1,
2458,True,21.71,1048576,1,
2460,True,17.36,1048576,1,
2461,True,19.35,1048576,1,
2449,True,75.88,1048576,1,
2454,True,69.97,1048576,1,
2462,True,21.04,1048576,1,
2463,True,21.31,1048576,1,
2459,True,65.46,1048576,1,
2464,True,29.80,1048576,1,
2456,True,74.96,1048576,1,
2465,True,31.09,1048576,1,
2468,True,27.69,1048576,1,
2467,True,30.93,1048576,1,
2457,True,79.17,1048576,1,
2469,True,29.86,1048576,1,
2472,True,26.83,1048576,1,
2470,True,31.40,1048576,1,
2473,True,28.46,1048576,1,
2475,True,25.51,1048576,1,
2474,True,29.42,1048576,1,
2466,True,72.76,1048576,1,
2479,True,23.30,1048576,1,
2478,True,26.77,1048576,1,
2481,True,25.26,1048576,1,
2482,True,16.15,1048576,1,
2477,True,33.62,1048576,1,
2480,True,30.94,1048576,1,
2471,True,71.14,1048576,1,
2484,True,35.39,1048576,1,
2487,True,31.90,1048576,1,
2486,True,34.49,1048576,1,
2489,True,25.64,1048576,1,
2485,True,38.39,1048576,1,
2483,True,43.81,1048576,1,
2476,True,73.46,1048576,1,
2488,True,38.28,1048576,1,
2490,True,29.77,1048576,1,
2492,True,31.97,1048576,1,
2494,True,31.21,1048576,1,
2493,True,33.49,1048576,1,
2495,True,32.82,1048576,1,
2497,True,30.85,1048576,1,
2498,True,28.36,1048576,1,
2501,True,22.30,1048576,1,
2499,True,26.09,1048576,1,
2503,True,21.97,1048576,1,
2502,True,24.65,1048576,1,
2496,True,75.66,1048576,1,
2491,True,83.41,1048576,1,
2506,True,24.57,1048576,1,
2505,True,27.75,1048576,1,
2507,True,26.61,1048576,1,
2504,True,32.83,1048576,1,
2500,True,74.29,1048576,1,
2512,True,26.61,1048576,1,
2514,True,24.89,1048576,1,
2509,True,35.98,1048576,1,
2510,True,35.72,1048576,1,
2508,True,63.13,1048576,1,
2515,True,33.21,1048576,1,
2516,True,30.31,1048576,1,
2519,True,27.52,1048576,1,
2520,True,24.40,1048576,1,
2517,True,38.10,1048576,1,
2511,True,76.55,1048576,1,
2513,True,84.60,1048576,1,
2523,True,39.35,1048576,1,
2521,True,46.90,1048576,1,
2524,True,41.31,1048576,1,
2526,True,32.46,1048576,1,
2518,True,78.56,1048576,1,
2525,True,43.91,1048576,1,
2527,True,26.42,1048576,1,
2528,True,40.28,1048576,1,
2531,True,35.18,1048576,1,
2530,True,39.22,1048576,1,
2534,True,33.01,1048576,1,
2532,True,38.67,1048576,1,
2529,True,47.75,1048576,1,
2522,True,96.63,1048576,1,
2537,True,40.42,1048576,1,
2533,True,75.82,1048576,1,
2538,True,41.60,1048576,1,
2535,True,48.93,1048576,1,
2541,True,37.05,1048576,1,
2540,True,41.27,1048576,1,
2539,True,45.83,1048576,1,
2536,True,54.66,1048576,1,
2545,True,34.24,1048576,1,
2543,True,39.07,1048576,1,
2548,True,33.19,1048576,1,
2547,True,36.83,1048576,1,
2546,True,40.37,1048576,1,
2542,True,47.70,1048576,1,
2551,True,29.38,1048576,1,
2553,True,27.92,1048576,1,
2544,True,71.97,1048576,1,
2549,True,67.08,1048576,1,
2558,True,20.31,1048576,1,
2559,True,18.78,1048576,1,
2557,True,27.38,1048576,1,
2556,True,31.02,1048576,1,
2554,True,71.80,1048576,1,
2550,True,81.48,1048576,1,
2552,True,80.02,1048576,1,
2555,True,78.30,1048576,1,
2562,True,28.78,1048576,1,
2563,True,28.59,1048576,1,
2565,True,33.44,1048576,1,
2566,True,33.32,1048576,1,
2564,True,39.67,1048576,1,
2568,True,29.70,1048576,1,
2560,True,68.98,1048576,1,
2561,True,70.58,1048576,1,
2573,True,26.07,1048576,1,
2575,True,19.47,1048576,1,
2569,True,61.89,1048576,1,
2567,True,69.12,1048576,1,
2577,True,22.81,1048576,1,
2578,True,20.10,1048576,1,
2579,True,18.52,1048576,1,
2572,True,68.28,1048576,1,
2570,True,79.30,1048576,1,
2574,True,70.39,1048576,1,
2581,True,22.04,1048576,1,
2580,True,25.47,1048576,1,
2571,True,83.91,1048576,1,
2583,True,15.96,1048576,1,
2576,True,70.52,1048576,1,
2587,True,24.33,1048576,1,
2585,True,29.55,1048576,1,
2584,True,32.59,1048576,1,
2589,True,25.21,1048576,1,
2586,True,32.48,1048576,1,
2590,True,15.19,1048576,1,
2582,True,59.60,1048576,1,
2595,True,23.40,1048576,1,
2594,True,26.77,1048576,1,
2593,True,29.84,1048576,1,
2596,True,24.82,1048576,1,
2591,True,35.85,1048576,1,
2588,True,64.64,1048576,1,
2600,True,24.92,1048576,1,
2598,True,30.31,1048576,1,
2599,True,30.53,1048576,1,
2603,True,22.82,1048576,1,
2592,True,68.17,1048576,1,
2597,True,66.41,1048576,1,
2605,True,25.46,1048576,1,
2607,True,23.79,1048576,1,
2606,True,28.08,1048576,1,
2608,True,24.03,1048576,1,
2602,True,63.00,1048576,1,
2609,True,23.39,1048576,1,
2601,True,69.66,1048576,1,
2610,True,38.70,1048576,1,
2614,True,27.03,1048576,1,
2613,True,33.97,1048576,1,
2616,True,25.97,1048576,1,
2611,True,43.48,1048576,1,
2604,True,77.38,1048576,1,
2620,True,32.18,1048576,1,
2617,True,41.73,1048576,1,
2622,True,32.75,1048576,1,
2621,True,37.52,1048576,1,
2612,True,80.71,1048576,1,
2618,True,46.37,1048576,1,
2615,True,73.80,1048576,1,
2627,True,24.21,1048576,1,
2623,True,35.53,1048576,1,
2619,True,71.55,1048576,1,
2628,True,27.82,1048576,1,
2625,True,34.66,1048576,1,
2632,True,24.85,1048576,1,
2631,True,27.73,1048576,1,
2626,True,68.97,1048576,1,
2624,True,73.50,1048576,1,
2629,True,66.27,1048576,1,
2637,True,19.42,1048576,1,
2639,True,18.26,1048576,1,
2638,True,21.13,1048576,1,
2633,True,66.50,1048576,1,
2634,True,67.77,1048576,1,
2630,True,77.35,1048576,1,
2635,True,61.39,1048576,1,
2640,True,30.02,1048576,1,
2641,True,30.45,1048576,1,
2636,True,66.02,1048576,1,
2645,True,20.99,1048576,1,
2647,True,24.86,1048576,1,
2648,True,24.72,1048576,1,
2649,True,24.71,1048576,1,
2650,True,24.32,1048576,1,
2646,True,35.29,1048576,1,
2644,True,66.60,1048576,1,
2642,True,78.08,1048576,1,
2643,True,73.47,1048576,1,
2653,True,27.36,1048576,1,
2652,True,31.37,1048576,1,
2654,True,29.04,1048576,1,
2655,True,28.29,1048576,1,
2658,True,32.22,1048576,1,
2657,True,35.20,1048576,1,
2660,True,28.20,1048576,1,
2659,True,32.19,1048576,1,
2661,True,31.91,1048576,1,
2651,True,69.98,1048576,1,
2664,True,32.18,1048576,1,
2667,True,26.94,1048576,1,
2663,True,37.39,1048576,1,
2665,True,36.40,1048576,1,
2668,True,29.59,1048576,1,
2662,True,65.13,1048576,1,
2656,True,81.12,1048576,1,
2674,True,29.15,1048576,1,
2671,True,36.08,1048576,1,
2669,True,41.35,1048576,1,
2675,True,31.04,1048576,1,
2666,True,72.84,1048576,1,
2673,True,39.37,1048576,1,
2676,True,32.60,1048576,1,
2677,True,32.32,1048576,1,
2680,True,29.87,1048576,1,
2672,True,69.92,1048576,1,
2681,True,30.03,1048576,1,
2670,True,76.89,1048576,1,
2683,True,27.50,1048576,1,
2687,True,23.67,1048576,1,
2685,True,28.77,1048576,1,
2679,True,66.36,1048576,1,
2678,True,69.46,1048576,1,
2692,True,19.40,1048576,1,
2682,True,64.52,1048576,1,
2684,True,63.47,1048576,1,
2686,True,66.97,1048576,1,
2693,True,21.33,1048576,1,
2695,True,19.72,1048576,1,
2694,True,22.67,1048576,1,
2696,True,18.87,1048576,1,
2688,True,71.29,1048576,1,
2689,True,75.21,1048576,1,
2691,True,71.14,1048576,1,
2690,True,77.62,1048576,1,
2699,True,26.11,1048576,1,
2704,True,24.63,1048576,1,
2705,True,22.72,1048576,1,
2703,True,29.61,1048576,1,
2698,True,64.98,1048576,1,
2697,True,71.55,1048576,1,
2707,True,18.80,1048576,1,
2708,True,19.14,1048576,1,
2700,True,68.06,1048576,1,
2702,True,70.19,1048576,1,
2701,True,81.75,1048576,1,
2712,True,25.23,1048576,1,
2709,True,34.15,1048576,1,
2713,True,26.32,1048576,1,
2711,True,32.90,1048576,1,
2706,True,59.31,1048576,1,
2714,True,28.59,1048576,1,
2715,True,31.58,1048576,1,
2718,True,32.39,1048576,1,
2717,True,35.47,1048576,1,
2720,True,27.23,1048576,1,
2721,True,17.49,1048576,1,
2710,True,72.82,1048576,1,
2723,True,26.89,1048576,1,
2722,True,33.91,1048576,1,
2725,True,27.37,1048576,1,
2726,True,28.33,1048576,1,
2716,True,73.74,1048576,1,
2719,True,69.92,1048576,1,
2728,True,33.00,1048576,1,
2730,True,31.20,1048576,1,
2731,True,30.55,1048576,1,
2733,True,25.60,1048576,1,
2732,True,29.46,1048576,1,
2724,True,69.35,1048576,1,
2727,True,67.87,1048576,1,
2735,True,32.22,1048576,1,
2734,True,36.70,1048576,1,
2740,True,25.37,1048576,1,
2736,True,36.86,1048576,1,
2738,True,34.63,1048576,1,
2729,True,76.80,1048576,1,
2743,True,27.61,1048576,1,
2746,True,22.78,1048576,1,
2737,True,69.21,1048576,1,
2739,True,65.83,1048576,1,
2747,True,24.33,1048576,1,
2749,True,18.94,1048576,1,
2742,True,74.29,1048576,1,
2744,True,72.51,1048576,1,
2751,True,23.03,1048576,1,
2745,True,74.27,1048576,1,
2741,True,83.06,1048576,1,
2752,True,24.46,1048576,1,
2750,True,62.93,1048576,1,
2748,True,72.22,1048576,1,
2756,True,25.77,1048576,1,
2753,True,32.59,1048576,1,
2758,True,26.58,1048576,1,
2755,True,32.47,1048576,1,
2757,True,31.67,1048576,1,
2754,True,37.27,1048576,1,
2759,True,37.41,1048576,1,
2761,True,35.36,1048576,1,
2763,True,33.09,1048576,1,
2765,True,30.86,1048576,1,
2762,True,37.28,1048576,1,
2767,True,31.65,1048576,1,
2769,True,30.59,1048576,1,
2771,True,29.16,1048576,1,
2768,True,34.57,1048576,1,
2760,True,73.62,1048576,1,
2764,True,68.80,1048576,1,
2766,True,67.66,1048576,1,
2772,True,34.36,1048576,1,
2778,True,27.11,1048576,1,
2775,True,34.66,1048576,1,
2774,True,37.38,1048576,1,
2776,True,36.25,1048576,1,
2777,True,35.19,1048576,1,
2773,True,42.76,1048576,1,
2770,True,75.67,1048576,1,
2779,True,34.69,1048576,1,
2786,True,27.30,1048576,1,
2785,True,32.21,1048576,1,
2784,True,34.82,1048576,1,
2782,True,39.05,1048576,1,
2780,True,43.55,1048576,1,
2783,True,39.82,1048576,1,
2781,True,44.32,1048576,1,
2787,True,37.03,1048576,1,
2789,True,33.55,1048576,1,
2792,True,31.24,1048576,1,
2791,True,34.14,1048576,1,
2788,True,41.96,1048576,1,
2796,True,24.00,1048576,1,
2797,True,24.31,1048576,1,
2798,True,24.05,1048576,1,
2799,True,21.94,1048576,1,
2794,True,71.60,1048576,1,
2793,True,74.67,1048576,1,
2790,True,80.43,1048576,1,
2800,True,26.90,1048576,1,
2802,True,25.46,1048576,1,
2801,True,28.11,1048576,1,
2803,True,26.63,1048576,1,
2795,True,79.44,1048576,1,
2804,True,32.57,1048576,1,
2807,True,26.78,1048576,1,
2810,True,23.94,1048576,1,
2808,True,29.03,1048576,1,
2812,True,23.94,1048576,1,
2811,True,27.19,1048576,1,
2815,True,21.36,1048576,1,
2813,True,26.90,1048576,1,
2806,True,79.91,1048576,1,
2809,True,74.32,1048576,1,
2819,True,24.04,1048576,1,
2805,True,86.44,1048576,1,
2818,True,28.93,1048576,1,
2816,True,34.23,1048576,1,
2817,True,35.36,1048576,1,
2814,True,66.03,1048576,1,
2822,True,26.86,1048576,1,
2820,True,32.68,1048576,1,
2825,True,28.34,1048576,1,
2824,True,32.51,1048576,1,
2821,True,38.70,1048576,1,
2827,True,22.47,1048576,1,
2828,True,30.14,1048576,1,
2833,True,20.14,1048576,1,
2831,True,24.70,1048576,1,
2823,True,67.69,1048576,1,
2826,True,70.77,1048576,1,
2834,True,22.55,1048576,1,
2836,True,20.66,1048576,1,
2835,True,23.66,1048576,1,
2837,True,15.86,1048576,1,
2830,True,67.05,1048576,1,
2829,True,73.46,1048576,1,
2832,True,70.65,1048576,1,
2838,True,31.05,1048576,1,
2840,True,30.47,1048576,1,
2839,True,33.31,1048576,1,
2842,True,29.56,1048576,1,
2841,True,34.57,1048576,1,
2845,True,32.95,1048576,1,
2848,True,28.19,1048576,1,
2849,True,28.27,1048576,1,
2850,True,26.76,1048576,1,
2854,True,18.56,1048576,1,
2851,True,24.48,1048576,1,
2843,True,80.83,1048576,1,
2856,True,20.18,1048576,1,
2846,True,77.70,1048576,1,
2847,True,76.80,1048576,1,
2844,True,87.78,1048576,1,
2855,True,27.47,1048576,1,
2852,True,69.41,1048576,1,
2853,True,69.74,1048576,1,
2858,True,28.83,1048576,1,
2859,True,33.29,1048576,1,
2861,True,32.06,1048576,1,
2864,True,26.34,1048576,1,
2863,True,30.03,1048576,1,
2865,True,27.86,1048576,1,
2866,True,23.53,1048576,1,
2857,True,68.76,1048576,1,
2860,True,70.80,1048576,1,
2862,True,69.71,1048576,1,
2868,True,27.33,1048576,1,
2869,True,26.81,1048576,1,
2872,True,20.20,1048576,1,
2874,True,27.56,1048576,1,
2876,True,21.78,1048576,1,
2873,True,33.04,1048576,1,
2867,True,72.03,1048576,1,
2877,True,25.02,1048576,1,
2875,True,29.76,1048576,1,
2870,True,66.53,1048576,1,
2871,True,69.70,1048576,1,
2878,True,32.67,1048576,1,
2882,True,29.19,1048576,1,
2879,True,36.75,1048576,1,
2883,True,32.49,1048576,1,
2884,True,22.39,1048576,1,
2886,True,28.99,1048576,1,
2888,True,24.95,1048576,1,
2889,True,24.20,1048576,1,
2887,True,30.11,1048576,1,
2880,True,65.95,1048576,1,
2881,True,66.09,1048576,1,
2891,True,31.84,1048576,1,
2885,True,71.01,1048576,1,
2895,True,28.19,1048576,1,
2894,True,32.19,1048576,1,
2893,True,35.41,1048576,1,
2890,True,61.17,1048576,1,
2896,True,35.28,1048576,1,
2899,True,31.35,1048576,1,
2901,True,30.20,1048576,1,
2897,True,39.23,1048576,1,
2903,True,29.19,1048576,1,
2902,True,32.41,1048576,1,
2892,True,75.07,1048576,1,
2904,True,31.39,1048576,1,
2908,True,25.48,1048576,1,
2906,True,30.67,1048576,1,
2907,True,30.94,1048576,1,
2905,True,36.58,1048576,1,
2900,True,71.77,1048576,1,
2898,True,77.26,1048576,1,
2911,True,35.59,1048576,1,
2914,True,32.71,1048576,1,
2915,True,31.79,1048576,1,
2910,True,44.07,1048576,1,
2909,True,71.86,1048576,1,
2918,True,33.33,1048576,1,
2912,True,72.79,1048576,1,
2920,True,33.41,1048576,1,
2917,True,41.41,1048576,1,
2913,True,76.13,1048576,1,
2916,True,71.14,1048576,1,
2924,True,32.36,1048576,1,
2927,True,29.43,1048576,1,
2922,True,40.78,1048576,1,
2919,True,74.53,1048576,1,
2925,True,37.98,1048576,1,
2926,True,37.98,1048576,1,
2921,True,72.05,1048576,1,
2928,True,38.95,1048576,1,
2932,True,34.43,1048576,1,
2929,True,41.88,1048576,1,
2923,True,80.81,1048576,1,
2936,True,29.24,1048576,1,
2937,True,29.17,1048576,1,
2935,True,37.63,1048576,1,
2938,True,32.16,1048576,1,
2931,True,76.85,1048576,1,
2930,True,80.64,1048576,1,
2933,True,78.41,1048576,1,
2934,True,79.27,1048576,1,
2940,True,44.87,1048576,1,
2939,True,51.09,1048576,1,
2941,True,47.28,1048576,1,
2943,True,45.16,1048576,1,
2942,True,50.35,1048576,1,
2945,True,43.76,1048576,1,
2946,True,43.37,1048576,1,
2944,True,50.51,1048576,1,
2947,True,47.97,1048576,1,
2948,True,47.77,1048576,1,
2950,True,45.04,1048576,1,
2953,True,41.57,1048576,1,
2952,True,45.12,1048576,1,
2949,True,53.66,1048576,1,
2955,True,36.35,1048576,1,
2959,True,33.39,1048576,1,
2957,True,39.40,1048576,1,
2956,True,43.20,1048576,1,
2951,True,86.83,1048576,1,
2958,True,41.68,1048576,1,
2960,True,40.12,1048576,1,
2954,True,86.67,1048576,1,
2961,True,46.36,1048576,1,
2963,True,40.57,1048576,1,
2966,True,37.63,1048576,1,
2965,True,40.73,1048576,1,
2967,True,39.82,1048576,1,
2969,True,31.63,1048576,1,
2970,True,32.13,1048576,1,
2971,True,32.25,1048576,1,
2973,True,30.65,1048576,1,
2962,True,82.31,1048576,1,
2968,True,74.70,1048576,1,
2964,True,84.31,1048576,1,
2977,True,34.95,1048576,1,
2972,True,70.38,1048576,1,
2975,True,43.60,1048576,1,
2978,True,38.01,1048576,1,
2976,True,44.74,1048576,1,
2980,True,38.18,1048576,1,
2979,True,41.73,1048576,1,
2981,True,35.12,1048576,1,
2983,True,35.49,1048576,1,
2986,True,29.74,1048576,1,
2982,True,40.99,1048576,1,
2985,True,36.80,1048576,1,
2974,True,87.77,1048576,1,
2989,True,26.11,1048576,1,
2990,True,26.41,1048576,1,
2988,True,34.02,1048576,1,
2991,True,28.47,1048576,1,
2992,True,28.75,1048576,1,
2984,True,74.38,1048576,1,
2987,True,73.08,1048576,1,
2995,True,34.80,1048576,1,
2997,True,32.91,1048576,1,
2999,True,26.67,1048576,1,
2998,True,34.72,1048576,1,
2993,True,65.24,1048576,1,
3000,True,26.52,1048576,1,
3001,True,29.11,1048576,1,
3006,True,21.31,1048576,1,
3002,True,30.70,1048576,1,
3003,True,30.61,1048576,1,
2996,True,72.93,1048576,1,
2994,True,78.00,1048576,1,
3008,True,33.37,1048576,1,
3011,True,28.35,1048576,1,
3007,True,40.87,1048576,1,
3009,True,38.44,1048576,1,
3010,True,38.56,1048576,1,
3005,True,67.50,1048576,1,
3012,True,36.94,1048576,1,
3004,True,76.31,1048576,1,
3013,True,43.74,1048576,1,
3018,True,38.19,1048576,1,
3019,True,36.64,1048576,1,
3017,True,45.27,1048576,1,
3020,True,40.83,1048576,1,
3021,True,42.86,1048576,1,
3025,True,32.80,1048576,1,
3022,True,43.63,1048576,1,
3016,True,89.82,1048576,1,
3023,True,47.42,1048576,1,
3015,True,95.22,1048576,1,
3024,True,48.24,1048576,1,
3014,True,104.09,1048576,1,
3029,True,46.42,1048576,1,
3033,True,38.69,1048576,1,
3032,True,43.47,1048576,1,
3026,True,62.66,1048576,1,
3027,True,61.99,1048576,1,
3030,True,57.28,1048576,1,
3028,True,66.60,1048576,1,
3031,True,61.82,1048576,1,
3035,True,39.99,1048576,1,
3040,True,28.04,1048576,1,
3038,True,36.10,1048576,1,
3041,True,27.93,1048576,1,
3039,True,35.53,1048576,1,
3042,True,26.52,1048576,1,
3044,True,25.25,1048576,1,
3043,True,27.91,1048576,1,
3045,True,27.08,1048576,1,
3034,True,89.56,1048576,1,
3036,True,86.02,1048576,1,
3037,True,84.96,1048576,1,
3048,True,24.52,1048576,1,
3050,True,23.53,1048576,1,
3049,True,26.84,1048576,1,
3046,True,68.36,1048576,1,
3053,True,28.91,1048576,1,
3052,True,32.25,1048576,1,
3056,True,24.28,1048576,1,
3051,True,36.68,1048576,1,
3047,True,72.02,1048576,1,
3061,True,22.93,1048576,1,
3058,True,29.55,1048576,1,
3060,True,28.32,1048576,1,
3057,True,37.71,1048576,1,
3062,True,17.12,1048576,1,
3055,True,62.96,1048576,1,
3054,True,73.97,1048576,1,
3063,True,35.35,1048576,1,
3068,True,25.14,1048576,1,
3065,True,34.86,1048576,1,
3067,True,30.25,1048576,1,
3059,True,68.50,1048576,1,
3069,True,25.88,1048576,1,
3072,True,29.73,1048576,1,
3074,True,28.15,1048576,1,
3066,True,67.23,1048576,1,
3073,True,32.39,1048576,1,
3064,True,72.99,1048576,1,
3077,True,26.03,1048576,1,
3079,True,25.40,1048576,1,
3078,True,28.53,1048576,1,
3075,True,64.45,1048576,1,
3070,True,79.02,1048576,1,
3071,True,79.55,1048576,1,
3081,True,25.58,1048576,1,
3082,True,25.52,1048576,1,
3076,True,76.95,1048576,1,
3080,True,73.83,1048576,1,
3084,True,37.48,1048576,1,
3087,True,28.51,1048576,1,
3088,True,28.91,1048576,1,
3083,True,67.43,1048576,1,
3092,True,23.55,1048576,1,
3094,True,22.43,1048576,1,
3086,True,76.95,1048576,1,
3085,True,81.11,1048576,1,
3095,True,22.08,1048576,1,
3090,True,76.79,1048576,1,
3091,True,76.72,1048576,1,
3098,True,31.73,1048576,1,
3089,True,84.37,1048576,1,
3096,True,40.05,1048576,1,
3099,True,34.55,1048576,1,
3093,True,85.17,1048576,1,
3104,True,35.62,1048576,1,
3106,True,29.66,1048576,1,
3101,True,45.12,1048576,1,
3100,True,48.46,1048576,1,
3097,True,81.69,1048576,1,
3105,True,42.40,1048576,1,
3110,True,31.05,1048576,1,
3102,True,79.28,1048576,1,
3107,True,40.44,1048576,1,
3103,True,81.04,1048576,1,
3109,True,41.09,1048576,1,
3111,True,40.60,1048576,1,
3115,True,30.22,1048576,1,
3113,True,35.78,1048576,1,
3116,True,32.47,1048576,1,
3118,True,28.90,1048576,1,
3108,True,78.97,1048576,1,
3112,True,74.10,1048576,1,
3117,True,38.61,1048576,1,
3114,True,47.54,1048576,1,
3119,True,43.21,1048576,1,
3123,True,35.72,1048576,1,
3121,True,43.22,1048576,1,
3122,True,43.57,1048576,1,
3124,True,40.01,1048576,1,
3120,True,50.69,1048576,1,
3131,True,26.11,1048576,1,
3125,True,67.78,1048576,1,
3132,True,29.10,1048576,1,
3126,True,69.48,1048576,1,
3133,True,26.85,1048576,1,
3136,True,21.84,1048576,1,
3134,True,27.96,1048576,1,
3135,True,28.88,1048576,1,
3128,True,80.50,1048576,1,
3129,True,81.01,1048576,1,
3127,True,88.01,1048576,1,
3130,True,83.99,1048576,1,
3138,True,29.26,1048576,1,
3137,True,34.16,1048576,1,
3139,True,32.85,1048576,1,
3143,True,44.93,1048576,1,
3145,True,41.28,1048576,1,
3142,True,52.23,1048576,1,
3141,True,56.45,1048576,1,
3147,True,41.84,1048576,1,
3146,True,47.51,1048576,1,
3140,True,78.21,1048576,1,
3148,True,44.52,1048576,1,
3149,True,44.10,1048576,1,
3151,True,43.63,1048576,1,
3144,True,94.96,1048576,1,
3150,True,48.93,1048576,1,
3155,True,35.24,1048576,1,
3157,True,32.05,1048576,1,
3159,True,29.94,1048576,1,
3152,True,77.75,1048576,1,
3158,True,35.49,1048576,1,
3154,True,78.11,1048576,1,
3153,True,85.90,1048576,1,
3161,True,41.13,1048576,1,
3156,True,78.77,1048576,1,
3163,True,42.38,1048576,1,
3160,True,49.42,1048576,1,
3164,True,44.30,1048576,1,
3166,True,36.43,1048576,1,
3162,True,54.71,1048576,1,
3173,True,30.68,1048576,1,
3169,True,43.54,1048576,1,
3165,True,82.28,1048576,1,
3171,True,43.72,1048576,1,
3170,True,47.98,1048576,1,
3172,True,46.87,1048576,1,
3167,True,85.07,1048576,1,
3174,True,42.59,1048576,1,
3179,True,33.16,1048576,1,
3175,True,43.75,1048576,1,
3176,True,43.47,1048576,1,
3168,True,94.13,1048576,1,
3178,True,43.11,1048576,1,
3184,True,33.80,1048576,1,
3182,True,39.06,1048576,1,
3181,True,41.91,1048576,1,
3177,True,80.57,1048576,1,
3185,True,38.11,1048576,1,
3183,True,44.28,1048576,1,
3190,True,29.88,1048576,1,
3187,True,36.46,1048576,1,
3192,True,29.33,1048576,1,
3189,True,37.28,1048576,1,
3188,True,40.78,1048576,1,
3180,True,88.38,1048576,1,
3186,True,77.78,1048576,1,
3196,True,39.55,1048576,1,
3193,True,49.66,1048576,1,
3199,True,39.23,1048576,1,
3198,True,44.05,1048576,1,
3191,True,86.05,1048576,1,
3194,True,57.53,1048576,1,
3197,True,53.29,1048576,1,
3203,True,36.93,1048576,1,
3195,True,89.98,1048576,1,
3206,True,33.88,1048576,1,
3202,True,46.04,1048576,1,
3201,True,49.99,1048576,1,
3205,True,45.55,1048576,1,
3204,True,50.69,1048576,1,
3200,True,87.33,1048576,1,
3208,True,44.62,1048576,1,
3210,True,42.24,1048576,1,
3212,True,36.66,1048576,1,
3213,True,36.27,1048576,1,
3207,True,54.58,1048576,1,
3211,True,48.29,1048576,1,
3214,True,40.45,1048576,1,
3209,True,80.16,1048576,1,
3219,True,31.69,1048576,1,
3220,True,30.27,1048576,1,
3221,True,24.03,1048576,1,
3224,True,20.70,1048576,1,
3222,True,25.98,1048576,1,
3218,True,75.97,1048576,1,
3217,True,79.73,1048576,1,
3216,True,82.70,1048576,1,
3227,True,22.13,1048576,1,
3226,True,24.99,1048576,1,
3215,True,90.43,1048576,1,
3223,True,62.38,1048576,1,
3228,True,29.32,1048576,1,
3232,True,25.45,1048576,1,
3233,True,24.42,1048576,1,
3225,True,66.74,1048576,1,
3236,True,18.88,1048576,1,
3238,True,17.28,1048576,1,
3230,True,66.44,1048576,1,
3229,True,70.11,1048576,1,
3239,True,21.73,1048576,1,
3231,True,71.46,1048576,1,
3234,True,59.59,1048576,1,
3240,True,19.32,1048576,1,
3235,True,71.87,1048576,1,
3245,True,25.64,1048576,1,
3237,True,74.67,1048576,1,
3242,True,37.90,1048576,1,
3244,True,35.78,1048576,1,
3243,True,39.53,1048576,1,
3241,True,45.94,1048576,1,
3252,True,24.12,1048576,1,
3253,True,26.24,1048576,1,
3248,True,37.32,1048576,1,
3250,True,35.00,1048576,1,
3251,True,35.61,1048576,1,
3246,True,66.35,1048576,1,
3254,True,37.91,1048576,1,
3256,True,33.69,1048576,1,
3255,True,37.24,1048576,1,
3258,True,33.28,1048576,1,
3249,True,75.72,1048576,1,
3247,True,83.24,1048576,1,
3262,True,28.07,1048576,1,
3264,True,25.62,1048576,1,
3260,True,35.11,1048576,1,
3263,True,31.53,1048576,1,
3265,True,28.91,1048576,1,
3261,True,38.47,1048576,1,
3259,True,71.68,1048576,1,
3257,True,77.72,1048576,1,
3267,True,35.99,1048576,1,
3271,True,31.11,1048576,1,
3266,True,41.06,1048576,1,
3270,True,36.03,1048576,1,
3273,True,28.83,1048576,1,
3275,True,30.38,1048576,1,
3278,True,28.43,1048576,1,
3274,True,36.11,1048576,1,
3276,True,34.86,1048576,1,
3269,True,72.93,1048576,1,
3268,True,80.12,1048576,1,
3272,True,79.59,1048576,1,
3283,True,25.04,1048576,1,
3281,True,30.15,1048576,1,
3279,True,35.28,1048576,1,
3284,True,25.47,1048576,1,
3285,True,20.28,1048576,1,
3277,True,72.07,1048576,1,
3289,True,30.12,1048576,1,
3291,True,27.31,1048576,1,
3280,True,70.88,1048576,1,
3288,True,38.69,1048576,1,
3290,True,35.06,1048576,1,
3282,True,74.66,1048576,1,
3296,True,26.94,1048576,1,
3287,True,72.63,1048576,1,
3293,True,36.62,1048576,1,
3292,True,40.97,1048576,1,
3297,True,30.79,1048576,1,
3294,True,39.30,1048576,1,
3286,True,82.04,1048576,1,
3299,True,32.66,1048576,1,
3302,True,31.08,1048576,1,
3298,True,39.39,1048576,1,
3304,True,31.62,1048576,1,
3300,True,39.68,1048576,1,
3303,True,36.81,1048576,1,
3295,True,77.77,1048576,1,
3301,True,43.76,1048576,1,
3307,True,36.24,1048576,1,
3308,True,36.09,1048576,1,
3305,True,44.53,1048576,1,
3306,True,42.82,1048576,1,
3311,True,34.38,1048576,1,
3312,True,34.33,1048576,1,
3309,True,41.16,1048576,1,
3314,True,30.33,1048576,1,
3315,True,30.48,1048576,1,
3317,True,29.35,1048576,1,
3319,True,28.77,1048576,1,
3310,True,71.89,1048576,1,
3322,True,21.56,1048576,1,
3321,True,24.91,1048576,1,
3323,True,23.32,1048576,1,
3318,True,66.24,1048576,1,
3313,True,76.45,1048576,1,
3316,True,72.98,1048576,1,
3325,True,24.15,1048576,1,
3327,True,22.40,1048576,1,
3320,True,67.71,1048576,1,
3324,True,64.90,1048576,1,
3332,True,22.54,1048576,1,
3331,True,25.60,1048576,1,
3330,True,31.58,1048576,1,
3329,True,34.57,1048576,1,
3328,True,38.51,1048576,1,
3326,True,59.07,1048576,1,
3333,True,36.99,1048576,1,
3338,True,30.57,1048576,1,
3339,True,30.90,1048576,1,
3340,True,25.83,1048576,1,
3334,True,40.90,1048576,1,
3335,True,40.45,1048576,1,
3341,True,31.16,1048576,1,
3344,True,25.32,1048576,1,
3343,True,28.41,1048576,1,
3346,True,26.18,1048576,1,
3342,True,34.24,1048576,1,
3345,True,32.25,1048576,1,
3336,True,72.62,1048576,1,
3337,True,75.55,1048576,1,
3349,True,34.89,1048576,1,
3347,True,39.49,1048576,1,
3355,True,17.44,1048576,1,
3357,True,16.41,1048576,1,
3348,True,78.47,1048576,1,
3352,True,71.95,1048576,1,
3351,True,76.17,1048576,1,
3350,True,80.07,1048576,1,
3354,True,70.03,1048576,1,
3353,True,76.81,1048576,1,
3358,True,17.24,1048576,1,
3356,True,57.33,1048576,1,
3363,True,31.14,1048576,1,
3365,True,28.21,1048576,1,
3360,True,39.04,1048576,1,
3364,True,34.44,1048576,1,
3366,True,27.70,1048576,1,
3361,True,43.79,1048576,1,
3369,True,29.02,1048576,1,
3370,True,30.37,1048576,1,
3367,True,37.68,1048576,1,
3372,True,28.94,1048576,1,
3371,True,33.00,1048576,1,
3359,True,80.68,1048576,1,
3362,True,77.24,1048576,1,
3376,True,29.57,1048576,1,
3375,True,32.90,1048576,1,
3379,True,27.96,1048576,1,
3377,True,32.82,1048576,1,
3368,True,74.42,1048576,1,
3380,True,29.55,1048576,1,
3383,True,27.09,1048576,1,
3382,True,30.08,1048576,1,
3381,True,33.10,1048576,1,
3384,True,30.35,1048576,1,
3374,True,76.21,1048576,1,
3378,True,72.45,1048576,1,
3373,True,85.57,1048576,1,
3385,True,41.24,1048576,1,
3390,True,29.77,1048576,1,
3391,True,28.00,1048576,1,
3389,True,38.47,1048576,1,
3386,True,44.95,1048576,1,
3388,True,43.37,1048576,1,
3387,True,46.69,1048576,1,
3392,True,33.96,1048576,1,
3396,True,32.79,1048576,1,
3400,True,27.98,1048576,1,
3395,True,37.80,1048576,1,
3394,True,40.48,1048576,1,
3398,True,37.54,1048576,1,
3402,True,23.82,1048576,1,
3401,True,27.94,1048576,1,
3393,True,70.90,1048576,1,
3399,True,68.90,1048576,1,
3397,True,77.05,1048576,1,
3406,True,22.68,1048576,1,
3408,True,17.70,1048576,1,
3409,True,16.65,1048576,1,
3404,True,61.80,1048576,1,
3405,True,65.93,1048576,1,
3411,True,24.84,1048576,1,
3403,True,73.27,1048576,1,
3412,True,27.11,1048576,1,
3414,True,24.15,1048576,1,
3407,True,69.52,1048576,1,
3418,True,20.67,1048576,1,
3417,True,25.69,1048576,1,
3415,True,31.48,1048576,1,
3416,True,31.30,1048576,1,
3419,True,18.65,1048576,1,
3410,True,68.18,1048576,1,
3413,True,61.86,1048576,1,
3422,True,41.57,1048576,1,
3426,True,32.54,1048576,1,
3425,True,37.60,1048576,1,
3427,True,30.28,1048576,1,
3421,True,52.59,1048576,1,
3423,True,49.34,1048576,1,
3420,True,59.81,1048576,1,
3432,True,32.73,1048576,1,
3430,True,40.44,1048576,1,
3428,True,47.16,1048576,1,
3431,True,43.19,1048576,1,
3434,True,37.30,1048576,1,
3424,True,91.41,1048576,1,
3429,True,53.11,1048576,1,
3435,True,46.51,1048576,1,
3438,True,41.11,1048576,1,
3440,True,38.79,1048576,1,
3437,True,47.05,1048576,1,
3439,True,45.21,1048576,1,
3433,True,87.89,1048576,1,
3436,True,56.09,1048576,1,
3444,True,39.40,1048576,1,
3445,True,40.12,1048576,1,
3442,True,48.06,1048576,1,
3446,True,41.99,1048576,1,
3443,True,49.09,1048576,1,
3447,True,42.90,1048576,1,
3441,True,90.03,1048576,1,
3448,True,76.61,1048576,1,
3450,True,44.26,1048576,1,
3455,True,36.08,1048576,1,
3451,True,47.32,1048576,1,
3454,True,44.24,1048576,1,
3453,True,48.24,1048576,1,
3457,True,38.88,1048576,1,
3456,True,43.86,1048576,1,
3461,True,34.83,1048576,1,
3449,True,93.42,1048576,1,
3460,True,41.40,1048576,1,
3452,True,90.58,1048576,1,
3465,True,28.13,1048576,1,
3463,True,35.09,1048576,1,
3464,True,35.23,1048576,1,
3459,True,76.35,1048576,1,
3467,True,33.10,1048576,1,
3458,True,83.86,1048576,1,
3469,True,40.83,1048576,1,
3466,True,74.23,1048576,1,
3472,True,39.29,1048576,1,
3470,True,46.46,1048576,1,
3462,True,88.59,1048576,1,
3471,True,48.99,1048576,1,
3474,True,39.24,1048576,1,
3477,True,33.68,1048576,1,
3478,True,34.00,1048576,1,
3473,True,76.92,1048576,1,
3468,True,89.54,1048576,1,
3476,True,41.98,1048576,1,
3481,True,31.25,1048576,1,
3482,True,31.16,1048576,1,
3480,True,36.24,1048576,1,
3483,True,32.91,1048576,1,
3485,True,31.73,1048576,1,
3475,True,77.44,1048576,1,
3484,True,36.04,1048576,1,
3479,True,73.63,1048576,1,
3486,True,34.12,1048576,1,
3493,True,25.27,1048576,1,
3488,True,35.73,1048576,1,
3496,True,16.31,1048576,1,
3495,True,19.04,1048576,1,
3487,True,77.12,1048576,1,
3497,True,24.17,1048576,1,
3498,True,24.18,1048576,1,
3492,True,74.34,1048576,1,
3491,True,76.94,1048576,1,
3490,True,80.47,1048576,1,
3489,True,83.25,1048576,1,
3494,True,59.17,1048576,1,
3500,True,34.98,1048576,1,
3506,True,25.40,1048576,1,
3499,True,41.88,1048576,1,
3504,True,35.46,1048576,1,
3501,True,41.35,1048576,1,
3510,True,24.20,1048576,1,
3509,True,27.39,1048576,1,
3508,True,30.87,1048576,1,
3505,True,65.88,1048576,1,
3502,True,73.30,1048576,1,
3503,True,74.03,1048576,1,
3514,True,32.93,1048576,1,
3516,True,29.54,1048576,1,
3511,True,65.19,1048576,1,
3507,True,74.35,1048576,1,
3512,True,45.62,1048576,1,
3520,True,27.11,1048576,1,
3521,True,30.63,1048576,1,
3519,True,35.68,1048576,1,
3522,True,30.86,1048576,1,
3515,True,72.31,1048576,1,
3513,True,79.09,1048576,1,
3517,True,73.92,1048576,1,
3526,True,31.39,1048576,1,
3527,True,30.98,1048576,1,
3523,True,43.01,1048576,1,
3524,True,39.71,1048576,1,
3518,True,77.84,1048576,1,
3528,True,36.21,1048576,1,
3525,True,43.10,1048576,1,
3531,True,35.87,1048576,1,
3535,True,33.71,1048576,1,
3536,True,33.71,1048576,1,
3529,True,68.48,1048576,1,
3534,True,40.60,1048576,1,
3537,True,28.16,1048576,1,
3539,True,24.19,1048576,1,
3541,True,22.75,1048576,1,
3530,True,81.27,1048576,1,
3532,True,79.04,1048576,1,
3533,True,82.14,1048576,1,
3543,True,22.88,1048576,1,
3542,True,26.64,1048576,1,
3544,True,24.78,1048576,1,
3546,True,25.15,1048576,1,
3545,True,30.75,1048576,1,
3538,True,75.50,1048576,1,
3547,True,32.66,1048576,1,
3540,True,75.77,1048576,1,
3548,True,30.83,1048576,1,
3549,True,30.47,1048576,1,
3550,True,30.28,1048576,1,
3551,True,19.85,1048576,1,
3552,True,44.86,1048576,1,
3557,True,33.88,1048576,1,
3553,True,45.47,1048576,1,
3559,True,36.67,1048576,1,
3554,True,46.66,1048576,1,
3558,True,41.68,1048576,1,
3555,True,48.29,1048576,1,
3560,True,37.87,1048576,1,
3562,True,33.36,1048576,1,
3563,True,33.24,1048576,1,
3556,True,77.36,1048576,1,
3564,True,35.14,1048576,1,
3568,True,29.73,1048576,1,
3570,True,29.29,1048576,1,
3571,True,29.30,1048576,1,
3569,True,33.92,1048576,1,
3561,True,76.76,1048576,1,
3565,True,71.42,1048576,1,
3566,True,71.60,1048576,1,
3575,True,31.47,1048576,1,
3576,True,31.44,1048576,1,
3577,True,29.51,1048576,1,
3578,True,29.42,1048576,1,
3567,True,77.71,1048576,1,
3579,True,29.61,1048576,1,
3582,True,25.58,1048576,1,
3583,True,25.83,1048576,1,
3580,True,33.35,1048576,1,
3581,True,33.35,1048576,1,
3572,True,77.11,1048576,1,
3573,True,77.65,1048576,1,
3574,True,77.79,1048576,1,
3584,True,38.81,1048576,1,
3588,True,32.27,1048576,1,
3589,True,32.58,1048576,1,
3586,True,39.13,1048576,1,
3587,True,39.67,1048576,1,
3590,True,34.24,1048576,1,
3591,True,33.93,1048576,1,
3585,True,48.89,1048576,1,
3592,True,37.08,1048576,1,
3593,True,36.98,1048576,1,
3597,True,32.07,1048576,1,
3599,True,29.64,1048576,1,
3594,True,41.25,1048576,1,
3602,True,25.64,1048576,1,
3600,True,31.38,1048576,1,
3595,True,72.93,1048576,1,
3598,True,70.19,1048576,1,
3596,True,75.72,1048576,1,
3606,True,23.46,1048576,1,
3605,True,29.37,1048576,1,
3607,True,30.84,1048576,1,
3608,True,31.23,1048576,1,
3604,True,69.91,1048576,1,
3603,True,75.95,1048576,1,
3601,True,83.05,1048576,1,
3609,True,40.74,1048576,1,
3611,True,27.93,1048576,1,
3613,True,44.27,1048576,1,
3618,True,33.01,1048576,1,
3617,True,36.75,1048576,1,
3612,True,53.38,1048576,1,
3610,True,71.58,1048576,1,
3615,True,72.87,1048576,1,
3623,True,30.42,1048576,1,
3620,True,39.06,1048576,1,
3621,True,39.54,1048576,1,
3622,True,38.96,1048576,1,
3616,True,82.74,1048576,1,
3614,True,92.45,1048576,1,
3624,True,41.00,1048576,1,
3627,True,34.48,1048576,1,
3629,True,33.32,1048576,1,
3619,True,83.53,1048576,1,
3625,True,44.65,1048576,1,
3630,True,36.16,1048576,1,
3626,True,47.41,1048576,1,
3631,True,37.82,1048576,1,
3632,True,40.08,1048576,1,
3635,True,36.35,1048576,1,
3633,True,41.25,1048576,1,
3634,True,41.18,1048576,1,
3628,True,80.02,1048576,1,
3638,True,39.19,1048576,1,
3643,True,30.78,1048576,1,
3642,True,35.05,1048576,1,
3637,True,72.18,1048576,1,
3639,True,43.57,1048576,1,
3636,True,79.93,1048576,1,
3640,True,46.82,1048576,1,
3641,True,75.59,1048576,1,
3648,True,36.23,1048576,1,
3645,True,44.05,1048576,1,
3650,True,34.81,1048576,1,
3651,True,26.26,1048576,1,
3652,True,26.37,1048576,1,
3653,True,26.31,1048576,1,
3646,True,72.16,1048576,1,
3644,True,88.31,1048576,1,
3647,True,86.76,1048576,1,
3649,True,84.64,1048576,1,
3656,True,27.81,1048576,1,
3657,True,28.67,1048576,1,
3655,True,34.19,1048576,1,
3658,True,29.48,1048576,1,
3654,True,71.90,1048576,1,
3660,True,34.81,1048576,1,
3665,True,24.10,1048576,1,
3659,True,43.14,1048576,1,
3663,True,33.18,1048576,1,
3662,True,37.72,1048576,1,
3664,True,39.43,1048576,1,
3666,True,24.44,1048576,1,
3669,True,30.77,1048576,1,
3661,True,75.01,1048576,1,
3674,True,20.48,1048576,1,
3675,True,17.62,1048576,1,
3676,True,22.72,1048576,1,
3677,True,22.22,1048576,1,
3670,True,77.53,1048576,1,
3672,True,71.09,1048576,1,
3671,True,78.57,1048576,1,
3668,True,86.80,1048576,1,
3673,True,74.25,1048576,1,
3667,True,93.24,1048576,1,
3685,True,30.59,1048576,1,
3683,True,36.60,1048576,1,
3680,True,42.88,1048576,1,
3679,True,46.82,1048576,1,
3678,True,49.99,1048576,1,
3688,True,21.94,1048576,1,
3687,True,26.37,1048576,1,
3684,True,71.63,1048576,1,
3681,True,81.37,1048576,1,
3682,True,82.10,1048576,1,
3691,True,21.20,1048576,1,
3692,True,21.34,1048576,1,
3686,True,71.81,1048576,1,
3689,True,67.86,1048576,1,
3690,True,68.40,1048576,1,
3695,True,30.41,1048576,1,
3693,True,39.17,1048576,1,
3697,True,28.65,1048576,1,
3696,True,34.13,1048576,1,
3699,True,30.81,1048576,1,
3702,True,28.46,1048576,1,
3701,True,31.67,1048576,1,
3694,True,72.59,1048576,1,
3705,True,24.80,1048576,1,
3707,True,25.18,1048576,1,
3708,True,20.84,1048576,1,
3704,True,75.66,1048576,1,
3703,True,80.72,1048576,1,
3700,True,87.93,1048576,1,
3710,True,30.45,1048576,1,
3698,True,95.59,1048576,1,
3709,True,39.95,1048576,1,
3706,True,68.82,1048576,1,
3714,True,34.39,1048576,1,
3715,True,34.11,1048576,1,
3716,True,34.31,1048576,1,
3718,True,27.89,1048576,1,
3717,True,35.62,1048576,1,
3711,True,71.29,1048576,1,
3722,True,36.09,1048576,1,
3723,True,37.92,1048576,1,
3720,True,46.75,1048576,1,
3719,True,51.23,1048576,1,
3721,True,48.78,1048576,1,
3712,True,97.24,1048576,1,
3713,True,96.48,1048576,1,
3724,True,76.10,1048576,1,
3727,True,39.43,1048576,1,
3726,True,42.99,1048576,1,
3729,True,38.50,1048576,1,
3725,True,50.42,1048576,1,
3730,True,40.68,1048576,1,
3736,True,26.17,1048576,1,
3734,True,31.64,1048576,1,
3735,True,32.25,1048576,1,
3732,True,39.34,1048576,1,
3733,True,39.02,1048576,1,
3737,True,31.62,1048576,1,
3731,True,73.70,1048576,1,
3728,True,83.67,1048576,1,
3745,True,23.63,1048576,1,
3739,True,37.33,1048576,1,
3738,True,41.42,1048576,1,
3743,True,33.12,1048576,1,
3740,True,39.76,1048576,1,
3744,True,34.45,1048576,1,
3746,True,29.88,1048576,1,
3750,True,25.40,1048576,1,
3747,True,32.03,1048576,1,
3748,True,32.04,1048576,1,
3751,True,29.46,1048576,1,
3749,True,34.69,1048576,1,
3741,True,74.71,1048576,1,
3742,True,77.31,1048576,1,
3752,True,40.95,1048576,1,
3759,True,26.85,1048576,1,
3758,True,32.74,1048576,1,
3754,True,42.10,1048576,1,
3755,True,41.84,1048576,1,
3757,True,40.05,1048576,1,
3753,True,49.67,1048576,1,
3765,True,29.92,1048576,1,
3756,True,74.80,1048576,1,
3761,True,40.70,1048576,1,
3763,True,38.79,1048576,1,
3764,True,38.62,1048576,1,
3766,True,36.76,1048576,1,
3770,True,28.35,1048576,1,
3769,True,31.55,1048576,1,
3772,True,28.59,1048576,1,
3767,True,39.99,1048576,1,
3760,True,80.61,1048576,1,
3762,True,80.45,1048576,1,
3774,True,28.95,1048576,1,
3777,True,25.15,1048576,1,
3775,True,31.50,1048576,1,
3776,True,30.58,1048576,1,
3768,True,73.58,1048576,1,
3771,True,71.18,1048576,1,
3781,True,23.97,1048576,1,
3783,True,19.39,1048576,1,
3782,True,25.85,1048576,1,
3780,True,32.03,1048576,1,
3773,True,69.58,1048576,1,
3778,True,61.02,1048576,1,
3785,True,31.17,1048576,1,
3786,True,31.51,1048576,1,
3789,True,25.30,1048576,1,
3788,True,30.96,1048576,1,
3784,True,57.71,1048576,1,
3779,True,72.14,1048576,1,
3794,True,26.46,1048576,1,
3796,True,22.30,1048576,1,
3791,True,35.63,1048576,1,
3792,True,35.82,1048576,1,
3790,True,62.34,1048576,1,
3787,True,73.92,1048576,1,
3802,True,18.31,1048576,1,
3793,True,63.66,1048576,1,
3795,True,61.58,1048576,1,
3798,True,77.81,1048576,1,
3799,True,77.46,1048576,1,
3801,True,72.49,1048576,1,
3797,True,84.45,1048576,1,
3800,True,80.60,1048576,1,
3804,True,69.58,1048576,1,
3803,True,73.65,1048576,1,
3805,True,67.98,1048576,1,
3807,True,29.41,1048576,1,
3810,True,26.15,1048576,1,
3806,True,35.07,1048576,1,
3809,True,31.64,1048576,1,
3808,True,34.38,1048576,1,
3811,True,36.06,1048576,1,
3812,True,36.38,1048576,1,
3813,True,37.06,1048576,1,
3815,True,32.21,1048576,1,
3814,True,36.05,1048576,1,
3818,True,31.13,1048576,1,
3816,True,35.64,1048576,1,
3819,True,29.64,1048576,1,
3821,True,30.02,1048576,1,
3822,True,29.78,1048576,1,
3824,True,28.48,1048576,1,
3823,True,31.76,1048576,1,
3820,True,38.88,1048576,1,
3817,True,67.22,1048576,1,
3829,True,27.09,1048576,1,
3828,True,30.52,1048576,1,
3830,True,28.42,1048576,1,
3827,True,34.49,1048576,1,
3832,True,27.58,1048576,1,
3825,True,63.82,1048576,1,
3837,True,21.46,1048576,1,
3833,True,28.79,1048576,1,
3836,True,27.69,1048576,1,
3838,True,23.76,1048576,1,
3826,True,71.75,1048576,1,
3831,True,66.61,1048576,1,
3839,True,26.74,1048576,1,
3842,True,23.18,1048576,1,
3841,True,26.03,1048576,1,
3840,True,31.11,1048576,1,
3844,True,19.82,1048576,1,
3835,True,76.83,1048576,1,
3834,True,79.71,1048576,1,
3845,True,27.39,1048576,1,
3849,True,20.42,1048576,1,
3850,True,23.32,1048576,1,
3843,True,67.72,1048576,1,
3851,True,25.18,1048576,1,
3853,True,23.88,1048576,1,
3846,True,66.26,1048576,1,
3847,True,65.96,1048576,1,
3854,True,27.31,1048576,1,
3848,True,71.94,1048576,1,
3855,True,28.80,1048576,1,
3856,True,30.22,1048576,1,
3852,True,73.55,1048576,1,
3858,True,34.45,1048576,1,
3861,True,26.95,1048576,1,
3863,True,24.39,1048576,1,
3857,True,65.92,1048576,1,
3864,True,24.40,1048576,1,
3867,True,20.19,1048576,1,
3865,True,26.30,1048576,1,
3868,True,13.59,1048576,1,
3860,True,77.37,1048576,1,
3862,True,75.79,1048576,1,
3871,True,26.85,1048576,1,
3870,True,30.18,1048576,1,
3869,True,33.25,1048576,1,
3859,True,91.63,1048576,1,
3872,True,29.40,1048576,1,
3866,True,63.46,1048576,1,
3879,True,24.44,1048576,1,
3880,True,21.90,1048576,1,
3874,True,36.88,1048576,1,
3873,True,40.65,1048576,1,
3876,True,37.70,1048576,1,
3877,True,39.06,1048576,1,
3885,True,27.92,1048576,1,
3884,True,33.00,1048576,1,
3883,True,38.04,1048576,1,
3875,True,76.86,1048576,1,
3878,True,75.64,1048576,1,
3882,True,49.90,1048576,1,
3881,True,56.36,1048576,1,
3890,True,41.27,1048576,1,
3892,True,37.01,1048576,1,
3886,True,81.11,1048576,1,
3887,True,56.27,1048576,1,
3889,True,52.43,1048576,1,
3891,True,48.78,1048576,1,
3888,True,61.44,1048576,1,
3894,True,44.64,1048576,1,
3897,True,40.71,1048576,1,
3900,True,35.78,1048576,1,
3893,True,83.43,1048576,1,
3896,True,51.50,1048576,1,
3901,True,37.50,1048576,1,
3899,True,74.90,1048576,1,
3895,True,87.48,1048576,1,
3902,True,44.34,1048576,1,
3898,True,85.97,1048576,1,
3904,True,73.94,1048576,1,
3908,True,36.73,1048576,1,
3910,True,34.08,1048576,1,
3906,True,46.56,1048576,1,
3903,True,82.01,1048576,1,
3905,True,77.83,1048576,1,
3915,True,24.09,1048576,1,
3907,True,73.73,1048576,1,
3911,True,36.29,1048576,1,
3909,True,72.08,1048576,1,
3912,True,38.19,1048576,1,
3914,True,37.17,1048576,1,
3916,True,34.58,1048576,1,
3913,True,43.12,1048576,1,
3917,True,37.49,1048576,1,
3921,True,37.43,1048576,1,
3919,True,42.56,1048576,1,
3922,True,38.77,1048576,1,
3923,True,38.33,1048576,1,
3918,True,49.76,1048576,1,
3924,True,38.13,1048576,1,
3925,True,17.65,1048576,1,
3927,True,30.22,1048576,1,
3926,True,35.36,1048576,1,
3929,True,32.86,1048576,1,
3932,True,28.53,1048576,1,
3928,True,36.59,1048576,1,
3930,True,35.54,1048576,1,
3920,True,82.24,1048576,1,
3935,True,27.13,1048576,1,
3937,True,26.31,1048576,1,
3938,True,26.25,1048576,1,
3933,True,36.81,1048576,1,
3936,True,32.47,1048576,1,
3939,True,30.93,1048576,1,
3931,True,70.09,1048576,1,
3941,True,31.52,1048576,1,
3940,True,36.24,1048576,1,
3943,True,32.79,1048576,1,
3945,True,30.11,1048576,1,
3944,True,34.68,1048576,1,
3942,True,39.58,1048576,1,
3934,True,74.54,1048576,1,
3949,True,29.68,1048576,1,
3951,True,28.29,1048576,1,
3953,True,26.14,1048576,1,
3947,True,39.78,1048576,1,
3950,True,35.77,1048576,1,
3946,True,65.64,1048576,1,
3954,True,27.98,1048576,1,
3955,True,27.32,1048576,1,
3956,True,26.47,1048576,1,
3957,True,26.85,1048576,1,
3958,True,26.08,1048576,1,
3948,True,75.46,1048576,1,
3952,True,70.47,1048576,1,
3962,True,22.67,1048576,1,
3960,True,29.54,1048576,1,
3964,True,24.79,1048576,1,
3963,True,27.33,1048576,1,
3965,True,17.61,1048576,1,
3959,True,71.53,1048576,1,
3970,True,22.26,1048576,1,
3967,True,29.80,1048576,1,
3971,True,23.38,1048576,1,
3968,True,29.26,1048576,1,
3961,True,70.93,1048576,1,
3975,True,26.41,1048576,1,
3974,True,31.00,1048576,1,
3966,True,72.10,1048576,1,
3972,True,37.70,1048576,1,
3977,True,19.49,1048576,1,
3969,True,65.35,1048576,1,
3976,True,38.48,1048576,1,
3981,True,33.60,1048576,1,
3978,True,42.41,1048576,1,
3979,True,40.75,1048576,1,
3982,True,38.31,1048576,1,
3983,True,35.67,1048576,1,
3980,True,44.52,1048576,1,
3973,True,82.77,1048576,1,
3990,True,25.25,1048576,1,
3985,True,37.52,1048576,1,
3988,True,36.73,1048576,1,
3991,True,31.87,1048576,1,
3984,True,73.55,1048576,1,
3992,True,20.00,1048576,1,
3994,True,23.57,1048576,1,
3996,True,22.39,1048576,1,
3987,True,78.63,1048576,1,
3989,True,76.25,1048576,1,
3986,True,83.72,1048576,1,
3999,True,17.18,1048576,1,
3998,True,22.21,1048576,1,
3993,True,66.37,1048576,1,
3995,True,67.40,1048576,1,
4001,True,30.20,1048576,1,
4002,True,30.33,1048576,1,
4000,True,35.66,1048576,1,
3997,True,64.59,1048576,1,
4004,True,31.55,1048576,1,
4003,True,36.72,1048576,1,
4005,True,24.04,1048576,1,
4013,True,33.57,1048576,1,
4008,True,50.60,1048576,1,
4012,True,44.79,1048576,1,
4010,True,50.66,1048576,1,
4009,True,54.46,1048576,1,
4007,True,79.74,1048576,1,
4014,True,33.78,1048576,1,
4006,True,88.27,1048576,1,
4011,True,81.27,1048576,1,
4017,True,33.53,1048576,1,
4022,True,26.61,1048576,1,
4018,True,69.47,1048576,1,
4015,True,77.80,1048576,1,
4016,True,77.70,1048576,1,
4024,True,18.58,1048576,1,
4019,True,81.25,1048576,1,
4025,True,34.36,1048576,1,
4026,True,33.66,1048576,1,
4020,True,84.07,1048576,1,
4028,True,32.58,1048576,1,
4023,True,78.99,1048576,1,
4021,True,86.91,1048576,1,
4029,True,39.70,1048576,1,
4032,True,36.66,1048576,1,
4031,True,39.68,1048576,1,
4027,True,73.84,1048576,1,
4036,True,24.21,1048576,1,
4038,True,23.26,1048576,1,
4034,True,75.19,1048576,1,
4035,True,75.38,1048576,1,
4033,True,83.12,1048576,1,
4030,True,90.12,1048576,1,
4040,True,28.56,1048576,1,
4037,True,65.62,1048576,1,
4039,True,64.53,1048576,1,
4045,True,21.37,1048576,1,
4043,True,27.56,1048576,1,
4044,True,27.36,1048576,1,
4046,True,24.74,1048576,1,
4041,True,68.05,1048576,1,
4049,True,28.34,1048576,1,
4051,True,26.40,1048576,1,
4052,True,26.58,1048576,1,
4050,True,31.53,1048576,1,
4047,True,42.09,1048576,1,
4042,True,70.85,1048576,1,
4053,True,42.13,1048576,1,
4055,True,34.62,1048576,1,
4057,True,35.01,1048576,1,
4058,True,34.00,1048576,1,
4048,True,76.56,1048576,1,
4064,True,22.16,1048576,1,
4063,True,25.71,1048576,1,
4060,True,35.51,1048576,1,
4054,True,74.21,1048576,1,
4056,True,73.39,1048576,1,
4059,True,67.01,1048576,1,
4066,True,32.58,1048576,1,
4065,True,36.84,1048576,1,
4069,True,27.73,1048576,1,
4067,True,35.63,1048576,1,
4068,True,35.28,1048576,1,
4061,True,75.69,1048576,1,
4062,True,75.41,1048576,1,
4072,True,36.35,1048576,1,
4076,True,31.13,1048576,1,
4073,True,39.91,1048576,1,
4075,True,37.23,1048576,1,
4071,True,46.95,1048576,1,
4070,True,71.53,1048576,1,
4074,True,46.39,1048576,1,
4077,True,41.83,1048576,1,
4078,True,46.18,1048576,1,
4082,True,39.34,1048576,1,
4080,True,44.19,1048576,1,
4081,True,43.57,1048576,1,
4083,True,41.87,1048576,1,
4090,True,25.06,1048576,1,
4089,True,28.50,1048576,1,
4087,True,33.18,1048576,1,
4086,True,37.18,1048576,1,
4088,True,35.94,1048576,1,
4084,True,74.55,1048576,1,
4085,True,71.63,1048576,1,
4079,True,89.75,1048576,1,
4096,True,35.55,1048576,1,
4095,True,40.10,1048576,1,
4093,True,46.23,1048576,1,
4091,True,51.62,1048576,1,
4092,True,52.45,1048576,1,
4098,True,41.94,1048576,1,
4103,True,28.56,1048576,1,
4101,True,34.49,1048576,1,
4099,True,40.36,1048576,1,
4094,True,82.94,1048576,1,
4102,True,38.36,1048576,1,
4097,True,81.19,1048576,1,
4104,True,40.26,1048576,1,
4106,True,36.88,1048576,1,
4105,True,41.36,1048576,1,
4111,True,27.81,1048576,1,
4100,True,80.40,1048576,1,
4108,True,42.48,1048576,1,
4110,True,40.41,1048576,1,
4114,True,28.06,1048576,1,
4116,True,25.47,1048576,1,
4113,True,33.50,1048576,1,
4117,True,27.15,1048576,1,
4109,True,72.75,1048576,1,
4107,True,78.84,1048576,1,
4119,True,30.76,1048576,1,
4121,True,28.56,1048576,1,
4122,True,28.51,1048576,1,
4112,True,75.13,1048576,1,
4118,True,43.95,1048576,1,
4120,True,43.67,1048576,1,
4115,True,76.63,1048576,1,
4124,True,36.84,1048576,1,
4126,True,35.31,1048576,1,
4127,True,31.27,1048576,1,
4128,True,30.47,1048576,1,
4130,True,26.49,1048576,1,
4123,True,80.89,1048576,1,
4133,True,24.13,1048576,1,
4135,True,23.15,1048576,1,
4131,True,31.10,1048576,1,
4132,True,30.65,1048576,1,
4136,True,22.60,1048576,1,
4125,True,81.80,1048576,1,
4129,True,75.23,1048576,1,
4140,True,28.26,1048576,1,
4141,True,24.43,1048576,1,
4143,True,18.20,1048576,1,
4134,True,69.46,1048576,1,
4144,True,25.31,1048576,1,
4137,True,63.00,1048576,1,
4138,True,66.60,1048576,1,
4139,True,67.55,1048576,1,
4147,True,26.13,1048576,1,
4148,True,17.86,1048576,1,
4142,True,66.69,1048576,1,
4149,True,29.22,1048576,1,
4151,True,25.80,1048576,1,
4153,True,24.37,1048576,1,
4145,True,67.64,1048576,1,
4154,True,25.06,1048576,1,
4146,True,69.75,1048576,1,
4155,True,23.66,1048576,1,
4156,True,21.79,1048576,1,
4157,True,36.16,1048576,1,
4161,True,23.59,1048576,1,
4160,True,29.35,1048576,1,
4162,True,23.68,1048576,1,
4150,True,78.20,1048576,1,
4152,True,75.04,1048576,1,
4165,True,31.91,1048576,1,
4163,True,37.92,1048576,1,
4168,True,32.40,1048576,1,
4166,True,38.69,1048576,1,
4167,True,38.51,1048576,1,
4159,True,77.50,1048576,1,
4158,True,81.54,1048576,1,
4164,True,75.70,1048576,1,
4171,True,37.03,1048576,1,
4170,True,40.86,1048576,1,
4173,True,36.14,1048576,1,
4169,True,49.76,1048576,1,
4175,True,35.79,1048576,1,
4176,True,33.36,1048576,1,
4172,True,68.92,1048576,1,
4180,True,28.86,1048576,1,
4181,True,29.03,1048576,1,
4177,True,39.88,1048576,1,
4174,True,74.91,1048576,1,
4182,True,34.87,1048576,1,
4187,True,24.90,1048576,1,
4184,True,36.07,1048576,1,
4186,True,33.79,1048576,1,
4178,True,75.35,1048576,1,
4183,True,47.69,1048576,1,
4179,True,81.65,1048576,1,
4189,True,43.29,1048576,1,
4188,True,47.77,1048576,1,
4190,True,45.14,1048576,1,
4185,True,82.50,1048576,1,
4194,True,35.46,1048576,1,
4192,True,45.15,1048576,1,
4191,True,51.41,1048576,1,
4196,True,40.79,1048576,1,
4198,True,39.26,1048576,1,
4193,True,78.95,1048576,1,
4199,True,40.78,1048576,1,
4201,True,36.97,1048576,1,
4204,True,25.88,1048576,1,
4206,True,25.70,1048576,1,
4202,True,35.17,1048576,1,
4203,True,34.64,1048576,1,
4195,True,84.63,1048576,1,
4197,True,82.86,1048576,1,
4200,True,79.33,1048576,1,
4210,True,37.09,1048576,1,
4205,True,73.00,1048576,1,
4212,True,36.62,1048576,1,
4211,True,40.90,1048576,1,
4213,True,40.32,1048576,1,
4207,True,57.92,1048576,1,
4208,True,58.53,1048576,1,
4209,True,88.16,1048576,1,
4214,True,50.16,1048576,1,
4218,True,40.48,1048576,1,
4216,True,48.58,1048576,1,
4217,True,49.16,1048576,1,
4219,True,45.74,1048576,1,
4220,True,44.63,1048576,1,
4221,True,39.21,1048576,1,
4223,True,37.48,1048576,1,
4222,True,41.54,1048576,1,
4215,True,91.67,1048576,1,
4227,True,34.25,1048576,1,
4224,True,43.46,1048576,1,
4226,True,41.15,1048576,1,
4225,True,48.09,1048576,1,
4234,True,29.75,1048576,1,
4232,True,36.29,1048576,1,
4228,True,47.19,1048576,1,
4229,True,47.06,1048576,1,
4239,True,18.71,1048576,1,
4238,True,23.14,1048576,1,
4231,True,82.19,1048576,1,
4235,True,74.28,1048576,1,
4241,True,21.44,1048576,1,
4230,True,92.22,1048576,1,
4240,True,28.39,1048576,1,
4233,True,90.00,1048576,1,
4236,True,80.43,1048576,1,
4237,True,80.71,1048576,1,
4243,True,38.96,1048576,1,
4244,True,38.74,1048576,1,
4245,True,37.93,1048576,1,
4246,True,38.52,1048576,1,
4242,True,51.33,1048576,1,
4247,True,42.76,1048576,1,
4249,True,40.86,1048576,1,
4254,True,29.14,1048576,1,
4251,True,38.63,1048576,1,
4248,True,49.81,1048576,1,
4253,True,38.82,1048576,1,
4256,True,29.40,1048576,1,
4258,True,27.36,1048576,1,
4260,True,24.91,1048576,1,
4257,True,33.92,1048576,1,
4259,True,32.02,1048576,1,
4252,True,79.61,1048576,1,
4250,True,88.22,1048576,1,
4255,True,77.64,1048576,1,
4261,True,52.06,1048576,1,
4267,True,33.83,1048576,1,
4265,True,48.18,1048576,1,
4262,True,57.21,1048576,1,
4263,True,58.28,1048576,1,
4266,True,48.38,1048576,1,
4268,True,45.98,1048576,1,
4264,True,92.34,1048576,1,
4270,True,45.44,1048576,1,
4272,True,43.40,1048576,1,
4271,True,47.53,1048576,1,
4274,True,41.47,1048576,1,
4269,True,58.29,1048576,1,
4273,True,50.40,1048576,1,
4277,True,50.44,1048576,1,
4280,True,48.08,1048576,1,
4275,True,88.45,1048576,1,
4276,True,61.60,1048576,1,
4282,True,49.74,1048576,1,
4279,True,61.34,1048576,1,
4278,True,102.93,1048576,1,
4281,True,98.26,1048576,1,
4283,True,59.69,1048576,1,
4285,True,56.65,1048576,1,
4284,True,61.33,1048576,1,
4287,True,55.42,1048576,1,
4288,True,55.92,1048576,1,
4286,True,65.91,1048576,1,
4290,True,59.88,1048576,1,
4292,True,57.30,1048576,1,
4291,True,62.19,1048576,1,
4293,True,59.65,1048576,1,
4294,True,59.47,1048576,1,
4295,True,57.91,1048576,1,
4289,True,77.15,1048576,1,
4296,True,94.01,1048576,1,
4300,True,45.98,1048576,1,
4301,True,46.19,1048576,1,
4298,True,55.48,1048576,1,
4297,True,61.01,1048576,1,
4299,True,57.88,1048576,1,
4304,True,54.09,1048576,1,
4305,True,54.57,1048576,1,
4303,True,97.21,1048576,1,
4308,True,51.78,1048576,1,
4302,True,105.07,1048576,1,
4306,True,62.55,1048576,1,
4309,True,60.35,1048576,1,
4307,True,67.70,1048576,1,
4314,True,42.59,1048576,1,
4315,True,41.83,1048576,1,
4316,True,37.89,1048576,1,
4317,True,37.66,1048576,1,
4312,True,55.14,1048576,1,
4311,True,101.71,1048576,1,
4321,True,48.18,1048576,1,
4310,True,109.04,1048576,1,
4322,True,50.86,1048576,1,
4319,True,57.94,1048576,1,
4313,True,106.51,1048576,1,
4318,True,62.57,1048576,1,
4320,True,61.81,1048576,1,
4325,True,51.31,1048576,1,
4323,True,58.58,1048576,1,
4328,True,51.04,1048576,1,
4326,True,56.15,1048576,1,
4324,True,63.00,1048576,1,
4327,True,58.50,1048576,1,
4330,True,54.39,1048576,1,
4329,True,60.79,1048576,1,
4331,True,58.88,1048576,1,
4333,True,56.58,1048576,1,
4338,True,46.93,1048576,1,
4336,True,54.76,1048576,1,
4335,True,57.99,1048576,1,
4332,True,68.22,1048576,1,
4337,True,62.45,1048576,1,
4334,True,90.13,1048576,1,
4339,True,55.51,1048576,1,
4340,True,55.16,1048576,1,
4341,True,54.72,1048576,1,
4345,True,45.56,1048576,1,
4343,True,55.54,1048576,1,
4346,True,31.85,1048576,1,
4342,True,108.32,1048576,1,
4351,True,52.97,1048576,1,
4352,True,49.73,1048576,1,
4347,True,66.50,1048576,1,
4344,True,113.11,1048576,1,
4349,True,67.39,1048576,1,
4350,True,67.30,1048576,1,
4348,True,72.57,1048576,1,
4354,True,58.14,1048576,1,
4356,True,55.22,1048576,1,
4358,True,52.98,1048576,1,
4359,True,52.66,1048576,1,
4355,True,63.14,1048576,1,
4360,True,54.88,1048576,1,
4357,True,62.29,1048576,1,
4353,True,78.65,1048576,1,
4364,True,50.37,1048576,1,
4367,True,53.57,1048576,1,
4365,True,58.34,1048576,1,
4366,True,58.19,1048576,1,
4368,True,52.34,1048576,1,
4363,True,67.00,1048576,1,
4369,True,83.06,1048576,1,
4362,True,145.88,1048576,1,
4372,True,81.10,1048576,1,
4373,True,94.18,1048576,1,
4371,True,99.37,1048576,1,
4361,True,169.62,1048576,1,
4374,True,107.59,1048576,1,
4370,True,115.82,1048576,1,
4375,True,65.92,1048576,1,
4377,True,74.38,1048576,1,
4376,True,77.47,1048576,1,
4378,True,95.32,1048576,1,
4380,True,92.01,1048576,1,
4379,True,95.09,1048576,1,
4382,True,89.45,1048576,1,
4383,True,67.01,1048576,1,
4385,True,54.89,1048576,1,
4381,True,103.66,1048576,1,
4384,True,59.94,1048576,1,
4387,True,50.06,1048576,1,
4389,True,92.97,1048576,1,
4390,True,91.16,1048576,1,
4393,True,87.23,1048576,1,
4391,True,92.00,1048576,1,
4392,True,91.69,1048576,1,
4394,True,67.50,1048576,1,
4388,True,118.71,1048576,1,
4386,True,122.80,1048576,1,
4396,True,23.11,1048576,1,
4399,True,38.34,1048576,1,
4403,True,27.13,1048576,1,
4400,True,38.18,1048576,1,
4397,True,47.11,1048576,1,
4402,True,38.89,1048576,1,
4395,True,59.32,1048576,1,
4405,True,44.07,1048576,1,
4407,True,42.90,1048576,1,
4406,True,46.21,1048576,1,
4398,True,93.20,1048576,1,
4401,True,87.38,1048576,1,
4404,True,55.92,1048576,1,
4410,True,40.99,1048576,1,
4409,True,80.36,1048576,1,
4408,True,83.23,1048576,1,
4411,True,43.68,1048576,1,
4414,True,39.79,1048576,1,
4419,True,42.90,1048576,1,
4420,True,43.16,1048576,1,
4412,True,88.88,1048576,1,
4413,True,87.88,1048576,1,
4415,True,87.30,1048576,1,
4417,True,92.35,1048576,1,
4416,True,95.70,1048576,1,
4421,True,49.22,1048576,1,
4422,True,48.29,1048576,1,
4418,True,96.43,1048576,1,
4424,True,49.37,1048576,1,
4425,True,48.35,1048576,1,
4423,True,65.53,1048576,1,
4430,True,36.47,1048576,1,
4431,True,36.27,1048576,1,
4426,True,45.60,1048576,1,
4432,True,37.23,1048576,1,
4429,True,44.07,1048576,1,
4428,True,46.38,1048576,1,
4436,True,40.80,1048576,1,
4439,True,40.09,1048576,1,
4434,True,48.95,1048576,1,
4433,True,70.04,1048576,1,
4437,True,46.96,1048576,1,
4427,True,94.27,1048576,1,
4435,True,52.25,1048576,1,
4438,True,49.48,1048576,1,
4442,True,39.06,1048576,1,
4440,True,45.49,1048576,1,
4444,True,39.61,1048576,1,
4447,True,36.85,1048576,1,
4450,True,39.32,1048576,1,
4448,True,44.78,1048576,1,
4451,True,42.04,1048576,1,
4445,True,83.62,1048576,1,
4446,True,83.64,1048576,1,
4449,True,48.79,1048576,1,
4441,True,93.08,1048576,1,
4443,True,92.00,1048576,1,
4452,True,46.28,1048576,1,
4458,True,38.19,1048576,1,
4455,True,43.28,1048576,1,
4456,True,43.30,1048576,1,
4459,True,40.49,1048576,1,
4454,True,49.06,1048576,1,
4453,True,51.78,1048576,1,
4457,True,71.50,1048576,1,
4461,True,32.61,1048576,1,
4465,True,28.42,1048576,1,
4466,True,28.44,1048576,1,
4469,True,26.65,1048576,1,
4467,True,31.27,1048576,1,
4470,True,28.77,1048576,1,
4468,True,32.95,1048576,1,
4462,True,83.01,1048576,1,
4464,True,81.71,1048576,1,
4460,True,88.65,1048576,1,
4463,True,85.89,1048576,1,
4471,True,27.83,1048576,1,
4473,True,26.19,1048576,1,
4476,True,38.92,1048576,1,
4477,True,39.06,1048576,1,
4475,True,43.43,1048576,1,
4474,True,62.74,1048576,1,
4480,True,38.95,1048576,1,
4472,True,68.35,1048576,1,
4482,True,38.72,1048576,1,
4481,True,41.98,1048576,1,
4478,True,80.78,1048576,1,
4479,True,80.86,1048576,1,
4483,True,43.68,1048576,1,
4484,True,44.94,1048576,1,
4490,True,37.19,1048576,1,
4492,True,35.00,1048576,1,
4491,True,38.83,1048576,1,
4488,True,44.44,1048576,1,
4489,True,43.84,1048576,1,
4486,True,83.32,1048576,1,
4485,True,85.87,1048576,1,
4495,True,38.67,1048576,1,
4496,True,39.27,1048576,1,
4487,True,87.52,1048576,1,
4499,True,38.13,1048576,1,
4493,True,47.49,1048576,1,
4494,True,47.21,1048576,1,
4497,True,45.52,1048576,1,
4500,True,40.70,1048576,1,
4504,True,36.10,1048576,1,
4498,True,79.02,1048576,1,
4501,True,43.22,1048576,1,
4506,True,36.92,1048576,1,
4502,True,45.35,1048576,1,
4511,True,31.55,1048576,1,
4507,True,39.47,1048576,1,
4508,True,39.69,1048576,1,
4505,True,76.83,1048576,1,
4503,True,81.35,1048576,1,
4513,True,47.18,1048576,1,
4514,True,47.24,1048576,1,
4517,True,43.52,1048576,1,
4516,True,47.05,1048576,1,
4512,True,84.13,1048576,1,
4509,True,90.85,1048576,1,
4510,True,91.34,1048576,1,
4515,True,55.66,1048576,1,
4518,True,47.51,1048576,1,
4524,True,39.64,1048576,1,
4520,True,48.72,1048576,1,
4525,True,42.07,1048576,1,
4519,True,53.65,1048576,1,
4521,True,54.26,1048576,1,
4522,True,96.61,1048576,1,
4529,True,50.43,1048576,1,
4523,True,98.89,1048576,1,
4531,True,48.90,1048576,1,
4528,True,57.34,1048576,1,
4530,True,55.88,1048576,1,
4526,True,66.88,1048576,1,
4527,True,93.32,1048576,1,
4538,True,36.93,1048576,1,
4533,True,49.63,1048576,1,
4534,True,49.13,1048576,1,
4536,True,48.68,1048576,1,
4532,True,58.30,1048576,1,
4539,True,33.16,1048576,1,
4537,True,102.09,1048576,1,
4542,True,60.70,1048576,1,
4544,True,57.48,1048576,1,
4541,True,65.77,1048576,1,
4543,True,62.84,1048576,1,
4535,True,115.10,1048576,1,
4545,True,49.09,1048576,1,
4540,True,75.20,1048576,1,
4548,True,40.37,1048576,1,
4552,True,34.79,1048576,1,
4547,True,44.31,1048576,1,
4549,True,42.90,1048576,1,
4550,True,42.77,1048576,1,
4553,True,37.86,1048576,1,
4556,True,37.05,1048576,1,
4559,True,35.35,1048576,1,
4554,True,42.95,1048576,1,
4546,True,90.09,1048576,1,
4551,True,82.47,1048576,1,
4555,True,46.51,1048576,1,
4558,True,76.46,1048576,1,
4560,True,42.63,1048576,1,
4557,True,80.64,1048576,1,
4564,True,39.37,1048576,1,
4563,True,41.81,1048576,1,
4565,True,39.48,1048576,1,
4562,True,45.72,1048576,1,
4561,True,49.25,1048576,1,
4570,True,42.12,1048576,1,
4568,True,46.76,1048576,1,
4569,True,46.80,1048576,1,
4572,True,44.87,1048576,1,
4567,True,52.24,1048576,1,
4571,True,48.89,1048576,1,
4573,True,46.41,1048576,1,
4575,True,39.26,1048576,1,
4566,True,91.56,1048576,1,
4576,True,41.26,1048576,1,
4579,True,38.04,1048576,1,
4578,True,41.39,1048576,1,
4581,True,34.86,1048576,1,
4584,True,32.07,1048576,1,
4585,True,32.91,1048576,1,
4580,True,73.56,1048576,1,
4574,True,84.19,1048576,1,
4577,True,81.27,1048576,1,
4587,True,40.45,1048576,1,
4590,True,38.45,1048576,1,
4586,True,47.34,1048576,1,
4582,True,82.18,1048576,1,
4588,True,45.55,1048576,1,
4589,True,45.37,1048576,1,
4583,True,84.56,1048576,1,
4598,True,38.73,1048576,1,
4597,True,43.05,1048576,1,
4594,True,48.18,1048576,1,
4596,True,46.92,1048576,1,
4591,True,89.10,1048576,1,
4595,True,50.60,1048576,1,
4592,True,56.77,1048576,1,
4593,True,79.93,1048576,1,
4602,True,29.97,1048576,1,
4600,True,33.89,1048576,1,
4605,True,28.82,1048576,1,
4609,True,20.90,1048576,1,
4608,True,23.52,1048576,1,
4599,True,66.59,1048576,1,
4601,True,74.74,1048576,1,
4603,True,88.10,1048576,1,
4604,True,88.35,1048576,1,
4610,True,40.11,1048576,1,
4611,True,39.98,1048576,1,
4612,True,35.81,1048576,1,
4606,True,70.11,1048576,1,
4607,True,70.06,1048576,1,
4613,True,27.71,1048576,1,
4614,True,41.72,1048576,1,
4617,True,37.48,1048576,1,
4616,True,40.36,1048576,1,
4619,True,36.97,1048576,1,
4621,True,36.18,1048576,1,
4622,True,43.72,1048576,1,
4623,True,43.03,1048576,1,
4615,True,87.66,1048576,1,
4625,True,42.98,1048576,1,
4620,True,80.43,1048576,1,
4626,True,44.94,1048576,1,
4618,True,87.66,1048576,1,
4630,True,44.89,1048576,1,
4633,True,40.70,1048576,1,
4631,True,46.18,1048576,1,
4629,True,50.08,1048576,1,
4632,True,46.22,1048576,1,
4627,True,55.63,1048576,1,
4624,True,98.85,1048576,1,
4628,True,58.23,1048576,1,
4634,True,46.78,1048576,1,
4638,True,43.54,1048576,1,
4636,True,47.38,1048576,1,
4637,True,47.08,1048576,1,
4639,True,46.29,1048576,1,
4640,True,45.63,1048576,1,
4643,True,43.88,1048576,1,
4645,True,43.33,1048576,1,
4635,True,95.25,1048576,1,
4647,True,42.36,1048576,1,
4642,True,51.70,1048576,1,
4641,True,90.09,1048576,1,
4648,True,45.19,1048576,1,
4652,True,42.41,1048576,1,
4653,True,42.08,1048576,1,
4650,True,47.28,1048576,1,
4644,True,95.13,1048576,1,
4649,True,51.53,1048576,1,
4646,True,94.71,1048576,1,
4651,True,77.54,1048576,1,
4654,True,37.87,1048576,1,
4656,True,35.01,1048576,1,
4660,True,31.59,1048576,1,
4664,True,25.73,1048576,1,
4662,True,38.55,1048576,1,
4659,True,78.64,1048576,1,
4665,True,19.42,1048576,1,
4655,True,86.38,1048576,1,
4658,True,84.51,1048576,1,
4657,True,87.15,1048576,1,
4666,True,18.08,1048576,1,
4663,True,63.28,1048576,1,
4661,True,68.65,1048576,1,
4667,True,52.95,1048576,1,
4670,True,50.41,1048576,1,
4668,True,55.02,1048576,1,
4671,True,52.39,1048576,1,
4673,True,43.09,1048576,1,
4669,True,57.95,1048576,1,
4674,True,45.29,1048576,1,
4672,True,56.73,1048576,1,
4681,True,33.46,1048576,1,
4675,True,46.03,1048576,1,
4677,True,43.87,1048576,1,
4678,True,43.36,1048576,1,
4682,True,37.66,1048576,1,
4686,True,37.18,1048576,1,
4683,True,42.54,1048576,1,
4684,True,42.41,1048576,1,
4680,True,82.82,1048576,1,
4676,True,89.89,1048576,1,
4685,True,45.14,1048576,1,
4679,True,89.13,1048576,1,
4687,True,75.85,1048576,1,
4692,True,36.12,1048576,1,
4691,True,38.84,1048576,1,
4693,True,38.03,1048576,1,
4689,True,44.59,1048576,1,
4694,True,39.71,1048576,1,
4688,True,86.50,1048576,1,
4699,True,42.28,1048576,1,
4696,True,48.87,1048576,1,
4700,True,42.92,1048576,1,
4697,True,50.15,1048576,1,
4695,True,56.11,1048576,1,
4698,True,53.10,1048576,1,
4690,True,97.95,1048576,1,
4703,True,48.53,1048576,1,
4705,True,48.31,1048576,1,
4701,True,56.64,1048576,1,
4707,True,47.07,1048576,1,
4708,True,46.58,1048576,1,
4704,True,55.99,1048576,1,
4702,True,62.36,1048576,1,
4712,True,46.64,1048576,1,
4710,True,54.26,1048576,1,
4711,True,55.76,1048576,1,
4706,True,104.97,1048576,1,
4715,True,50.93,1048576,1,
4713,True,57.18,1048576,1,
4709,True,65.84,1048576,1,
4714,True,91.79,1048576,1,
4719,True,43.72,1048576,1,
4716,True,53.38,1048576,1,
4718,True,48.46,1048576,1,
4721,True,44.73,1048576,1,
4723,True,42.66,1048576,1,
4725,True,37.60,1048576,1,
4727,True,36.24,1048576,1,
4724,True,42.68,1048576,1,
4722,True,83.69,1048576,1,
4720,True,89.38,1048576,1,
4717,True,98.03,1048576,1,
4731,True,41.21,1048576,1,
4726,True,83.07,1048576,1,
4732,True,42.62,1048576,1,
4728,True,50.42,1048576,1,
4730,True,48.88,1048576,1,
4733,True,44.70,1048576,1,
4734,True,43.12,1048576,1,
4729,True,55.43,1048576,1,
4737,True,44.51,1048576,1,
4735,True,49.62,1048576,1,
4742,True,40.21,1048576,1,
4741,True,43.60,1048576,1,
4738,True,49.69,1048576,1,
4739,True,49.41,1048576,1,
4740,True,50.73,1048576,1,
4745,True,40.20,1048576,1,
4736,True,92.37,1048576,1,
4747,True,41.05,1048576,1,
4744,True,46.68,1048576,1,
4749,True,40.00,1048576,1,
4746,True,46.96,1048576,1,
4748,True,44.86,1048576,1,
4743,True,83.07,1048576,1,
4754,True,33.92,1048576,1,
4755,True,34.08,1048576,1,
4750,True,42.97,1048576,1,
4756,True,35.39,1048576,1,
4752,True,42.32,1048576,1,
4759,True,41.07,1048576,1,
4762,True,38.91,1048576,1,
4761,True,41.95,1048576,1,
4753,True,83.06,1048576,1,
4760,True,46.18,1048576,1,
4751,True,89.98,1048576,1,
4767,True,37.98,1048576,1,
4757,True,90.78,1048576,1,
4758,True,90.37,1048576,1,
4763,True,48.56,1048576,1,
4768,True,41.43,1048576,1,
4764,True,49.47,1048576,1,
4765,True,49.39,1048576,1,
4773,True,41.06,1048576,1,
4771,True,45.44,1048576,1,
4774,True,42.74,1048576,1,
4770,True,49.45,1048576,1,
4766,True,92.56,1048576,1,
4775,True,45.59,1048576,1,
4772,True,51.06,1048576,1,
4777,True,50.24,1048576,1,
4780,True,48.61,1048576,1,
4778,True,52.59,1048576,1,
4769,True,104.24,1048576,1,
4779,True,54.61,1048576,1,
4782,True,52.94,1048576,1,
4776,True,73.88,1048576,1,
4781,True,76.92,1048576,1,
4785,True,37.04,1048576,1,
4786,True,37.34,1048576,1,
4788,True,33.80,1048576,1,
4787,True,37.70,1048576,1,
4789,True,24.04,1048576,1,
4783,True,47.46,1048576,1,
4790,True,27.14,1048576,1,
4795,True,33.21,1048576,1,
4797,True,21.87,1048576,1,
4784,True,80.57,1048576,1,
4791,True,42.76,1048576,1,
4792,True,42.44,1048576,1,
4799,True,36.46,1048576,1,
4802,True,34.46,1048576,1,
4794,True,76.26,1048576,1,
4801,True,38.20,1048576,1,
4796,True,76.25,1048576,1,
4793,True,82.24,1048576,1,
4798,True,47.22,1048576,1,
4804,True,41.65,1048576,1,
4807,True,39.72,1048576,1,
4806,True,43.82,1048576,1,
4803,True,50.07,1048576,1,
4808,True,43.88,1048576,1,
4809,True,43.69,1048576,1,
4800,True,90.84,1048576,1,
4805,True,84.07,1048576,1,
4810,True,44.67,1048576,1,
4814,True,38.61,1048576,1,
4812,True,43.31,1048576,1,
4811,True,46.70,1048576,1,
4813,True,44.34,1048576,1,
4816,True,41.27,1048576,1,
4815,True,46.34,1048576,1,
4820,True,40.69,1048576,1,
4821,True,40.47,1048576,1,
4817,True,48.50,1048576,1,
4823,True,40.17,1048576,1,
4822,True,43.26,1048576,1,
4824,True,40.25,1048576,1,
4828,True,37.39,1048576,1,
4829,True,37.51,1048576,1,
4827,True,41.52,1048576,1,
4826,True,43.94,1048576,1,
4819,True,89.63,1048576,1,
4818,True,94.39,1048576,1,
4834,True,41.91,1048576,1,
4833,True,46.74,1048576,1,
4836,True,42.84,1048576,1,
4831,True,51.92,1048576,1,
4832,True,51.58,1048576,1,
4835,True,48.73,1048576,1,
4830,True,90.75,1048576,1,
4825,True,99.52,1048576,1,
4837,True,34.74,1048576,1,
4844,True,24.88,1048576,1,
4846,True,20.34,1048576,1,
4845,True,23.26,1048576,1,
4842,True,87.13,1048576,1,
4840,True,93.89,1048576,1,
4847,True,44.02,1048576,1,
4843,True,93.64,1048576,1,
4841,True,97.67,1048576,1,
4839,True,101.57,1048576,1,
4838,True,105.86,1048576,1,
4848,True,80.41,1048576,1,
4849,True,45.74,1048576,1,
4855,True,33.35,1048576,1,
4850,True,44.41,1048576,1,
4854,True,49.73,1048576,1,
4856,True,41.15,1048576,1,
4858,True,39.48,1048576,1,
4857,True,43.04,1048576,1,
4851,True,84.49,1048576,1,
4852,True,84.24,1048576,1,
4853,True,84.32,1048576,1,
4860,True,34.45,1048576,1,
4859,True,48.17,1048576,1,
4864,True,39.45,1048576,1,
4862,True,44.80,1048576,1,
4863,True,44.29,1048576,1,
4868,True,37.45,1048576,1,
4861,True,51.18,1048576,1,
4869,True,54.50,1048576,1,
4873,True,49.98,1048576,1,
4867,True,94.00,1048576,1,
4870,True,58.35,1048576,1,
4872,True,56.86,1048576,1,
4865,True,101.86,1048576,1,
4866,True,102.03,1048576,1,
4871,True,64.53,1048576,1,
4876,True,53.40,1048576,1,
4881,True,45.89,1048576,1,
4874,True,60.64,1048576,1,
4875,True,59.50,1048576,1,
4878,True,56.09,1048576,1,
4877,True,58.64,1048576,1,
4880,True,88.01,1048576,1,
4886,True,35.64,1048576,1,
4883,True,40.60,1048576,1,
4879,True,93.24,1048576,1,
4885,True,40.61,1048576,1,
4887,True,39.22,1048576,1,
4890,True,38.75,1048576,1,
4884,True,80.57,1048576,1,
4882,True,84.55,1048576,1,
4891,True,42.69,1048576,1,
4892,True,42.44,1048576,1,
4894,True,52.75,1048576,1,
4896,True,51.39,1048576,1,
4898,True,49.81,1048576,1,
4895,True,55.36,1048576,1,
4889,True,98.92,1048576,1,
4888,True,101.41,1048576,1,
4893,True,96.98,1048576,1,
4897,True,57.91,1048576,1,
4904,True,57.17,1048576,1,
4899,True,67.49,1048576,1,
4900,True,66.76,1048576,1,
4901,True,66.53,1048576,1,
4906,True,60.76,1048576,1,
4902,True,67.87,1048576,1,
4905,True,73.14,1048576,1,
4903,True,86.34,1048576,1,
4907,True,50.57,1048576,1,
4910,True,47.00,1048576,1,
4912,True,45.75,1048576,1,
4908,True,51.80,1048576,1,
4913,True,38.15,1048576,1,
4909,True,53.04,1048576,1,
4911,True,52.11,1048576,1,
4914,True,32.51,1048576,1,
4916,True,45.02,1048576,1,
4922,True,38.98,1048576,1,
4919,True,44.38,1048576,1,
4921,True,42.69,1048576,1,
4917,True,48.93,1048576,1,
4927,True,32.30,1048576,1,
4920,True,80.53,1048576,1,
4918,True,84.81,1048576,1,
4915,True,92.35,1048576,1,
4926,True,43.02,1048576,1,
4925,True,90.35,1048576,1,
4929,True,54.79,1048576,1,
4931,True,50.96,1048576,1,
4930,True,55.60,1048576,1,
4923,True,99.36,1048576,1,
4932,True,53.04,1048576,1,
4924,True,101.18,1048576,1,
4928,True,66.37,1048576,1,
4933,True,41.84,1048576,1,
4936,True,38.60,1048576,1,
4938,True,36.96,1048576,1,
4941,True,51.30,1048576,1,
4940,True,85.64,1048576,1,
4943,True,52.94,1048576,1,
4935,True,96.05,1048576,1,
4939,True,91.07,1048576,1,
4937,True,95.52,1048576,1,
4942,True,59.00,1048576,1,
4934,True,104.66,1048576,1,
4944,True,50.64,1048576,1,
4948,True,45.36,1048576,1,
4949,True,45.46,1048576,1,
4945,True,51.64,1048576,1,
4951,True,43.32,1048576,1,
4952,True,189.00,1048576,1,
4946,True,238.18,1048576,1,
4953,True,191.98,1048576,1,
4955,True,191.26,1048576,1,
4947,True,242.64,1048576,1,
4950,True,241.19,1048576,1,
4954,True,197.70,1048576,1,
4956,True,197.63,1048576,1,
4957,True,50.81,1048576,1,
4963,True,41.41,1048576,1,
4959,True,49.95,1048576,1,
4960,True,49.39,1048576,1,
4961,True,50.82,1048576,1,
4958,True,58.17,1048576,1,
4967,True,44.30,1048576,1,
4970,True,40.22,1048576,1,
4962,True,92.88,1048576,1,
4964,True,90.15,1048576,1,
4968,True,91.21,1048576,1,
4966,True,96.65,1048576,1,
4971,True,51.61,1048576,1,
4965,True,101.20,1048576,1,
4973,True,51.48,1048576,1,
4969,True,96.58,1048576,1,
4974,True,88.77,1048576,1,
4972,True,92.89,1048576,1,
4979,True,40.90,1048576,1,
4975,True,49.16,1048576,1,
4977,True,47.42,1048576,1,
4976,True,49.82,1048576,1,
4984,True,54.24,1048576,1,
4986,True,52.80,1048576,1,
4985,True,55.23,1048576,1,
4978,True,103.64,1048576,1,
4981,True,64.23,1048576,1,
4980,True,103.10,1048576,1,
4982,True,66.09,1048576,1,
4983,True,71.72,1048576,1,
4989,True,60.35,1048576,1,
4987,True,64.71,1048576,1,
4992,True,58.88,1048576,1,
4993,True,57.11,1048576,1,
4988,True,67.15,1048576,1,
4994,True,53.92,1048576,1,
4990,True,67.75,1048576,1,
4991,True,104.71,1048576,1,
4998,True,43.47,1048576,1,
4995,True,48.30,1048576,1,
4999,True,43.82,1048576,1,
5000,True,42.84,1048576,1,
4996,True,48.61,1048576,1,
4997,True,68.78,1048576,1,
