Task_ID,Success,Latency_ms,Bytes,Attempts,Error
2,True,751.99,1048576,1,
1,True,765.63,1048576,1,
4,True,747.46,1048576,1,
3,True,752.10,1048576,1,
6,True,738.57,1048576,1,
7,True,729.73,1048576,1,
5,True,746.42,1048576,1,
8,True,698.96,1048576,1,
9,True,729.13,1048576,1,
10,True,729.21,1048576,1,
11,True,728.90,1048576,1,
13,True,725.88,1048576,1,
14,True,723.90,1048576,1,
16,True,714.56,1048576,1,
15,True,719.24,1048576,1,
12,True,736.04,1048576,1,
23,True,683.03,1048576,1,
20,True,689.10,1048576,1,
18,True,694.23,1048576,1,
24,True,684.97,1048576,1,
21,True,692.97,1048576,1,
22,True,693.52,1048576,1,
17,True,705.55,1048576,1,
19,True,702.00,1048576,1,
32,True,605.04,1048576,1,
28,True,614.67,1048576,1,
30,True,612.43,1048576,1,
25,True,624.73,1048576,1,
31,True,615.84,1048576,1,
26,True,628.90,1048576,1,
27,True,629.25,1048576,1,
29,True,628.96,1048576,1,
33,True,808.71,1048576,1,
38,True,800.91,1048576,1,
34,True,814.59,1048576,1,
36,True,811.03,1048576,1,
37,True,811.92,1048576,1,
39,True,810.04,1048576,1,
40,True,810.80,1048576,1,
35,True,829.72,1048576,1,
41,True,584.77,1048576,1,
42,True,581.82,1048576,1,
45,True,577.94,1048576,1,
44,True,583.80,1048576,1,
43,True,587.68,1048576,1,
47,True,576.76,1048576,1,
46,True,583.03,1048576,1,
48,True,577.56,1048576,1,
49,True,636.75,1048576,1,
53,True,628.07,1048576,1,
52,True,633.52,1048576,1,
51,True,637.83,1048576,1,
50,True,643.58,1048576,1,
55,True,633.16,1048576,1,
54,True,638.74,1048576,1,
56,True,636.80,1048576,1,
58,True,608.25,1048576,1,
57,True,613.46,1048576,1,
61,True,607.24,1048576,1,
60,True,612.46,1048576,1,
62,True,610.65,1048576,1,
63,True,610.22,1048576,1,
59,True,622.14,1048576,1,
64,True,613.38,1048576,1,
68,True,582.49,1048576,1,
70,True,579.20,1048576,1,
72,True,576.01,1048576,1,
66,True,596.19,1048576,1,
67,True,594.68,1048576,1,
71,True,585.03,1048576,1,
69,True,592.67,1048576,1,
65,True,607.31,1048576,1,
74,True,627.67,1048576,1,
73,True,633.21,1048576,1,
75,True,629.89,1048576,1,
76,True,629.62,1048576,1,
78,True,629.33,1048576,1,
77,True,633.02,1048576,1,
79,True,631.50,1048576,1,
80,True,631.86,1048576,1,
81,True,594.46,1048576,1,
82,True,595.47,1048576,1,
83,True,595.46,1048576,1,
88,True,584.74,1048576,1,
84,True,597.01,1048576,1,
86,True,595.32,1048576,1,
87,True,596.45,1048576,1,
85,True,604.07,1048576,1,
89,True,569.68,1048576,1,
94,True,559.83,1048576,1,
95,True,559.06,1048576,1,
96,True,557.09,1048576,1,
91,True,573.28,1048576,1,
93,True,571.72,1048576,1,
90,True,579.20,1048576,1,
92,True,579.38,1048576,1,
101,True,604.82,1048576,1,
100,True,609.28,1048576,1,
102,True,606.47,1048576,1,
104,True,602.79,1048576,1,
98,True,619.21,1048576,1,
97,True,624.72,1048576,1,
103,True,614.22,1048576,1,
99,True,624.24,1048576,1,
105,True,577.07,1048576,1,
108,True,574.71,1048576,1,
107,True,578.36,1048576,1,
110,True,574.30,1048576,1,
106,True,585.06,1048576,1,
111,True,577.30,1048576,1,
109,True,585.43,1048576,1,
112,True,583.81,1048576,1,
114,True,633.63,1048576,1,
113,True,639.29,1048576,1,
119,True,624.64,1048576,1,
120,True,621.67,1048576,1,
117,True,635.00,1048576,1,
118,True,632.91,1048576,1,
115,True,643.33,1048576,1,
116,True,643.75,1048576,1,
123,True,644.20,1048576,1,
121,True,650.21,1048576,1,
128,True,637.89,1048576,1,
127,True,643.24,1048576,1,
122,True,654.94,1048576,1,
125,True,651.89,1048576,1,
124,True,655.94,1048576,1,
126,True,654.33,1048576,1,
133,True,716.42,1048576,1,
129,True,727.15,1048576,1,
136,True,713.80,1048576,1,
132,True,725.49,1048576,1,
134,True,722.79,1048576,1,
131,True,732.08,1048576,1,
135,True,724.93,1048576,1,
130,True,741.09,1048576,1,
137,True,731.20,1048576,1,
140,True,726.62,1048576,1,
143,True,724.09,1048576,1,
138,True,738.78,1048576,1,
142,True,733.24,1048576,1,
141,True,738.52,1048576,1,
144,True,732.22,1048576,1,
139,True,748.90,1048576,1,
151,True,751.49,1048576,1,
148,True,762.96,1048576,1,
146,True,772.11,1048576,1,
152,True,753.84,1048576,1,
149,True,764.62,1048576,1,
150,True,763.26,1048576,1,
145,True,781.35,1048576,1,
147,True,778.90,1048576,1,
155,True,683.14,1048576,1,
154,True,686.68,1048576,1,
156,True,685.18,1048576,1,
160,True,679.03,1048576,1,
158,True,688.60,1048576,1,
159,True,688.89,1048576,1,
153,True,702.09,1048576,1,
157,True,697.84,1048576,1,
164,True,689.27,1048576,1,
163,True,694.85,1048576,1,
161,True,700.96,1048576,1,
168,True,685.17,1048576,1,
165,True,694.45,1048576,1,
167,True,692.19,1048576,1,
166,True,696.05,1048576,1,
162,True,710.00,1048576,1,
169,True,712.22,1048576,1,
174,True,703.65,1048576,1,
172,True,709.71,1048576,1,
173,True,710.09,1048576,1,
175,True,708.47,1048576,1,
171,True,718.36,1048576,1,
170,True,723.47,1048576,1,
176,True,713.50,1048576,1,
184,True,731.58,1048576,1,
179,True,745.80,1048576,1,
177,True,751.88,1048576,1,
178,True,751.24,1048576,1,
182,True,744.69,1048576,1,
180,True,749.89,1048576,1,
183,True,745.08,1048576,1,
181,True,752.34,1048576,1,
185,True,695.90,1048576,1,
186,True,695.55,1048576,1,
187,True,695.54,1048576,1,
191,True,690.96,1048576,1,
192,True,690.54,1048576,1,
189,True,697.55,1048576,1,
190,True,697.30,1048576,1,
188,True,704.26,1048576,1,
199,True,669.21,1048576,1,
194,True,679.03,1048576,1,
195,True,678.89,1048576,1,
198,True,675.20,1048576,1,
197,True,678.38,1048576,1,
193,True,687.06,1048576,1,
200,True,674.80,1048576,1,
196,True,686.07,1048576,1,
203,True,677.56,1048576,1,
204,True,677.63,1048576,1,
201,True,683.87,1048576,1,
202,True,684.67,1048576,1,
207,True,678.66,1048576,1,
205,True,683.38,1048576,1,
208,True,678.94,1048576,1,
206,True,687.10,1048576,1,
212,True,606.08,1048576,1,
211,True,615.83,1048576,1,
209,True,624.09,1048576,1,
215,True,615.97,1048576,1,
213,True,622.74,1048576,1,
210,True,629.97,1048576,1,
216,True,618.56,1048576,1,
214,True,625.58,1048576,1,
217,True,655.89,1048576,1,
218,True,652.50,1048576,1,
222,True,642.38,1048576,1,
219,True,651.71,1048576,1,
224,True,643.45,1048576,1,
220,True,653.33,1048576,1,
221,True,651.54,1048576,1,
223,True,652.70,1048576,1,
229,True,615.51,1048576,1,
228,True,620.74,1048576,1,
226,True,627.13,1048576,1,
230,True,621.32,1048576,1,
231,True,622.44,1048576,1,
227,True,631.81,1048576,1,
225,True,640.09,1048576,1,
232,True,625.41,1048576,1,
233,True,664.50,1048576,1,
235,True,662.74,1048576,1,
239,True,655.49,1048576,1,
238,True,659.51,1048576,1,
236,True,665.63,1048576,1,
237,True,667.29,1048576,1,
240,True,661.83,1048576,1,
234,True,678.78,1048576,1,
245,True,608.63,1048576,1,
246,True,606.16,1048576,1,
242,True,616.63,1048576,1,
243,True,616.95,1048576,1,
248,True,606.37,1048576,1,
247,True,612.46,1048576,1,
244,True,622.24,1048576,1,
241,True,631.17,1048576,1,
255,True,590.13,1048576,1,
249,True,607.12,1048576,1,
251,True,607.87,1048576,1,
254,True,604.41,1048576,1,
252,True,612.13,1048576,1,
256,True,605.50,1048576,1,
250,True,621.00,1048576,1,
253,True,619.13,1048576,1,
262,True,724.16,1048576,1,
261,True,728.23,1048576,1,
259,True,735.82,1048576,1,
257,True,746.64,1048576,1,
263,True,728.01,1048576,1,
258,True,744.62,1048576,1,
264,True,727.66,1048576,1,
260,True,742.41,1048576,1,
265,True,673.77,1048576,1,
269,True,669.45,1048576,1,
272,True,665.30,1048576,1,
268,True,674.75,1048576,1,
266,True,680.45,1048576,1,
267,True,680.93,1048576,1,
271,True,676.28,1048576,1,
270,True,681.39,1048576,1,
275,True,637.93,1048576,1,
280,True,629.32,1048576,1,
277,True,638.59,1048576,1,
273,True,648.66,1048576,1,
278,True,640.70,1048576,1,
279,True,640.39,1048576,1,
276,True,651.02,1048576,1,
274,True,657.51,1048576,1,
281,True,584.53,1048576,1,
282,True,583.06,1048576,1,
284,True,581.40,1048576,1,
283,True,586.74,1048576,1,
286,True,582.72,1048576,1,
287,True,580.30,1048576,1,
288,True,580.00,1048576,1,
285,True,590.53,1048576,1,
289,True,680.92,1048576,1,
293,True,673.34,1048576,1,
294,True,673.56,1048576,1,
292,True,678.65,1048576,1,
295,True,673.98,1048576,1,
290,True,688.09,1048576,1,
291,True,686.15,1048576,1,
296,True,677.94,1048576,1,
301,True,627.79,1048576,1,
297,True,635.80,1048576,1,
299,True,634.38,1048576,1,
302,True,630.90,1048576,1,
303,True,631.55,1048576,1,
300,True,639.12,1048576,1,
298,True,643.72,1048576,1,
304,True,636.89,1048576,1,
310,True,612.76,1048576,1,
307,True,620.85,1048576,1,
311,True,615.28,1048576,1,
308,True,622.97,1048576,1,
306,True,628.17,1048576,1,
305,True,630.83,1048576,1,
309,True,626.47,1048576,1,
312,True,622.29,1048576,1,
314,True,590.05,1048576,1,
320,True,580.51,1048576,1,
318,True,587.83,1048576,1,
313,True,597.93,1048576,1,
315,True,595.46,1048576,1,
316,True,595.88,1048576,1,
317,True,597.08,1048576,1,
319,True,595.33,1048576,1,
324,True,598.58,1048576,1,
328,True,591.28,1048576,1,
321,True,607.88,1048576,1,
323,True,604.81,1048576,1,
322,True,607.96,1048576,1,
325,True,605.45,1048576,1,
326,True,605.07,1048576,1,
327,True,604.71,1048576,1,
330,True,655.19,1048576,1,
332,True,653.57,1048576,1,
335,True,649.45,1048576,1,
333,True,654.67,1048576,1,
331,True,659.29,1048576,1,
336,True,651.26,1048576,1,
329,True,665.16,1048576,1,
334,True,658.15,1048576,1,
337,True,617.90,1048576,1,
344,True,609.98,1048576,1,
343,True,613.12,1048576,1,
342,True,616.08,1048576,1,
341,True,618.73,1048576,1,
340,True,621.31,1048576,1,
338,True,625.30,1048576,1,
339,True,626.61,1048576,1,
345,True,603.78,1048576,1,
346,True,603.56,1048576,1,
352,True,596.42,1048576,1,
350,True,601.98,1048576,1,
351,True,602.48,1048576,1,
348,True,609.36,1048576,1,
347,True,613.15,1048576,1,
349,True,616.47,1048576,1,
354,True,634.62,1048576,1,
359,True,623.80,1048576,1,
358,True,629.80,1048576,1,
356,True,636.74,1048576,1,
360,True,625.39,1048576,1,
357,True,639.65,1048576,1,
353,True,648.54,1048576,1,
355,True,646.28,1048576,1,
368,True,607.26,1048576,1,
364,True,617.00,1048576,1,
367,True,612.74,1048576,1,
361,True,626.80,1048576,1,
363,True,624.99,1048576,1,
365,True,622.97,1048576,1,
366,True,623.49,1048576,1,
362,True,633.49,1048576,1,
373,True,674.15,1048576,1,
372,True,678.37,1048576,1,
376,True,672.19,1048576,1,
369,True,687.99,1048576,1,
370,True,687.77,1048576,1,
374,True,681.56,1048576,1,
375,True,680.11,1048576,1,
371,True,691.48,1048576,1,
377,True,633.04,1048576,1,
378,True,632.32,1048576,1,
381,True,628.82,1048576,1,
383,True,627.86,1048576,1,
382,True,630.65,1048576,1,
379,True,639.44,1048576,1,
380,True,639.65,1048576,1,
384,True,634.85,1048576,1,
390,True,611.34,1048576,1,
387,True,620.80,1048576,1,
392,True,610.31,1048576,1,
389,True,620.20,1048576,1,
385,True,628.36,1048576,1,
391,True,618.06,1048576,1,
388,True,626.76,1048576,1,
386,True,631.72,1048576,1,
394,True,611.52,1048576,1,
396,True,611.74,1048576,1,
398,True,609.89,1048576,1,
393,True,620.50,1048576,1,
397,True,615.58,1048576,1,
400,True,613.31,1048576,1,
395,True,624.10,1048576,1,
399,True,620.50,1048576,1,
405,True,610.94,1048576,1,
408,True,603.76,1048576,1,
402,True,618.88,1048576,1,
404,True,617.13,1048576,1,
403,True,620.46,1048576,1,
407,True,612.40,1048576,1,
401,True,628.49,1048576,1,
406,True,619.00,1048576,1,
412,True,586.84,1048576,1,
410,True,601.96,1048576,1,
416,True,594.48,1048576,1,
414,True,600.86,1048576,1,
411,True,608.58,1048576,1,
413,True,607.58,1048576,1,
409,True,617.01,1048576,1,
415,True,609.58,1048576,1,
417,True,654.73,1048576,1,
420,True,640.04,1048576,1,
423,True,633.67,1048576,1,
421,True,641.80,1048576,1,
424,True,636.64,1048576,1,
422,True,643.36,1048576,1,
418,True,656.49,1048576,1,
419,True,657.21,1048576,1,
430,True,597.37,1048576,1,
432,True,594.20,1048576,1,
429,True,604.04,1048576,1,
426,True,613.47,1048576,1,
428,True,612.06,1048576,1,
425,True,620.62,1048576,1,
431,True,609.13,1048576,1,
427,True,621.20,1048576,1,
435,True,623.87,1048576,1,
440,True,615.76,1048576,1,
434,True,632.20,1048576,1,
438,True,623.64,1048576,1,
437,True,627.27,1048576,1,
433,True,639.64,1048576,1,
436,True,633.93,1048576,1,
439,True,630.47,1048576,1,
444,True,585.34,1048576,1,
441,True,595.39,1048576,1,
442,True,593.74,1048576,1,
445,True,590.47,1048576,1,
447,True,588.70,1048576,1,
448,True,588.16,1048576,1,
443,True,601.65,1048576,1,
446,True,599.41,1048576,1,
449,True,596.92,1048576,1,
451,True,593.51,1048576,1,
453,True,590.59,1048576,1,
450,True,598.14,1048576,1,
452,True,595.65,1048576,1,
455,True,589.46,1048576,1,
454,True,594.55,1048576,1,
456,True,591.02,1048576,1,
457,True,660.83,1048576,1,
464,True,653.35,1048576,1,
460,True,661.75,1048576,1,
462,True,660.79,1048576,1,
463,True,660.21,1048576,1,
459,True,668.71,1048576,1,
461,True,669.10,1048576,1,
458,True,675.70,1048576,1,
467,True,616.55,1048576,1,
470,True,613.00,1048576,1,
469,True,616.69,1048576,1,
468,True,621.24,1048576,1,
465,True,630.09,1048576,1,
471,True,619.04,1048576,1,
472,True,618.19,1048576,1,
466,True,633.59,1048576,1,
474,True,586.77,1048576,1,
477,True,582.37,1048576,1,
475,True,589.26,1048576,1,
476,True,588.70,1048576,1,
480,True,581.92,1048576,1,
473,True,599.93,1048576,1,
478,True,590.46,1048576,1,
479,True,590.66,1048576,1,
481,True,703.27,1048576,1,
487,True,691.85,1048576,1,
483,True,702.01,1048576,1,
488,True,693.48,1048576,1,
484,True,703.05,1048576,1,
485,True,702.57,1048576,1,
482,True,711.50,1048576,1,
486,True,708.48,1048576,1,
494,True,665.61,1048576,1,
491,True,672.58,1048576,1,
496,True,659.91,1048576,1,
495,True,668.02,1048576,1,
493,True,673.72,1048576,1,
489,True,682.88,1048576,1,
490,True,683.65,1048576,1,
492,True,683.10,1048576,1,
498,True,689.51,1048576,1,
503,True,683.51,1048576,1,
500,True,692.26,1048576,1,
497,True,699.38,1048576,1,
502,True,693.58,1048576,1,
501,True,701.47,1048576,1,
504,True,696.64,1048576,1,
499,True,715.12,1048576,1,
510,True,661.56,1048576,1,
508,True,672.21,1048576,1,
507,True,677.55,1048576,1,
509,True,673.83,1048576,1,
512,True,660.03,1048576,1,
506,True,685.27,1048576,1,
511,True,672.49,1048576,1,
505,True,700.59,1048576,1,
513,True,804.35,1048576,1,
518,True,795.55,1048576,1,
519,True,794.55,1048576,1,
516,True,803.44,1048576,1,
520,True,791.17,1048576,1,
517,True,806.82,1048576,1,
515,True,812.79,1048576,1,
514,True,820.53,1048576,1,
526,True,703.55,1048576,1,
522,True,715.11,1048576,1,
524,True,712.76,1048576,1,
521,True,721.30,1048576,1,
525,True,713.50,1048576,1,
527,True,712.01,1048576,1,
523,True,723.48,1048576,1,
528,True,711.08,1048576,1,
531,True,699.57,1048576,1,
535,True,693.19,1048576,1,
534,True,697.28,1048576,1,
536,True,695.07,1048576,1,
532,True,706.09,1048576,1,
533,True,708.34,1048576,1,
529,True,718.07,1048576,1,
530,True,717.52,1048576,1,
542,True,707.11,1048576,1,
539,True,718.02,1048576,1,
544,True,708.72,1048576,1,
537,True,726.99,1048576,1,
540,True,723.63,1048576,1,
541,True,724.21,1048576,1,
543,True,725.10,1048576,1,
538,True,740.79,1048576,1,
550,True,777.21,1048576,1,
546,True,789.86,1048576,1,
548,True,786.70,1048576,1,
549,True,785.64,1048576,1,
547,True,792.55,1048576,1,
552,True,777.70,1048576,1,
545,True,802.85,1048576,1,
551,True,784.99,1048576,1,
558,True,718.49,1048576,1,
555,True,727.26,1048576,1,
559,True,720.69,1048576,1,
554,True,733.86,1048576,1,
560,True,724.06,1048576,1,
557,True,735.00,1048576,1,
553,True,744.41,1048576,1,
556,True,742.90,1048576,1,
561,True,773.76,1048576,1,
565,True,765.72,1048576,1,
566,True,764.00,1048576,1,
567,True,764.04,1048576,1,
568,True,761.36,1048576,1,
564,True,776.59,1048576,1,
562,True,784.60,1048576,1,
563,True,785.49,1048576,1,
570,True,661.05,1048576,1,
576,True,648.93,1048576,1,
574,True,657.17,1048576,1,
573,True,662.08,1048576,1,
572,True,666.01,1048576,1,
575,True,660.05,1048576,1,
571,True,672.19,1048576,1,
569,True,678.99,1048576,1,
578,True,735.74,1048576,1,
582,True,730.33,1048576,1,
584,True,727.53,1048576,1,
579,True,741.64,1048576,1,
580,True,741.70,1048576,1,
581,True,741.85,1048576,1,
583,True,740.37,1048576,1,
577,True,754.95,1048576,1,
592,True,674.21,1048576,1,
590,True,682.64,1048576,1,
587,True,691.58,1048576,1,
591,True,684.51,1048576,1,
589,True,691.98,1048576,1,
588,True,696.19,1048576,1,
585,True,707.12,1048576,1,
586,True,709.20,1048576,1,
593,True,635.66,1048576,1,
600,True,616.13,1048576,1,
595,True,632.38,1048576,1,
599,True,624.17,1048576,1,
598,True,629.94,1048576,1,
596,True,635.54,1048576,1,
594,True,642.25,1048576,1,
597,True,636.75,1048576,1,
607,True,584.25,1048576,1,
605,True,591.21,1048576,1,
608,True,590.07,1048576,1,
602,True,603.49,1048576,1,
603,True,605.77,1048576,1,
606,True,602.82,1048576,1,
604,True,609.34,1048576,1,
601,True,619.61,1048576,1,
614,True,644.06,1048576,1,
615,True,642.86,1048576,1,
616,True,639.65,1048576,1,
613,True,651.76,1048576,1,
612,True,657.96,1048576,1,
611,True,662.63,1048576,1,
610,True,669.12,1048576,1,
609,True,679.74,1048576,1,
619,True,654.65,1048576,1,
617,True,660.21,1048576,1,
623,True,649.95,1048576,1,
624,True,644.82,1048576,1,
622,True,657.58,1048576,1,
620,True,663.66,1048576,1,
618,True,669.41,1048576,1,
621,True,667.15,1048576,1,
630,True,599.74,1048576,1,
632,True,599.38,1048576,1,
628,True,612.79,1048576,1,
626,True,618.20,1048576,1,
627,True,618.23,1048576,1,
631,True,611.60,1048576,1,
629,True,618.99,1048576,1,
625,True,629.75,1048576,1,
633,True,607.89,1048576,1,
634,True,605.07,1048576,1,
636,True,603.35,1048576,1,
637,True,603.07,1048576,1,
639,True,599.83,1048576,1,
640,True,599.53,1048576,1,
638,True,607.16,1048576,1,
635,True,618.23,1048576,1,
641,True,638.38,1048576,1,
648,True,622.31,1048576,1,
646,True,631.41,1048576,1,
642,True,641.41,1048576,1,
643,True,640.98,1048576,1,
647,True,634.48,1048576,1,
645,True,640.36,1048576,1,
644,True,645.14,1048576,1,
651,True,604.89,1048576,1,
655,True,599.33,1048576,1,
656,True,598.93,1048576,1,
649,True,613.93,1048576,1,
653,True,608.72,1048576,1,
650,True,617.56,1048576,1,
652,True,615.88,1048576,1,
654,True,617.08,1048576,1,
663,True,686.33,1048576,1,
657,True,700.90,1048576,1,
659,True,699.19,1048576,1,
661,True,697.15,1048576,1,
658,True,704.95,1048576,1,
662,True,697.40,1048576,1,
660,True,704.55,1048576,1,
664,True,693.81,1048576,1,
672,True,623.62,1048576,1,
669,True,630.12,1048576,1,
670,True,630.66,1048576,1,
668,True,636.11,1048576,1,
665,True,644.21,1048576,1,
666,True,644.05,1048576,1,
667,True,643.73,1048576,1,
671,True,638.22,1048576,1,
673,True,618.22,1048576,1,
677,True,612.77,1048576,1,
679,True,612.32,1048576,1,
674,True,624.02,1048576,1,
675,True,624.80,1048576,1,
680,True,617.59,1048576,1,
676,True,626.45,1048576,1,
678,True,624.91,1048576,1,
681,True,635.95,1048576,1,
684,True,630.31,1048576,1,
683,True,634.62,1048576,1,
686,True,630.72,1048576,1,
682,True,643.52,1048576,1,
688,True,631.63,1048576,1,
687,True,637.00,1048576,1,
685,True,642.50,1048576,1,
689,True,615.50,1048576,1,
690,True,615.50,1048576,1,
695,True,604.69,1048576,1,
694,True,610.22,1048576,1,
692,True,617.84,1048576,1,
696,True,609.62,1048576,1,
693,True,618.96,1048576,1,
691,True,635.55,1048576,1,
702,True,611.38,1048576,1,
699,True,620.39,1048576,1,
698,True,624.22,1048576,1,
704,True,603.59,1048576,1,
697,True,630.43,1048576,1,
701,True,623.60,1048576,1,
703,True,620.97,1048576,1,
700,True,632.26,1048576,1,
710,True,683.89,1048576,1,
706,True,694.78,1048576,1,
712,True,683.31,1048576,1,
711,True,689.59,1048576,1,
707,True,701.01,1048576,1,
708,True,701.49,1048576,1,
709,True,701.36,1048576,1,
705,True,711.01,1048576,1,
714,True,583.88,1048576,1,
716,True,580.96,1048576,1,
713,True,590.36,1048576,1,
718,True,578.98,1048576,1,
717,True,583.20,1048576,1,
720,True,578.55,1048576,1,
715,True,591.44,1048576,1,
719,True,584.50,1048576,1,
723,True,646.80,1048576,1,
724,True,646.80,1048576,1,
722,True,652.73,1048576,1,
725,True,648.92,1048576,1,
727,True,648.39,1048576,1,
728,True,647.78,1048576,1,
726,True,653.45,1048576,1,
721,True,666.01,1048576,1,
736,True,596.86,1048576,1,
732,True,608.36,1048576,1,
734,True,606.35,1048576,1,
730,True,617.49,1048576,1,
729,True,621.17,1048576,1,
731,True,622.12,1048576,1,
735,True,616.62,1048576,1,
733,True,623.57,1048576,1,
737,True,620.03,1048576,1,
738,True,620.52,1048576,1,
739,True,619.94,1048576,1,
741,True,617.59,1048576,1,
743,True,612.07,1048576,1,
742,True,617.22,1048576,1,
744,True,615.19,1048576,1,
740,True,631.68,1048576,1,
752,True,643.70,1048576,1,
749,True,658.21,1048576,1,
745,True,667.99,1048576,1,
748,True,664.14,1048576,1,
751,True,657.69,1048576,1,
746,True,672.49,1048576,1,
750,True,666.40,1048576,1,
747,True,675.33,1048576,1,
758,True,626.56,1048576,1,
757,True,630.91,1048576,1,
753,True,643.70,1048576,1,
756,True,638.51,1048576,1,
754,True,645.12,1048576,1,
759,True,636.34,1048576,1,
755,True,647.54,1048576,1,
760,True,645.48,1048576,1,
762,True,614.72,1048576,1,
768,True,595.31,1048576,1,
767,True,605.95,1048576,1,
761,True,622.31,1048576,1,
766,True,611.33,1048576,1,
763,True,620.62,1048576,1,
764,True,619.67,1048576,1,
765,True,618.56,1048576,1,
773,True,675.78,1048576,1,
769,True,684.52,1048576,1,
776,True,675.17,1048576,1,
774,True,681.82,1048576,1,
772,True,687.28,1048576,1,
771,True,691.42,1048576,1,
775,True,686.51,1048576,1,
770,True,698.19,1048576,1,
777,True,589.34,1048576,1,
782,True,581.12,1048576,1,
778,True,593.94,1048576,1,
779,True,594.18,1048576,1,
781,True,591.01,1048576,1,
780,True,596.66,1048576,1,
783,True,592.35,1048576,1,
784,True,591.80,1048576,1,
785,True,674.85,1048576,1,
788,True,669.99,1048576,1,
790,True,666.15,1048576,1,
786,True,679.05,1048576,1,
792,True,666.18,1048576,1,
789,True,676.44,1048576,1,
787,True,685.91,1048576,1,
791,True,679.91,1048576,1,
793,True,658.37,1048576,1,
798,True,646.55,1048576,1,
796,True,654.04,1048576,1,
795,True,658.18,1048576,1,
794,True,662.09,1048576,1,
797,True,657.52,1048576,1,
800,True,650.32,1048576,1,
799,True,656.62,1048576,1,
805,True,614.85,1048576,1,
802,True,622.57,1048576,1,
803,True,622.66,1048576,1,
806,True,618.81,1048576,1,
801,True,631.28,1048576,1,
807,True,619.02,1048576,1,
804,True,628.57,1048576,1,
808,True,622.48,1048576,1,
814,True,602.94,1048576,1,
810,True,613.25,1048576,1,
811,True,613.19,1048576,1,
816,True,603.54,1048576,1,
812,True,614.57,1048576,1,
813,True,614.50,1048576,1,
809,True,626.06,1048576,1,
815,True,615.82,1048576,1,
820,True,617.75,1048576,1,
823,True,613.33,1048576,1,
817,True,627.65,1048576,1,
824,True,614.78,1048576,1,
822,True,621.35,1048576,1,
818,True,631.26,1048576,1,
819,True,631.96,1048576,1,
821,True,629.24,1048576,1,
827,True,608.97,1048576,1,
826,True,612.11,1048576,1,
825,True,615.66,1048576,1,
830,True,608.57,1048576,1,
831,True,607.68,1048576,1,
829,True,614.08,1048576,1,
832,True,609.48,1048576,1,
828,True,621.33,1048576,1,
835,True,686.68,1048576,1,
840,True,677.64,1048576,1,
837,True,686.93,1048576,1,
833,True,695.48,1048576,1,
836,True,692.47,1048576,1,
838,True,690.70,1048576,1,
834,True,699.41,1048576,1,
839,True,692.72,1048576,1,
843,True,614.78,1048576,1,
847,True,610.08,1048576,1,
845,True,615.99,1048576,1,
846,True,616.50,1048576,1,
844,True,622.73,1048576,1,
848,True,616.93,1048576,1,
842,True,631.52,1048576,1,
841,True,637.66,1048576,1,
849,True,597.88,1048576,1,
851,True,594.67,1048576,1,
852,True,594.65,1048576,1,
856,True,585.17,1048576,1,
853,True,596.06,1048576,1,
855,True,592.79,1048576,1,
854,True,600.49,1048576,1,
850,True,613.02,1048576,1,
864,True,1187.20,1048576,1,
863,True,1192.25,1048576,1,
858,True,1206.26,1048576,1,
862,True,1200.28,1048576,1,
861,True,1204.05,1048576,1,
857,True,1213.16,1048576,1,
860,True,1208.75,1048576,1,
859,True,1212.60,1048576,1,
869,True,641.52,1048576,1,
868,True,644.94,1048576,1,
870,True,643.61,1048576,1,
871,True,644.10,1048576,1,
872,True,644.57,1048576,1,
866,True,656.82,1048576,1,
865,True,660.28,1048576,1,
867,True,660.98,1048576,1,
880,True,572.81,1048576,1,
878,True,580.62,1048576,1,
877,True,584.68,1048576,1,
879,True,582.20,1048576,1,
873,True,596.04,1048576,1,
876,True,591.83,1048576,1,
875,True,595.45,1048576,1,
874,True,601.91,1048576,1,
888,True,570.41,1048576,1,
884,True,583.01,1048576,1,
882,True,589.01,1048576,1,
885,True,585.66,1048576,1,
883,True,591.34,1048576,1,
886,True,588.11,1048576,1,
881,True,599.25,1048576,1,
887,True,592.66,1048576,1,
892,True,643.11,1048576,1,
896,True,635.12,1048576,1,
893,True,645.04,1048576,1,
894,True,644.92,1048576,1,
889,True,658.32,1048576,1,
890,True,657.40,1048576,1,
891,True,656.20,1048576,1,
895,True,653.85,1048576,1,
897,True,584.20,1048576,1,
904,True,571.26,1048576,1,
901,True,582.91,1048576,1,
898,True,590.86,1048576,1,
899,True,591.79,1048576,1,
902,True,588.95,1048576,1,
900,True,595.45,1048576,1,
903,True,593.12,1048576,1,
905,True,609.71,1048576,1,
906,True,608.34,1048576,1,
911,True,597.89,1048576,1,
907,True,610.16,1048576,1,
910,True,604.41,1048576,1,
908,True,612.11,1048576,1,
909,True,614.79,1048576,1,
912,True,608.51,1048576,1,
917,True,617.24,1048576,1,
913,True,629.82,1048576,1,
915,True,627.11,1048576,1,
920,True,615.54,1048576,1,
916,True,630.17,1048576,1,
918,True,629.22,1048576,1,
914,True,641.94,1048576,1,
919,True,630.64,1048576,1,
924,True,588.32,1048576,1,
923,True,592.38,1048576,1,
927,True,581.87,1048576,1,
921,True,601.67,1048576,1,
925,True,592.90,1048576,1,
922,True,601.77,1048576,1,
928,True,587.63,1048576,1,
926,True,600.06,1048576,1,
931,True,719.22,1048576,1,
932,True,719.99,1048576,1,
933,True,720.55,1048576,1,
930,True,729.00,1048576,1,
935,True,721.40,1048576,1,
929,True,736.74,1048576,1,
936,True,722.19,1048576,1,
934,True,733.93,1048576,1,
937,True,633.92,1048576,1,
944,True,616.50,1048576,1,
939,True,633.25,1048576,1,
938,True,637.24,1048576,1,
942,True,627.60,1048576,1,
940,True,635.75,1048576,1,
941,True,634.37,1048576,1,
943,True,630.03,1048576,1,
949,True,571.17,1048576,1,
945,True,580.42,1048576,1,
947,True,578.28,1048576,1,
951,True,573.24,1048576,1,
950,True,576.45,1048576,1,
952,True,574.82,1048576,1,
948,True,584.40,1048576,1,
946,True,591.29,1048576,1,
953,True,653.83,1048576,1,
956,True,650.17,1048576,1,
957,True,650.45,1048576,1,
960,True,644.37,1048576,1,
954,True,659.97,1048576,1,
955,True,659.99,1048576,1,
958,True,656.65,1048576,1,
959,True,658.86,1048576,1,
964,True,594.38,1048576,1,
966,True,592.71,1048576,1,
968,True,587.98,1048576,1,
965,True,598.63,1048576,1,
961,True,608.53,1048576,1,
962,True,608.86,1048576,1,
963,True,609.50,1048576,1,
967,True,605.08,1048576,1,
970,True,580.35,1048576,1,
976,True,568.67,1048576,1,
969,True,587.92,1048576,1,
973,True,581.30,1048576,1,
975,True,578.91,1048576,1,
971,True,589.00,1048576,1,
972,True,589.04,1048576,1,
974,True,586.36,1048576,1,
980,True,587.21,1048576,1,
984,True,581.73,1048576,1,
977,True,598.18,1048576,1,
978,True,597.16,1048576,1,
983,True,588.97,1048576,1,
982,True,592.62,1048576,1,
979,True,600.09,1048576,1,
981,True,598.20,1048576,1,
986,True,567.51,1048576,1,
990,True,562.17,1048576,1,
991,True,562.26,1048576,1,
992,True,561.96,1048576,1,
987,True,572.87,1048576,1,
985,True,579.36,1048576,1,
988,True,577.83,1048576,1,
989,True,580.47,1048576,1,
1000,True,618.70,1048576,1,
996,True,633.49,1048576,1,
993,True,641.17,1048576,1,
997,True,636.28,1048576,1,
995,True,642.96,1048576,1,
999,True,635.48,1048576,1,
994,True,649.95,1048576,1,
998,True,644.09,1048576,1,
1002,True,600.75,1048576,1,
1001,True,605.20,1048576,1,
1008,True,590.21,1048576,1,
1003,True,606.14,1048576,1,
1004,True,607.87,1048576,1,
1005,True,607.07,1048576,1,
1006,True,606.48,1048576,1,
1007,True,605.73,1048576,1,
1014,True,648.18,1048576,1,
1016,True,646.52,1048576,1,
1011,True,661.31,1048576,1,
1013,True,657.50,1048576,1,
1010,True,668.26,1048576,1,
1015,True,656.54,1048576,1,
1012,True,666.23,1048576,1,
1009,True,677.46,1048576,1,
1019,True,623.35,1048576,1,
1017,True,629.53,1048576,1,
1018,True,628.82,1048576,1,
1021,True,624.39,1048576,1,
1022,True,624.54,1048576,1,
1020,True,630.25,1048576,1,
1024,True,624.62,1048576,1,
1023,True,631.00,1048576,1,
1025,True,576.50,1048576,1,
1031,True,565.75,1048576,1,
1028,True,574.61,1048576,1,
1030,True,572.40,1048576,1,
1032,True,568.85,1048576,1,
1029,True,578.38,1048576,1,
1027,True,584.35,1048576,1,
1026,True,588.42,1048576,1,
1040,True,609.44,1048576,1,
1037,True,617.40,1048576,1,
1034,True,625.11,1048576,1,
1036,True,623.34,1048576,1,
1038,True,621.70,1048576,1,
1035,True,630.07,1048576,1,
1039,True,623.82,1048576,1,
1033,True,637.48,1048576,1,
1042,True,602.02,1048576,1,
1046,True,596.24,1048576,1,
1041,True,609.80,1048576,1,
1044,True,606.25,1048576,1,
1048,True,600.72,1048576,1,
1045,True,610.93,1048576,1,
1047,True,609.18,1048576,1,
1043,True,621.29,1048576,1,
1049,True,585.81,1048576,1,
1053,True,578.61,1048576,1,
1054,True,577.05,1048576,1,
1056,True,572.67,1048576,1,
1055,True,578.54,1048576,1,
1052,True,590.97,1048576,1,
1050,True,600.82,1048576,1,
1051,True,600.93,1048576,1,
1060,True,589.18,1048576,1,
1063,True,583.36,1048576,1,
1062,True,589.54,1048576,1,
1058,True,600.75,1048576,1,
1057,True,606.64,1048576,1,
1059,True,602.96,1048576,1,
1064,True,589.84,1048576,1,
1061,True,603.46,1048576,1,
1067,True,550.63,1048576,1,
1072,True,542.27,1048576,1,
1065,True,560.47,1048576,1,
1066,True,559.03,1048576,1,
1070,True,553.30,1048576,1,
1071,True,554.10,1048576,1,
1068,True,563.32,1048576,1,
1069,True,564.31,1048576,1,
1078,True,619.69,1048576,1,
1080,True,615.17,1048576,1,
1073,True,634.42,1048576,1,
1079,True,621.82,1048576,1,
1075,True,634.19,1048576,1,
1077,True,631.45,1048576,1,
1076,True,634.76,1048576,1,
1074,True,640.85,1048576,1,
1085,True,599.11,1048576,1,
1084,True,605.18,1048576,1,
1081,True,613.19,1048576,1,
1082,True,613.62,1048576,1,
1086,True,608.74,1048576,1,
1087,True,610.09,1048576,1,
1083,True,620.43,1048576,1,
1088,True,616.06,1048576,1,
1091,True,586.64,1048576,1,
1089,True,595.36,1048576,1,
1090,True,593.03,1048576,1,
1094,True,585.24,1048576,1,
1095,True,583.69,1048576,1,
1093,True,592.24,1048576,1,
1092,True,597.88,1048576,1,
1096,True,593.66,1048576,1,
1099,True,568.77,1048576,1,
1098,True,573.69,1048576,1,
1104,True,558.10,1048576,1,
1102,True,570.11,1048576,1,
1103,True,570.39,1048576,1,
1101,True,578.76,1048576,1,
1100,True,582.26,1048576,1,
1097,True,589.99,1048576,1,
1109,True,575.47,1048576,1,
1106,True,585.54,1048576,1,
1108,True,581.13,1048576,1,
1110,True,577.68,1048576,1,
1112,True,576.01,1048576,1,
1107,True,587.28,1048576,1,
1111,True,580.32,1048576,1,
1105,True,599.51,1048576,1,
1119,True,640.59,1048576,1,
1116,True,646.54,1048576,1,
1114,True,651.58,1048576,1,
1117,True,648.88,1048576,1,
1115,True,654.89,1048576,1,
1113,True,661.56,1048576,1,
1118,True,655.50,1048576,1,
1120,True,653.93,1048576,1,
1127,True,585.35,1048576,1,
1128,True,584.95,1048576,1,
1122,True,603.69,1048576,1,
1126,True,596.31,1048576,1,
1125,True,602.62,1048576,1,
1123,True,610.34,1048576,1,
1121,True,618.10,1048576,1,
1124,True,618.39,1048576,1,
1130,True,649.94,1048576,1,
1129,True,656.58,1048576,1,
1131,True,653.02,1048576,1,
1133,True,649.26,1048576,1,
1132,True,655.07,1048576,1,
1136,True,641.69,1048576,1,
1134,True,655.18,1048576,1,
1135,True,654.90,1048576,1,
1141,True,696.12,1048576,1,
1140,True,702.91,1048576,1,
1138,True,710.48,1048576,1,
1137,True,716.84,1048576,1,
1144,True,698.31,1048576,1,
1142,True,707.92,1048576,1,
1139,True,719.25,1048576,1,
1143,True,711.00,1048576,1,
1145,True,608.46,1048576,1,
1146,True,607.67,1048576,1,
1149,True,602.43,1048576,1,
1148,True,606.38,1048576,1,
1150,True,604.00,1048576,1,
1151,True,602.77,1048576,1,
1152,True,602.06,1048576,1,
1147,True,619.97,1048576,1,
1154,True,667.59,1048576,1,
1155,True,667.87,1048576,1,
1153,True,675.31,1048576,1,
1160,True,659.45,1048576,1,
1158,True,667.44,1048576,1,
1159,True,668.12,1048576,1,
1156,True,678.18,1048576,1,
1157,True,678.52,1048576,1,
1164,True,655.32,1048576,1,
1165,True,656.66,1048576,1,
1163,True,662.85,1048576,1,
1167,True,654.73,1048576,1,
1166,True,659.18,1048576,1,
1162,True,671.16,1048576,1,
1168,True,658.50,1048576,1,
1161,True,678.50,1048576,1,
1172,True,631.34,1048576,1,
1176,True,623.09,1048576,1,
1169,True,641.42,1048576,1,
1175,True,629.52,1048576,1,
1171,True,639.15,1048576,1,
1170,True,642.79,1048576,1,
1174,True,636.62,1048576,1,
1173,True,642.90,1048576,1,
1180,True,718.23,1048576,1,
1177,True,724.25,1048576,1,
1182,True,719.70,1048576,1,
1179,True,726.66,1048576,1,
1184,True,718.68,1048576,1,
1178,True,733.43,1048576,1,
1181,True,731.05,1048576,1,
1183,True,729.10,1048576,1,
1186,True,971.36,1048576,1,
1185,True,974.75,1048576,1,
1192,True,960.68,1048576,1,
1188,True,971.60,1048576,1,
1187,True,975.35,1048576,1,
1190,True,969.74,1048576,1,
1191,True,972.20,1048576,1,
1189,True,979.23,1048576,1,
1193,True,685.93,1048576,1,
1194,True,687.98,1048576,1,
1200,True,676.14,1048576,1,
1195,True,690.61,1048576,1,
1198,True,687.28,1048576,1,
1199,True,685.85,1048576,1,
1197,True,695.03,1048576,1,
1196,True,702.07,1048576,1,
1201,True,620.35,1048576,1,
1207,True,607.17,1048576,1,
1204,True,617.17,1048576,1,
1206,True,613.82,1048576,1,
1202,True,625.50,1048576,1,
1203,True,627.18,1048576,1,
1208,True,613.00,1048576,1,
1205,True,627.80,1048576,1,
1214,True,634.51,1048576,1,
1211,True,645.56,1048576,1,
1209,True,654.71,1048576,1,
1212,True,650.00,1048576,1,
1213,True,650.16,1048576,1,
1216,True,646.15,1048576,1,
1210,True,663.26,1048576,1,
1215,True,654.31,1048576,1,
1217,True,642.25,1048576,1,
1218,True,641.87,1048576,1,
1224,True,626.31,1048576,1,
1220,True,640.62,1048576,1,
1223,True,634.21,1048576,1,
1219,True,649.23,1048576,1,
1222,True,642.36,1048576,1,
1221,True,648.64,1048576,1,
1230,True,564.62,1048576,1,
1231,True,563.76,1048576,1,
1226,True,578.78,1048576,1,
1227,True,577.49,1048576,1,
1232,True,567.54,1048576,1,
1228,True,579.13,1048576,1,
1229,True,577.39,1048576,1,
1225,True,589.78,1048576,1,
1236,True,654.87,1048576,1,
1234,True,659.85,1048576,1,
1239,True,653.89,1048576,1,
1240,True,655.10,1048576,1,
1237,True,660.98,1048576,1,
1235,True,667.21,1048576,1,
1238,True,663.62,1048576,1,
1233,True,673.82,1048576,1,
1241,True,608.44,1048576,1,
1245,True,603.79,1048576,1,
1246,True,604.14,1048576,1,
1242,True,616.00,1048576,1,
1247,True,608.00,1048576,1,
1244,True,617.96,1048576,1,
1248,True,614.89,1048576,1,
1243,True,627.85,1048576,1,
1256,True,670.04,1048576,1,
1252,True,686.41,1048576,1,
1249,True,697.97,1048576,1,
1250,True,696.46,1048576,1,
1251,True,696.09,1048576,1,
1254,True,688.27,1048576,1,
1255,True,686.37,1048576,1,
1253,True,696.57,1048576,1,
1261,True,651.25,1048576,1,
1263,True,648.83,1048576,1,
1260,True,657.15,1048576,1,
1257,True,665.26,1048576,1,
1258,True,666.40,1048576,1,
1262,True,659.80,1048576,1,
1264,True,660.12,1048576,1,
1259,True,676.55,1048576,1,
1265,True,578.05,1048576,1,
1267,True,578.14,1048576,1,
1271,True,569.93,1048576,1,
1270,True,576.80,1048576,1,
1266,True,587.97,1048576,1,
1272,True,571.59,1048576,1,
1269,True,586.58,1048576,1,
1268,True,593.93,1048576,1,
1278,True,700.57,1048576,1,
1279,True,701.61,1048576,1,
1276,True,713.67,1048576,1,
1275,True,720.90,1048576,1,
1273,True,730.01,1048576,1,
1277,True,721.20,1048576,1,
1280,True,715.87,1048576,1,
1274,True,735.80,1048576,1,
1285,True,850.98,1048576,1,
1282,True,864.52,1048576,1,
1287,True,848.37,1048576,1,
1283,True,864.57,1048576,1,
1286,True,855.87,1048576,1,
1288,True,851.64,1048576,1,
1284,True,865.49,1048576,1,
1281,True,879.45,1048576,1,
1292,True,619.71,1048576,1,
1295,True,615.59,1048576,1,
1294,True,619.08,1048576,1,
1291,True,626.78,1048576,1,
1296,True,619.20,1048576,1,
1293,True,626.86,1048576,1,
1290,True,634.69,1048576,1,
1289,True,638.52,1048576,1,
1301,True,559.75,1048576,1,
1302,True,559.72,1048576,1,
1297,True,570.75,1048576,1,
1299,True,568.99,1048576,1,
1298,True,572.60,1048576,1,
1300,True,570.98,1048576,1,
1304,True,566.08,1048576,1,
1303,True,570.43,1048576,1,
1310,True,1014.73,1048576,1,
1309,True,1018.44,1048576,1,
1308,True,1022.35,1048576,1,
1311,True,1017.68,1048576,1,
1312,True,1016.28,1048576,1,
1306,True,1030.69,1048576,1,
1305,True,1034.40,1048576,1,
1307,True,1032.29,1048576,1,
1314,True,602.25,1048576,1,
1316,True,600.64,1048576,1,
1319,True,597.93,1048576,1,
1320,True,598.98,1048576,1,
1313,True,612.96,1048576,1,
1318,True,607.06,1048576,1,
1315,True,613.62,1048576,1,
1317,True,615.41,1048576,1,
1322,True,543.56,1048576,1,
1321,True,549.21,1048576,1,
1326,True,540.23,1048576,1,
1323,True,550.22,1048576,1,
1327,True,543.40,1048576,1,
1324,True,552.80,1048576,1,
1325,True,553.85,1048576,1,
1328,True,550.82,1048576,1,
1332,True,608.25,1048576,1,
1335,True,601.13,1048576,1,
1333,True,608.73,1048576,1,
1336,True,598.20,1048576,1,
1329,True,623.63,1048576,1,
1334,True,611.59,1048576,1,
1330,True,624.40,1048576,1,
1331,True,623.45,1048576,1,
1343,True,584.47,1048576,1,
1337,True,597.70,1048576,1,
1339,True,596.20,1048576,1,
1342,True,591.95,1048576,1,
1341,True,596.16,1048576,1,
1344,True,593.73,1048576,1,
1340,True,604.27,1048576,1,
1338,True,610.81,1048576,1,
1349,True,552.72,1048576,1,
1348,True,556.55,1048576,1,
1352,True,547.79,1048576,1,
1345,True,567.29,1048576,1,
1351,True,555.73,1048576,1,
1347,True,567.49,1048576,1,
1346,True,570.60,1048576,1,
1350,True,564.09,1048576,1,
1355,True,617.54,1048576,1,
1359,True,611.25,1048576,1,
1356,True,618.38,1048576,1,
1358,True,616.67,1048576,1,
1354,True,628.20,1048576,1,
1353,True,631.53,1048576,1,
1357,True,625.03,1048576,1,
1360,True,622.17,1048576,1,
1367,True,538.39,1048576,1,
1362,True,552.05,1048576,1,
1364,True,550.47,1048576,1,
1361,True,558.08,1048576,1,
1365,True,551.58,1048576,1,
1366,True,553.19,1048576,1,
1368,True,549.13,1048576,1,
1363,True,563.80,1048576,1,
1369,True,605.69,1048576,1,
1370,True,605.20,1048576,1,
1374,True,598.78,1048576,1,
1371,True,607.64,1048576,1,
1375,True,600.99,1048576,1,
1373,True,608.65,1048576,1,
1372,True,613.04,1048576,1,
1376,True,605.20,1048576,1,
1382,True,560.44,1048576,1,
1378,True,571.63,1048576,1,
1377,True,575.88,1048576,1,
1384,True,561.28,1048576,1,
1381,True,570.34,1048576,1,
1380,True,573.77,1048576,1,
1383,True,569.01,1048576,1,
1379,True,579.98,1048576,1,
1390,True,543.53,1048576,1,
1385,True,554.15,1048576,1,
1386,True,554.66,1048576,1,
1392,True,545.35,1048576,1,
1387,True,557.59,1048576,1,
1388,True,557.36,1048576,1,
1389,True,557.50,1048576,1,
1391,True,556.44,1048576,1,
1398,True,622.64,1048576,1,
1399,True,622.93,1048576,1,
1396,True,631.20,1048576,1,
1400,True,623.31,1048576,1,
1395,True,636.99,1048576,1,
1394,True,640.77,1048576,1,
1393,True,644.17,1048576,1,
1397,True,636.84,1048576,1,
1402,True,579.07,1048576,1,
1408,True,570.93,1048576,1,
1405,True,577.64,1048576,1,
1401,True,588.65,1048576,1,
1403,True,586.32,1048576,1,
1404,True,586.52,1048576,1,
1406,True,584.70,1048576,1,
1407,True,586.59,1048576,1,
1414,True,567.55,1048576,1,
1410,True,578.70,1048576,1,
1409,True,583.24,1048576,1,
1416,True,568.67,1048576,1,
1412,True,579.91,1048576,1,
1411,True,586.33,1048576,1,
1413,True,584.64,1048576,1,
1415,True,582.70,1048576,1,
1417,True,554.64,1048576,1,
1418,True,554.62,1048576,1,
1419,True,554.39,1048576,1,
1420,True,554.83,1048576,1,
1421,True,554.73,1048576,1,
1424,True,549.36,1048576,1,
1422,True,557.25,1048576,1,
1423,True,555.81,1048576,1,
1425,True,629.89,1048576,1,
1432,True,615.27,1048576,1,
1431,True,618.83,1048576,1,
1426,True,633.81,1048576,1,
1427,True,634.60,1048576,1,
1430,True,629.49,1048576,1,
1429,True,634.70,1048576,1,
1428,True,639.87,1048576,1,
1433,True,575.35,1048576,1,
1436,True,570.50,1048576,1,
1438,True,569.08,1048576,1,
1437,True,573.15,1048576,1,
1440,True,567.28,1048576,1,
1434,True,584.16,1048576,1,
1439,True,574.41,1048576,1,
1435,True,589.43,1048576,1,
1444,True,541.14,1048576,1,
1445,True,542.77,1048576,1,
1442,True,551.88,1048576,1,
1446,True,544.97,1048576,1,
1443,True,552.15,1048576,1,
1447,True,547.11,1048576,1,
1441,True,561.88,1048576,1,
1448,True,545.71,1048576,1,
1454,True,585.12,1048576,1,
1455,True,584.95,1048576,1,
1456,True,585.00,1048576,1,
1453,True,592.63,1048576,1,
1452,True,595.59,1048576,1,
1449,True,604.97,1048576,1,
1451,True,600.88,1048576,1,
1450,True,604.23,1048576,1,
1464,True,539.45,1048576,1,
1458,True,550.67,1048576,1,
1462,True,545.80,1048576,1,
1463,True,545.76,1048576,1,
1457,True,556.61,1048576,1,
1460,True,554.01,1048576,1,
1459,True,556.95,1048576,1,
1461,True,555.69,1048576,1,
1470,True,714.80,1048576,1,
1472,True,713.72,1048576,1,
1465,True,726.81,1048576,1,
1466,True,726.70,1048576,1,
1471,True,720.37,1048576,1,
1469,True,726.31,1048576,1,
1467,True,730.68,1048576,1,
1468,True,730.74,1048576,1,
1479,True,620.86,1048576,1,
1475,True,629.48,1048576,1,
1476,True,631.00,1048576,1,
1474,True,636.48,1048576,1,
1477,True,632.82,1048576,1,
1473,True,643.17,1048576,1,
1480,True,633.46,1048576,1,
1478,True,638.39,1048576,1,
1481,True,551.78,1048576,1,
1482,True,552.58,1048576,1,
1484,True,550.03,1048576,1,
1487,True,544.10,1048576,1,
1485,True,551.94,1048576,1,
1486,True,549.84,1048576,1,
1488,True,546.68,1048576,1,
1483,True,560.20,1048576,1,
1494,True,605.38,1048576,1,
1493,True,608.64,1048576,1,
1489,True,618.63,1048576,1,
1496,True,607.18,1048576,1,
1492,True,615.31,1048576,1,
1495,True,612.53,1048576,1,
1491,True,620.10,1048576,1,
1490,True,624.08,1048576,1,
1501,True,553.74,1048576,1,
1500,True,557.87,1048576,1,
1504,True,553.81,1048576,1,
1499,True,563.41,1048576,1,
1502,True,560.40,1048576,1,
1497,True,571.80,1048576,1,
1503,True,566.16,1048576,1,
1498,True,578.67,1048576,1,
1510,True,594.42,1048576,1,
1506,True,605.39,1048576,1,
1507,True,605.45,1048576,1,
1508,True,606.66,1048576,1,
1509,True,606.79,1048576,1,
1512,True,598.12,1048576,1,
1505,True,621.23,1048576,1,
1511,True,610.09,1048576,1,
1513,True,594.88,1048576,1,
1516,True,589.94,1048576,1,
1517,True,589.72,1048576,1,
1514,True,598.35,1048576,1,
1520,True,583.08,1048576,1,
1515,True,600.02,1048576,1,
1518,True,595.79,1048576,1,
1519,True,594.84,1048576,1,
1525,True,554.29,1048576,1,
1527,True,550.29,1048576,1,
1528,True,550.64,1048576,1,
1523,True,564.17,1048576,1,
1526,True,560.56,1048576,1,
1522,True,569.78,1048576,1,
1521,True,577.00,1048576,1,
1524,True,573.76,1048576,1,
1530,True,578.33,1048576,1,
1531,True,578.05,1048576,1,
1533,True,575.66,1048576,1,
1532,True,578.90,1048576,1,
1529,True,586.37,1048576,1,
1536,True,570.31,1048576,1,
1534,True,579.76,1048576,1,
1535,True,576.95,1048576,1,
1541,True,587.29,1048576,1,
1539,True,592.50,1048576,1,
1542,True,590.75,1048576,1,
1538,True,599.33,1048576,1,
1544,True,591.52,1048576,1,
1543,True,595.65,1048576,1,
1537,True,607.57,1048576,1,
1540,True,606.41,1048576,1,
1547,True,561.55,1048576,1,
1546,True,566.96,1048576,1,
1550,True,560.46,1048576,1,
1545,True,574.19,1048576,1,
1548,True,567.93,1048576,1,
1552,True,559.90,1048576,1,
1551,True,564.66,1048576,1,
1549,True,572.18,1048576,1,
1558,True,576.25,1048576,1,
1557,True,580.53,1048576,1,
1554,True,588.84,1048576,1,
1553,True,594.35,1048576,1,
1555,True,591.66,1048576,1,
1556,True,592.44,1048576,1,
1559,True,589.77,1048576,1,
1560,True,592.62,1048576,1,
1567,True,589.66,1048576,1,
1561,True,606.96,1048576,1,
1565,True,599.71,1048576,1,
1564,True,604.26,1048576,1,
1562,True,611.70,1048576,1,
1563,True,611.87,1048576,1,
1566,True,605.45,1048576,1,
1568,True,599.46,1048576,1,
1573,True,596.04,1048576,1,
1576,True,593.22,1048576,1,
1570,True,608.39,1048576,1,
1572,True,605.74,1048576,1,
1575,True,600.52,1048576,1,
1569,True,616.75,1048576,1,
1574,True,606.34,1048576,1,
1571,True,619.50,1048576,1,
1579,True,525.52,1048576,1,
1581,True,525.77,1048576,1,
1577,True,536.49,1048576,1,
1578,True,535.50,1048576,1,
1580,True,533.85,1048576,1,
1583,True,531.05,1048576,1,
1582,True,534.67,1048576,1,
1584,True,529.88,1048576,1,
1588,True,674.34,1048576,1,
1586,True,680.66,1048576,1,
1592,True,668.12,1048576,1,
1587,True,682.20,1048576,1,
1589,True,681.37,1048576,1,
1591,True,678.93,1048576,1,
1590,True,683.75,1048576,1,
1585,True,699.75,1048576,1,
1593,True,542.06,1048576,1,
1594,True,542.94,1048576,1,
1598,True,538.40,1048576,1,
1597,True,542.49,1048576,1,
1595,True,550.58,1048576,1,
1599,True,542.56,1048576,1,
1600,True,542.23,1048576,1,
1596,True,559.25,1048576,1,
1604,True,586.44,1048576,1,
1601,True,597.82,1048576,1,
1603,True,592.57,1048576,1,
1602,True,598.71,1048576,1,
1605,True,590.68,1048576,1,
1608,True,582.41,1048576,1,
1607,True,590.17,1048576,1,
1606,True,594.76,1048576,1,
1609,True,911.18,1048576,1,
1616,True,902.78,1048576,1,
1613,True,916.66,1048576,1,
1612,True,920.44,1048576,1,
1611,True,923.73,1048576,1,
1615,True,917.85,1048576,1,
1610,True,929.49,1048576,1,
1614,True,923.96,1048576,1,
1618,True,572.23,1048576,1,
1622,True,561.75,1048576,1,
1617,True,582.71,1048576,1,
1621,True,569.77,1048576,1,
1624,True,566.14,1048576,1,
1620,True,576.48,1048576,1,
1623,True,572.76,1048576,1,
1619,True,581.76,1048576,1,
1629,True,565.89,1048576,1,
1627,True,574.07,1048576,1,
1631,True,565.88,1048576,1,
1632,True,566.75,1048576,1,
1628,True,576.69,1048576,1,
1626,True,584.96,1048576,1,
1630,True,576.20,1048576,1,
1625,True,593.44,1048576,1,
1634,True,604.17,1048576,1,
1635,True,606.23,1048576,1,
1640,True,594.97,1048576,1,
1639,True,601.37,1048576,1,
1636,True,609.39,1048576,1,
1633,True,620.02,1048576,1,
1637,True,613.58,1048576,1,
1638,True,616.41,1048576,1,
1641,True,533.34,1048576,1,
1647,True,520.97,1048576,1,
1643,True,532.74,1048576,1,
1644,True,532.82,1048576,1,
1642,True,538.09,1048576,1,
1646,True,531.41,1048576,1,
1648,True,526.56,1048576,1,
1645,True,537.79,1048576,1,
1655,True,575.78,1048576,1,
1650,True,590.35,1048576,1,
1652,True,588.79,1048576,1,
1649,True,597.65,1048576,1,
1654,True,588.15,1048576,1,
1651,True,598.53,1048576,1,
1653,True,597.41,1048576,1,
1656,True,593.14,1048576,1,
1657,True,555.32,1048576,1,
1660,True,550.15,1048576,1,
1658,True,556.31,1048576,1,
1663,True,546.83,1048576,1,
1662,True,550.70,1048576,1,
1661,True,556.09,1048576,1,
1659,True,563.11,1048576,1,
1664,True,555.08,1048576,1,
1672,True,563.58,1048576,1,
1669,True,577.13,1048576,1,
1665,True,589.32,1048576,1,
1671,True,577.00,1048576,1,
1667,True,587.17,1048576,1,
1670,True,582.17,1048576,1,
1668,True,588.47,1048576,1,
1666,True,595.74,1048576,1,
1674,True,599.74,1048576,1,
1678,True,608.70,1048576,1,
1679,True,607.97,1048576,1,
1675,True,617.15,1048576,1,
1677,True,615.80,1048576,1,
1680,True,613.06,1048576,1,
1673,True,629.95,1048576,1,
1676,True,625.90,1048576,1,
1681,True,539.32,1048576,1,
1682,True,525.97,1048576,1,
1685,True,521.91,1048576,1,
1686,True,520.24,1048576,1,
1684,True,527.68,1048576,1,
1688,True,518.58,1048576,1,
1687,True,524.43,1048576,1,
1683,True,535.60,1048576,1,
1690,True,565.64,1048576,1,
1689,True,569.95,1048576,1,
1691,True,567.60,1048576,1,
1695,True,561.30,1048576,1,
1692,True,570.44,1048576,1,
1696,True,563.85,1048576,1,
1694,True,570.06,1048576,1,
1693,True,574.75,1048576,1,
1700,True,612.39,1048576,1,
1703,True,608.40,1048576,1,
1701,True,613.29,1048576,1,
1704,True,608.75,1048576,1,
1698,True,623.69,1048576,1,
1697,True,627.04,1048576,1,
1699,True,624.83,1048576,1,
1702,True,620.33,1048576,1,
1706,True,600.24,1048576,1,
1709,True,597.44,1048576,1,
1707,True,604.19,1048576,1,
1711,True,598.80,1048576,1,
1705,True,611.36,1048576,1,
1708,True,608.15,1048576,1,
1712,True,603.62,1048576,1,
1710,True,610.94,1048576,1,
1719,True,562.26,1048576,1,
1713,True,578.21,1048576,1,
1717,True,571.68,1048576,1,
1714,True,580.16,1048576,1,
1715,True,579.50,1048576,1,
1716,True,580.08,1048576,1,
1720,True,571.81,1048576,1,
1718,True,579.52,1048576,1,
1725,True,586.70,1048576,1,
1724,True,590.17,1048576,1,
1728,True,583.21,1048576,1,
1726,True,588.86,1048576,1,
1722,True,599.62,1048576,1,
1723,True,598.79,1048576,1,
1727,True,591.99,1048576,1,
1721,True,610.19,1048576,1,
1736,True,561.40,1048576,1,
1733,True,571.52,1048576,1,
1732,True,575.49,1048576,1,
1734,True,574.19,1048576,1,
1730,True,582.36,1048576,1,
1729,True,585.44,1048576,1,
1735,True,577.97,1048576,1,
1731,True,588.42,1048576,1,
1744,True,552.13,1048576,1,
1739,True,565.88,1048576,1,
1743,True,560.65,1048576,1,
1737,True,574.53,1048576,1,
1742,True,566.60,1048576,1,
1741,True,570.32,1048576,1,
1740,True,573.92,1048576,1,
1738,True,581.92,1048576,1,
1746,True,585.16,1048576,1,
1751,True,577.15,1048576,1,
1747,True,586.57,1048576,1,
1749,True,584.85,1048576,1,
1748,True,588.20,1048576,1,
1745,True,596.04,1048576,1,
1750,True,588.38,1048576,1,
1752,True,588.43,1048576,1,
1759,True,540.41,1048576,1,
1760,True,535.96,1048576,1,
1753,True,554.97,1048576,1,
1754,True,554.91,1048576,1,
1757,True,551.96,1048576,1,
1755,True,557.41,1048576,1,
1758,True,554.71,1048576,1,
1756,True,559.77,1048576,1,
1763,True,646.87,1048576,1,
1762,True,650.83,1048576,1,
1764,True,649.06,1048576,1,
1765,True,649.82,1048576,1,
1761,True,659.78,1048576,1,
1766,True,652.13,1048576,1,
1767,True,652.75,1048576,1,
1768,True,653.12,1048576,1,
1773,True,570.01,1048576,1,
1769,True,581.26,1048576,1,
1770,True,581.34,1048576,1,
1772,True,577.83,1048576,1,
1771,True,583.32,1048576,1,
1774,True,577.39,1048576,1,
1776,True,573.37,1048576,1,
1775,True,577.85,1048576,1,
1778,True,569.50,1048576,1,
1777,True,573.31,1048576,1,
1780,True,569.45,1048576,1,
1782,True,567.56,1048576,1,
1784,True,566.46,1048576,1,
1781,True,572.57,1048576,1,
1783,True,572.17,1048576,1,
1779,True,581.86,1048576,1,
1788,True,558.28,1048576,1,
1789,True,558.11,1048576,1,
1791,True,556.02,1048576,1,
1790,True,559.98,1048576,1,
1785,True,570.26,1048576,1,
1786,True,571.30,1048576,1,
1792,True,561.39,1048576,1,
1787,True,574.40,1048576,1,
1797,True,549.61,1048576,1,
1800,True,544.08,1048576,1,
1795,True,557.02,1048576,1,
1794,True,560.72,1048576,1,
1798,True,554.65,1048576,1,
1793,True,566.43,1048576,1,
1796,True,565.43,1048576,1,
1799,True,560.44,1048576,1,
1801,True,598.37,1048576,1,
1804,True,595.11,1048576,1,
1808,True,587.63,1048576,1,
1806,True,595.77,1048576,1,
1802,True,606.83,1048576,1,
1803,True,606.52,1048576,1,
1807,True,600.37,1048576,1,
1805,True,611.55,1048576,1,
1809,True,600.67,1048576,1,
1812,True,595.18,1048576,1,
1814,True,592.79,1048576,1,
1815,True,590.73,1048576,1,
1816,True,588.56,1048576,1,
1810,True,608.98,1048576,1,
1811,True,608.78,1048576,1,
1813,True,609.73,1048576,1,
1820,True,559.35,1048576,1,
1817,True,569.62,1048576,1,
1819,True,567.40,1048576,1,
1821,True,564.65,1048576,1,
1824,True,556.49,1048576,1,
1823,True,565.91,1048576,1,
1818,True,579.14,1048576,1,
1822,True,571.58,1048576,1,
1825,True,597.13,1048576,1,
1828,True,590.81,1048576,1,
1831,True,585.58,1048576,1,
1830,True,589.64,1048576,1,
1832,True,587.88,1048576,1,
1829,True,597.29,1048576,1,
1827,True,604.56,1048576,1,
1826,True,609.66,1048576,1,
1833,True,573.01,1048576,1,
1838,True,563.80,1048576,1,
1837,True,568.83,1048576,1,
1834,True,576.54,1048576,1,
1840,True,563.95,1048576,1,
1836,True,576.21,1048576,1,
1835,True,581.80,1048576,1,
1839,True,573.78,1048576,1,
1845,True,610.86,1048576,1,
1843,True,623.30,1048576,1,
1846,True,619.86,1048576,1,
1841,True,631.54,1048576,1,
1842,True,631.99,1048576,1,
1844,True,629.98,1048576,1,
1848,True,622.67,1048576,1,
1847,True,626.49,1048576,1,
1849,True,531.83,1048576,1,
1850,True,537.87,1048576,1,
1855,True,529.20,1048576,1,
1853,True,534.65,1048576,1,
1852,True,538.71,1048576,1,
1851,True,542.84,1048576,1,
1854,True,540.46,1048576,1,
1856,True,539.38,1048576,1,
1857,True,573.42,1048576,1,
1859,True,560.98,1048576,1,
1860,True,561.03,1048576,1,
1862,True,559.46,1048576,1,
1863,True,559.26,1048576,1,
1858,True,574.11,1048576,1,
1861,True,571.70,1048576,1,
1864,True,567.61,1048576,1,
1865,True,546.23,1048576,1,
1866,True,544.32,1048576,1,
1868,True,543.04,1048576,1,
1867,True,548.26,1048576,1,
1870,True,541.84,1048576,1,
1871,True,541.16,1048576,1,
1869,True,549.77,1048576,1,
1872,True,541.56,1048576,1,
1874,True,581.48,1048576,1,
1873,True,585.44,1048576,1,
1876,True,579.15,1048576,1,
1879,True,573.52,1048576,1,
1877,True,579.62,1048576,1,
1878,True,579.61,1048576,1,
1875,True,590.79,1048576,1,
1880,True,578.26,1048576,1,
1885,True,656.08,1048576,1,
1881,True,667.50,1048576,1,
1887,True,657.97,1048576,1,
1882,True,669.99,1048576,1,
1883,True,670.65,1048576,1,
1888,True,664.14,1048576,1,
1884,True,673.62,1048576,1,
1886,True,674.54,1048576,1,
1892,True,561.80,1048576,1,
1891,True,566.95,1048576,1,
1890,True,571.16,1048576,1,
1896,True,557.52,1048576,1,
1893,True,569.82,1048576,1,
1895,True,570.13,1048576,1,
1889,True,587.19,1048576,1,
1894,True,576.70,1048576,1,
1897,True,600.98,1048576,1,
1898,True,600.44,1048576,1,
1901,True,593.04,1048576,1,
1903,True,591.10,1048576,1,
1899,True,604.52,1048576,1,
1904,True,591.51,1048576,1,
1900,True,607.11,1048576,1,
1902,True,601.27,1048576,1,
1911,True,551.27,1048576,1,
1905,True,566.73,1048576,1,
1912,True,552.98,1048576,1,
1907,True,565.00,1048576,1,
1908,True,565.22,1048576,1,
1906,True,572.71,1048576,1,
1909,True,567.80,1048576,1,
1910,True,567.80,1048576,1,
1913,True,591.29,1048576,1,
1920,True,579.56,1048576,1,
1918,True,584.79,1048576,1,
1917,True,589.07,1048576,1,
1914,True,596.75,1048576,1,
1919,True,588.41,1048576,1,
1916,True,596.76,1048576,1,
1915,True,600.61,1048576,1,
1925,True,567.99,1048576,1,
1921,True,576.52,1048576,1,
1922,True,576.47,1048576,1,
1928,True,567.62,1048576,1,
1924,True,576.70,1048576,1,
1926,True,574.41,1048576,1,
1923,True,583.09,1048576,1,
1927,True,579.09,1048576,1,
1929,True,540.65,1048576,1,
1930,True,542.50,1048576,1,
1933,True,539.45,1048576,1,
1934,True,540.14,1048576,1,
1931,True,548.29,1048576,1,
1936,True,540.44,1048576,1,
1932,True,552.63,1048576,1,
1935,True,548.05,1048576,1,
1938,True,604.10,1048576,1,
1941,True,598.10,1048576,1,
1944,True,591.28,1048576,1,
1942,True,597.45,1048576,1,
1937,True,614.38,1048576,1,
1940,True,608.09,1048576,1,
1943,True,601.52,1048576,1,
1939,True,615.94,1048576,1,
1946,True,598.32,1048576,1,
1945,True,602.71,1048576,1,
1948,True,600.30,1048576,1,
1949,True,600.49,1048576,1,
1951,True,597.95,1048576,1,
1952,True,598.10,1048576,1,
1950,True,605.53,1048576,1,
1947,True,612.70,1048576,1,
1958,True,563.62,1048576,1,
1956,True,570.09,1048576,1,
1955,True,574.36,1048576,1,
1954,True,578.43,1048576,1,
1959,True,569.50,1048576,1,
1953,True,585.10,1048576,1,
1957,True,578.04,1048576,1,
1960,True,578.72,1048576,1,
1966,True,553.89,1048576,1,
1961,True,565.47,1048576,1,
1963,True,564.21,1048576,1,
1962,True,568.64,1048576,1,
1964,True,567.21,1048576,1,
1968,True,554.30,1048576,1,
1965,True,568.95,1048576,1,
1967,True,567.96,1048576,1,
1973,True,584.55,1048576,1,
1972,True,588.40,1048576,1,
1970,True,594.82,1048576,1,
1969,True,598.85,1048576,1,
1976,True,584.66,1048576,1,
1975,True,591.68,1048576,1,
1971,True,602.15,1048576,1,
1974,True,598.61,1048576,1,
1979,True,560.17,1048576,1,
1980,True,560.26,1048576,1,
1977,True,567.09,1048576,1,
1984,True,553.25,1048576,1,
1981,True,562.98,1048576,1,
1983,True,558.28,1048576,1,
1978,True,571.52,1048576,1,
1982,True,563.06,1048576,1,
1990,True,549.17,1048576,1,
1986,True,557.32,1048576,1,
1991,True,551.96,1048576,1,
1992,True,553.45,1048576,1,
1987,True,563.37,1048576,1,
1985,True,568.32,1048576,1,
1989,True,564.13,1048576,1,
1988,True,567.66,1048576,1,
2000,True,598.68,1048576,1,
1993,True,615.71,1048576,1,
1997,True,607.81,1048576,1,
1998,True,607.74,1048576,1,
1995,True,616.29,1048576,1,
1996,True,615.02,1048576,1,
1999,True,610.25,1048576,1,
1994,True,624.98,1048576,1,
2007,True,555.56,1048576,1,
2008,True,555.15,1048576,1,
2004,True,565.51,1048576,1,
2002,True,570.43,1048576,1,
2001,True,574.66,1048576,1,
2006,True,568.95,1048576,1,
2003,True,577.04,1048576,1,
2005,True,577.98,1048576,1,
2009,True,598.88,1048576,1,
2012,True,594.59,1048576,1,
2011,True,599.10,1048576,1,
2014,True,594.38,1048576,1,
2010,True,604.98,1048576,1,
2013,True,601.07,1048576,1,
2015,True,597.81,1048576,1,
2016,True,595.07,1048576,1,
2018,True,592.00,1048576,1,
2023,True,583.37,1048576,1,
2020,True,592.47,1048576,1,
2019,True,596.44,1048576,1,
2021,True,594.64,1048576,1,
2024,True,590.22,1048576,1,
2022,True,597.13,1048576,1,
2017,True,614.39,1048576,1,
2025,True,547.34,1048576,1,
2027,True,545.52,1048576,1,
2026,True,549.74,1048576,1,
2030,True,543.28,1048576,1,
2032,True,536.93,1048576,1,
2029,True,550.47,1048576,1,
2031,True,549.04,1048576,1,
2028,True,558.69,1048576,1,
2034,True,563.44,1048576,1,
2033,True,568.48,1048576,1,
2035,True,565.27,1048576,1,
2037,True,562.63,1048576,1,
2039,True,557.72,1048576,1,
2040,True,557.46,1048576,1,
2036,True,569.99,1048576,1,
2038,True,566.53,1048576,1,
2047,True,550.81,1048576,1,
2043,True,559.63,1048576,1,
2048,True,553.24,1048576,1,
2042,True,565.92,1048576,1,
2044,True,564.44,1048576,1,
2045,True,564.54,1048576,1,
2046,True,565.84,1048576,1,
2041,True,579.35,1048576,1,
2051,True,618.39,1048576,1,
2053,True,615.57,1048576,1,
2055,True,612.51,1048576,1,
2052,True,622.40,1048576,1,
2049,True,631.16,1048576,1,
2056,True,614.66,1048576,1,
2050,True,632.46,1048576,1,
2054,True,625.89,1048576,1,
2057,True,542.28,1048576,1,
2062,True,534.06,1048576,1,
2058,True,545.08,1048576,1,
2060,True,544.57,1048576,1,
2059,True,549.84,1048576,1,
2064,True,542.41,1048576,1,
2061,True,550.66,1048576,1,
2063,True,550.13,1048576,1,
2065,True,601.69,1048576,1,
2071,True,587.71,1048576,1,
2070,True,593.43,1048576,1,
2072,True,589.06,1048576,1,
2068,True,603.42,1048576,1,
2067,True,609.83,1048576,1,
2066,True,613.99,1048576,1,
2069,True,611.63,1048576,1,
2073,True,546.32,1048576,1,
2074,True,546.49,1048576,1,
2075,True,545.97,1048576,1,
2079,True,539.44,1048576,1,
2078,True,543.64,1048576,1,
2077,True,547.32,1048576,1,
2076,True,555.44,1048576,1,
2080,True,545.14,1048576,1,
2083,True,555.30,1048576,1,
2084,True,556.58,1048576,1,
2085,True,556.78,1048576,1,
2086,True,556.90,1048576,1,
2081,True,571.84,1048576,1,
2087,True,558.12,1048576,1,
2088,True,559.94,1048576,1,
2082,True,579.63,1048576,1,
2089,True,620.90,1048576,1,
2091,True,616.83,1048576,1,
2094,True,609.69,1048576,1,
2093,True,615.59,1048576,1,
2096,True,605.85,1048576,1,
2092,True,622.18,1048576,1,
2095,True,611.98,1048576,1,
2090,True,631.97,1048576,1,
2104,True,548.64,1048576,1,
2100,True,558.66,1048576,1,
2103,True,555.21,1048576,1,
2097,True,567.71,1048576,1,
2099,True,565.80,1048576,1,
2101,True,563.43,1048576,1,
2102,True,563.14,1048576,1,
2098,True,572.16,1048576,1,
2111,True,599.23,1048576,1,
2109,True,604.39,1048576,1,
2105,True,612.50,1048576,1,
2110,True,606.36,1048576,1,
2112,True,605.15,1048576,1,
2107,True,614.63,1048576,1,
2106,True,618.00,1048576,1,
2108,True,618.15,1048576,1,
2114,True,599.87,1048576,1,
2117,True,597.49,1048576,1,
2120,True,593.13,1048576,1,
2119,True,598.22,1048576,1,
2118,True,601.34,1048576,1,
2115,True,608.49,1048576,1,
2116,True,609.37,1048576,1,
2113,True,616.65,1048576,1,
2121,True,530.11,1048576,1,
2124,True,525.67,1048576,1,
2123,True,529.40,1048576,1,
2122,True,533.51,1048576,1,
2125,True,530.39,1048576,1,
2126,True,530.24,1048576,1,
2127,True,530.93,1048576,1,
2128,True,533.33,1048576,1,
2133,True,580.78,1048576,1,
2135,True,577.22,1048576,1,
2136,True,574.97,1048576,1,
2129,True,595.69,1048576,1,
2131,True,592.87,1048576,1,
2130,True,596.58,1048576,1,
2134,True,590.09,1048576,1,
2132,True,597.45,1048576,1,
2144,True,531.50,1048576,1,
2142,True,538.32,1048576,1,
2140,True,543.78,1048576,1,
2139,True,547.79,1048576,1,
2143,True,542.65,1048576,1,
2138,True,553.92,1048576,1,
2137,True,561.01,1048576,1,
2141,True,556.08,1048576,1,
2146,True,577.38,1048576,1,
2151,True,565.89,1048576,1,
2147,True,578.71,1048576,1,
2145,True,584.42,1048576,1,
2150,True,576.46,1048576,1,
2149,True,580.95,1048576,1,
2148,True,586.05,1048576,1,
2152,True,575.17,1048576,1,
2158,True,536.70,1048576,1,
2153,True,548.54,1048576,1,
2154,True,549.03,1048576,1,
2155,True,549.20,1048576,1,
2159,True,542.10,1048576,1,
2157,True,549.51,1048576,1,
2156,True,553.72,1048576,1,
2160,True,548.83,1048576,1,
2168,True,559.40,1048576,1,
2161,True,577.78,1048576,1,
2167,True,567.31,1048576,1,
2165,True,575.92,1048576,1,
2163,True,582.53,1048576,1,
2162,True,586.43,1048576,1,
2166,True,580.50,1048576,1,
2164,True,589.43,1048576,1,
2173,True,535.87,1048576,1,
2175,True,535.55,1048576,1,
2170,True,550.63,1048576,1,
2171,True,549.71,1048576,1,
2169,True,558.84,1048576,1,
2172,True,553.57,1048576,1,
2174,True,551.33,1048576,1,
2176,True,548.94,1048576,1,
2183,True,578.17,1048576,1,
2182,True,582.00,1048576,1,
2181,True,586.40,1048576,1,
2184,True,578.99,1048576,1,
2177,True,602.62,1048576,1,
2179,True,598.86,1048576,1,
2180,True,598.00,1048576,1,
2178,True,604.48,1048576,1,
2186,True,553.43,1048576,1,
2192,True,544.94,1048576,1,
2187,True,555.10,1048576,1,
2191,True,549.73,1048576,1,
2190,True,552.92,1048576,1,
2189,True,557.18,1048576,1,
2185,True,567.05,1048576,1,
2188,True,563.01,1048576,1,
2200,True,573.36,1048576,1,
2199,True,576.76,1048576,1,
2198,True,581.60,1048576,1,
2196,True,587.38,1048576,1,
2197,True,588.64,1048576,1,
2193,True,597.28,1048576,1,
2194,True,599.28,1048576,1,
2195,True,600.84,1048576,1,
2207,True,1053.26,1048576,1,
2201,True,1069.50,1048576,1,
2203,True,1067.20,1048576,1,
2202,True,1071.03,1048576,1,
2204,True,1068.37,1048576,1,
2205,True,1067.03,1048576,1,
2206,True,1066.99,1048576,1,
2208,True,1061.64,1048576,1,
2209,True,1118.49,1048576,1,
2215,True,1110.65,1048576,1,
2216,True,1111.18,1048576,1,
2212,True,1119.88,1048576,1,
2214,True,1119.13,1048576,1,
2210,True,1129.88,1048576,1,
2211,True,1130.03,1048576,1,
2213,True,1131.69,1048576,1,
2223,True,705.83,1048576,1,
2219,True,718.61,1048576,1,
2222,True,711.90,1048576,1,
2224,True,708.88,1048576,1,
2221,True,723.11,1048576,1,
2218,True,734.52,1048576,1,
2220,True,732.31,1048576,1,
2217,True,741.58,1048576,1,
2225,True,641.08,1048576,1,
2229,True,633.53,1048576,1,
2227,True,643.37,1048576,1,
2230,True,633.79,1048576,1,
2232,True,630.90,1048576,1,
2228,True,646.00,1048576,1,
2231,True,638.59,1048576,1,
2226,True,658.45,1048576,1,
2237,True,672.91,1048576,1,
2233,True,684.87,1048576,1,
2238,True,673.50,1048576,1,
2240,True,669.91,1048576,1,
2235,True,684.41,1048576,1,
2236,True,687.00,1048576,1,
2234,True,694.09,1048576,1,
2239,True,685.00,1048576,1,
2241,True,572.05,1048576,1,
2242,True,573.90,1048576,1,
2248,True,561.82,1048576,1,
2244,True,576.05,1048576,1,
2247,True,571.19,1048576,1,
2246,True,575.45,1048576,1,
2243,True,587.34,1048576,1,
2245,True,584.77,1048576,1,
2255,True,646.65,1048576,1,
2252,True,657.31,1048576,1,
2253,True,655.60,1048576,1,
2251,True,663.65,1048576,1,
2250,True,669.10,1048576,1,
2249,True,674.98,1048576,1,
2256,True,656.53,1048576,1,
2254,True,664.94,1048576,1,
2257,True,596.35,1048576,1,
2258,True,596.12,1048576,1,
2259,True,598.22,1048576,1,
2260,True,598.87,1048576,1,
2264,True,591.20,1048576,1,
2263,True,597.19,1048576,1,
2262,True,601.51,1048576,1,
2261,True,605.55,1048576,1,
2270,True,929.75,1048576,1,
2266,True,942.74,1048576,1,
2269,True,936.12,1048576,1,
2267,True,942.15,1048576,1,
2271,True,935.25,1048576,1,
2272,True,935.77,1048576,1,
2268,True,945.77,1048576,1,
2265,True,955.28,1048576,1,
2280,True,558.80,1048576,1,
2278,True,563.62,1048576,1,
2274,True,572.93,1048576,1,
2277,True,569.30,1048576,1,
2275,True,574.73,1048576,1,
2276,True,575.36,1048576,1,
2279,True,571.11,1048576,1,
2273,True,584.82,1048576,1,
2286,True,558.86,1048576,1,
2285,True,563.53,1048576,1,
2284,True,567.13,1048576,1,
2281,True,573.96,1048576,1,
2283,True,573.17,1048576,1,
2282,True,576.30,1048576,1,
2287,True,569.15,1048576,1,
2288,True,568.24,1048576,1,
2292,True,612.11,1048576,1,
2296,True,606.19,1048576,1,
2293,True,612.82,1048576,1,
2289,True,622.81,1048576,1,
2294,True,614.69,1048576,1,
2290,True,623.68,1048576,1,
2291,True,623.44,1048576,1,
2295,True,619.19,1048576,1,
2303,True,583.09,1048576,1,
2301,True,588.33,1048576,1,
2302,True,588.86,1048576,1,
2300,True,594.33,1048576,1,
2298,True,600.07,1048576,1,
2304,True,592.42,1048576,1,
2299,True,604.86,1048576,1,
2297,True,613.70,1048576,1,
2306,True,562.68,1048576,1,
2312,True,545.78,1048576,1,
2309,True,561.17,1048576,1,
2305,True,571.97,1048576,1,
2311,True,559.08,1048576,1,
2308,True,569.84,1048576,1,
2310,True,567.37,1048576,1,
2307,True,578.11,1048576,1,
2315,True,605.18,1048576,1,
2320,True,595.68,1048576,1,
2313,True,615.82,1048576,1,
2318,True,605.56,1048576,1,
2314,True,617.51,1048576,1,
2317,True,612.93,1048576,1,
2319,True,609.10,1048576,1,
2316,True,623.70,1048576,1,
2321,True,535.80,1048576,1,
2326,True,526.21,1048576,1,
2323,True,535.83,1048576,1,
2327,True,529.61,1048576,1,
2324,True,538.60,1048576,1,
2322,True,545.90,1048576,1,
2325,True,541.61,1048576,1,
2328,True,532.22,1048576,1,
2333,True,577.69,1048576,1,
2330,True,587.68,1048576,1,
2331,True,587.69,1048576,1,
2335,True,580.41,1048576,1,
2332,True,589.98,1048576,1,
2336,True,582.45,1048576,1,
2329,True,601.27,1048576,1,
2334,True,590.06,1048576,1,
2337,True,629.72,1048576,1,
2339,True,628.97,1048576,1,
2340,True,628.24,1048576,1,
2344,True,622.62,1048576,1,
2341,True,629.78,1048576,1,
2338,True,640.07,1048576,1,
2342,True,633.77,1048576,1,
2343,True,636.65,1048576,1,
2348,True,559.76,1048576,1,
2350,True,556.27,1048576,1,
2346,True,568.47,1048576,1,
2347,True,568.64,1048576,1,
2352,True,556.03,1048576,1,
2349,True,568.70,1048576,1,
2351,True,565.12,1048576,1,
2345,True,583.70,1048576,1,
2353,True,545.52,1048576,1,
2358,True,539.19,1048576,1,
2357,True,543.83,1048576,1,
2360,True,539.07,1048576,1,
2355,True,552.41,1048576,1,
2354,True,557.88,1048576,1,
2359,True,552.15,1048576,1,
2356,True,560.46,1048576,1,
2366,True,598.71,1048576,1,
2365,True,603.18,1048576,1,
2368,True,595.32,1048576,1,
2364,True,610.65,1048576,1,
2362,True,617.81,1048576,1,
2367,True,605.23,1048576,1,
2361,True,627.34,1048576,1,
2363,True,625.61,1048576,1,
2370,True,647.35,1048576,1,
2375,True,639.73,1048576,1,
2373,True,646.77,1048576,1,
2371,True,653.56,1048576,1,
2372,True,653.30,1048576,1,
2376,True,643.34,1048576,1,
2374,True,654.41,1048576,1,
2369,True,667.67,1048576,1,
2381,True,594.23,1048576,1,
2382,True,593.49,1048576,1,
2378,True,606.43,1048576,1,
2380,True,604.58,1048576,1,
2383,True,600.04,1048576,1,
2377,True,625.03,1048576,1,
2384,True,621.23,1048576,1,
2379,True,684.93,1048576,1,
2388,True,618.64,1048576,1,
2389,True,605.61,1048576,1,
2385,True,632.00,1048576,1,
2387,True,628.80,1048576,1,
2386,True,633.60,1048576,1,
2392,True,553.09,1048576,1,
2390,True,619.98,1048576,1,
2391,True,606.85,1048576,1,
2400,True,570.42,1048576,1,
2398,True,576.42,1048576,1,
2395,True,585.64,1048576,1,
2396,True,585.20,1048576,1,
2399,True,580.05,1048576,1,
2393,True,596.49,1048576,1,
2394,True,595.34,1048576,1,
2397,True,591.11,1048576,1,
2406,True,560.78,1048576,1,
2402,True,570.54,1048576,1,
2401,True,574.38,1048576,1,
2404,True,571.80,1048576,1,
2408,True,566.18,1048576,1,
2407,True,570.41,1048576,1,
2403,True,579.20,1048576,1,
2405,True,578.97,1048576,1,
2416,True,556.54,1048576,1,
2413,True,565.92,1048576,1,
2412,True,569.92,1048576,1,
2411,True,574.00,1048576,1,
2410,True,578.21,1048576,1,
2414,True,571.47,1048576,1,
2409,True,584.01,1048576,1,
2415,True,572.69,1048576,1,
2423,True,538.28,1048576,1,
2418,True,548.98,1048576,1,
2417,True,552.27,1048576,1,
2421,True,546.49,1048576,1,
2422,True,546.48,1048576,1,
2419,True,553.07,1048576,1,
2424,True,547.01,1048576,1,
2420,True,555.47,1048576,1,
2430,True,618.17,1048576,1,
2431,True,617.44,1048576,1,
2426,True,627.27,1048576,1,
2432,True,619.27,1048576,1,
2427,True,629.57,1048576,1,
2429,True,628.03,1048576,1,
2428,True,632.50,1048576,1,
2425,True,638.55,1048576,1,
2434,True,589.44,1048576,1,
2435,True,590.20,1048576,1,
2436,True,592.18,1048576,1,
2439,True,588.37,1048576,1,
2433,True,602.04,1048576,1,
2437,True,598.26,1048576,1,
2440,True,596.59,1048576,1,
2438,True,602.81,1048576,1,
2447,True,545.27,1048576,1,
2444,True,556.54,1048576,1,
2445,True,555.98,1048576,1,
2446,True,554.58,1048576,1,
2448,True,550.26,1048576,1,
2441,True,572.16,1048576,1,
2443,True,569.30,1048576,1,
2442,True,578.27,1048576,1,
2450,True,582.69,1048576,1,
2451,True,583.18,1048576,1,
2452,True,584.01,1048576,1,
2449,True,592.57,1048576,1,
2454,True,587.80,1048576,1,
2455,True,588.19,1048576,1,
2456,True,585.02,1048576,1,
2453,True,597.64,1048576,1,
2461,True,540.36,1048576,1,
2458,True,551.37,1048576,1,
2459,True,550.70,1048576,1,
2460,True,549.95,1048576,1,
2463,True,543.09,1048576,1,
2457,True,562.06,1048576,1,
2464,True,543.62,1048576,1,
2462,True,550.73,1048576,1,
2466,True,583.61,1048576,1,
2468,True,580.72,1048576,1,
2469,True,580.06,1048576,1,
2467,True,587.11,1048576,1,
2470,True,582.49,1048576,1,
2472,True,580.25,1048576,1,
2471,True,584.30,1048576,1,
2465,True,598.74,1048576,1,
2479,True,632.37,1048576,1,
2480,True,631.58,1048576,1,
2474,True,645.50,1048576,1,
2473,True,649.78,1048576,1,
2475,True,649.15,1048576,1,
2477,True,646.89,1048576,1,
2478,True,646.85,1048576,1,
2476,True,653.92,1048576,1,
2483,True,546.25,1048576,1,
2482,True,550.67,1048576,1,
2481,True,555.44,1048576,1,
2484,True,551.40,1048576,1,
2486,True,549.25,1048576,1,
2488,True,546.42,1048576,1,
2485,True,555.90,1048576,1,
2487,True,556.94,1048576,1,
2495,True,587.93,1048576,1,
2490,True,603.79,1048576,1,
2492,True,600.59,1048576,1,
2494,True,597.28,1048576,1,
2496,True,592.25,1048576,1,
2489,True,613.91,1048576,1,
2491,True,610.63,1048576,1,
2493,True,607.07,1048576,1,
2497,True,532.56,1048576,1,
2503,True,523.41,1048576,1,
2500,True,530.68,1048576,1,
2502,True,528.56,1048576,1,
2501,True,532.29,1048576,1,
2499,True,536.82,1048576,1,
2498,True,540.34,1048576,1,
2504,True,532.86,1048576,1,
2507,True,636.82,1048576,1,
2508,True,636.81,1048576,1,
2510,True,635.90,1048576,1,
2511,True,637.75,1048576,1,
2509,True,642.66,1048576,1,
2505,True,650.80,1048576,1,
2512,True,641.16,1048576,1,
2506,True,653.68,1048576,1,
2513,True,539.55,1048576,1,
2514,True,541.28,1048576,1,
2519,True,531.34,1048576,1,
2515,True,543.31,1048576,1,
2520,True,533.51,1048576,1,
2518,True,540.78,1048576,1,
2517,True,545.70,1048576,1,
2516,True,549.46,1048576,1,
2522,True,610.57,1048576,1,
2527,True,600.65,1048576,1,
2528,True,600.81,1048576,1,
2526,True,607.73,1048576,1,
2523,True,617.03,1048576,1,
2524,True,616.87,1048576,1,
2525,True,616.27,1048576,1,
2521,True,627.07,1048576,1,
2533,True,566.32,1048576,1,
2536,True,563.92,1048576,1,
2529,True,579.19,1048576,1,
2530,True,580.08,1048576,1,
2532,True,578.34,1048576,1,
2531,True,582.00,1048576,1,
2534,True,577.66,1048576,1,
2535,True,578.13,1048576,1,
2538,True,589.93,1048576,1,
2544,True,581.57,1048576,1,
2537,True,598.67,1048576,1,
2541,True,591.91,1048576,1,
2542,True,592.21,1048576,1,
2540,True,598.49,1048576,1,
2543,True,594.87,1048576,1,
2539,True,606.78,1048576,1,
2545,True,551.59,1048576,1,
2549,True,544.98,1048576,1,
2546,True,553.77,1048576,1,
2550,True,547.06,1048576,1,
2552,True,544.32,1048576,1,
2547,True,558.64,1048576,1,
2551,True,552.03,1048576,1,
2548,True,560.86,1048576,1,
2553,True,556.61,1048576,1,
2557,True,546.25,1048576,1,
2558,True,546.47,1048576,1,
2559,True,546.39,1048576,1,
2556,True,556.38,1048576,1,
2555,True,561.12,1048576,1,
2560,True,551.82,1048576,1,
2554,True,568.47,1048576,1,
2561,True,584.37,1048576,1,
2566,True,575.18,1048576,1,
2568,True,574.08,1048576,1,
2565,True,584.08,1048576,1,
2564,True,588.94,1048576,1,
2563,True,593.42,1048576,1,
2567,True,585.68,1048576,1,
2562,True,600.31,1048576,1,
2576,True,547.98,1048576,1,
2569,True,567.17,1048576,1,
2574,True,556.65,1048576,1,
2575,True,556.87,1048576,1,
2570,True,572.19,1048576,1,
2571,True,570.40,1048576,1,
2572,True,571.73,1048576,1,
2573,True,574.56,1048576,1,
2583,True,588.66,1048576,1,
2584,True,586.49,1048576,1,
2577,True,608.09,1048576,1,
2578,True,608.85,1048576,1,
2581,True,603.88,1048576,1,
2582,True,603.84,1048576,1,
2580,True,610.88,1048576,1,
2579,True,616.20,1048576,1,
2585,True,596.35,1048576,1,
2590,True,586.60,1048576,1,
2591,True,586.16,1048576,1,
2592,True,584.71,1048576,1,
2589,True,593.99,1048576,1,
2588,True,597.41,1048576,1,
2587,True,601.21,1048576,1,
2586,True,607.46,1048576,1,
2599,True,544.72,1048576,1,
2597,True,549.17,1048576,1,
2598,True,549.65,1048576,1,
2593,True,559.51,1048576,1,
2594,True,559.66,1048576,1,
2600,True,549.21,1048576,1,
2596,True,559.44,1048576,1,
2595,True,564.46,1048576,1,
2607,True,595.43,1048576,1,
2606,True,598.70,1048576,1,
2605,True,602.19,1048576,1,
2603,True,607.25,1048576,1,
2602,True,611.43,1048576,1,
2608,True,601.30,1048576,1,
2604,True,612.14,1048576,1,
2601,True,618.81,1048576,1,
2613,True,562.17,1048576,1,
2616,True,558.46,1048576,1,
2610,True,572.16,1048576,1,
2612,True,571.07,1048576,1,
2614,True,568.41,1048576,1,
2609,True,579.41,1048576,1,
2615,True,570.10,1048576,1,
2611,True,580.65,1048576,1,
2622,True,578.58,1048576,1,
2624,True,575.59,1048576,1,
2623,True,579.65,1048576,1,
2620,True,587.24,1048576,1,
2619,True,591.31,1048576,1,
2621,True,590.36,1048576,1,
2618,True,597.90,1048576,1,
2617,True,603.00,1048576,1,
2627,True,563.21,1048576,1,
2632,True,553.97,1048576,1,
2631,True,559.74,1048576,1,
2630,True,564.22,1048576,1,
2628,True,571.73,1048576,1,
2626,True,581.03,1048576,1,
2629,True,577.60,1048576,1,
2625,True,586.96,1048576,1,
2636,True,597.66,1048576,1,
2638,True,591.09,1048576,1,
2640,True,588.43,1048576,1,
2634,True,608.07,1048576,1,
2639,True,594.24,1048576,1,
2633,True,614.20,1048576,1,
2635,True,611.59,1048576,1,
2637,True,607.61,1048576,1,
2644,True,600.05,1048576,1,
2647,True,595.88,1048576,1,
2645,True,601.97,1048576,1,
2646,True,601.80,1048576,1,
2643,True,608.58,1048576,1,
2641,True,613.60,1048576,1,
2648,True,602.02,1048576,1,
2642,True,614.65,1048576,1,
2655,True,563.93,1048576,1,
2651,True,571.75,1048576,1,
2654,True,568.68,1048576,1,
2653,True,572.33,1048576,1,
2649,True,580.91,1048576,1,
2656,True,572.21,1048576,1,
2650,True,583.60,1048576,1,
2652,True,586.60,1048576,1,
2658,True,651.26,1048576,1,
2662,True,645.54,1048576,1,
2657,True,657.05,1048576,1,
2660,True,654.06,1048576,1,
2659,True,658.89,1048576,1,
2663,True,653.40,1048576,1,
2661,True,660.11,1048576,1,
2664,True,650.50,1048576,1,
2665,True,547.29,1048576,1,
2672,True,535.83,1048576,1,
2669,True,544.70,1048576,1,
2666,True,554.72,1048576,1,
2668,True,552.31,1048576,1,
2671,True,549.35,1048576,1,
2670,True,555.62,1048576,1,
2667,True,566.50,1048576,1,
2674,True,563.86,1048576,1,
2673,True,570.17,1048576,1,
2676,True,562.23,1048576,1,
2677,True,561.74,1048576,1,
2678,True,559.09,1048576,1,
2675,True,571.00,1048576,1,
2679,True,558.93,1048576,1,
2680,True,558.52,1048576,1,
2681,True,591.94,1048576,1,
2687,True,582.50,1048576,1,
2683,True,591.83,1048576,1,
2686,True,587.75,1048576,1,
2688,True,585.16,1048576,1,
2684,True,595.45,1048576,1,
2682,True,600.58,1048576,1,
2685,True,600.20,1048576,1,
2689,True,551.67,1048576,1,
2690,True,551.41,1048576,1,
2694,True,546.71,1048576,1,
2696,True,540.97,1048576,1,
2693,True,552.83,1048576,1,
2691,True,557.79,1048576,1,
2692,True,557.47,1048576,1,
2695,True,554.06,1048576,1,
2697,True,611.82,1048576,1,
2702,True,604.16,1048576,1,
2703,True,604.36,1048576,1,
2699,True,613.31,1048576,1,
2704,True,606.04,1048576,1,
2700,True,614.92,1048576,1,
2701,True,614.01,1048576,1,
2698,True,621.69,1048576,1,
2711,True,541.35,1048576,1,
2706,True,551.27,1048576,1,
2710,True,546.21,1048576,1,
2709,True,549.78,1048576,1,
2708,True,553.06,1048576,1,
2712,True,548.26,1048576,1,
2707,True,557.87,1048576,1,
2705,True,564.85,1048576,1,
2719,True,597.27,1048576,1,
2720,True,595.48,1048576,1,
2718,True,602.36,1048576,1,
2716,True,607.81,1048576,1,
2713,True,614.41,1048576,1,
2714,True,614.36,1048576,1,
2715,True,615.18,1048576,1,
2717,True,614.51,1048576,1,
2728,True,597.64,1048576,1,
2724,True,608.64,1048576,1,
2727,True,605.25,1048576,1,
2725,True,611.24,1048576,1,
2722,True,618.54,1048576,1,
2721,True,624.46,1048576,1,
2723,True,623.01,1048576,1,
2726,True,620.36,1048576,1,
2729,True,583.26,1048576,1,
2733,True,578.41,1048576,1,
2734,True,576.33,1048576,1,
2735,True,576.56,1048576,1,
2736,True,576.81,1048576,1,
2730,True,594.14,1048576,1,
2731,True,595.06,1048576,1,
2732,True,596.72,1048576,1,
2737,True,566.54,1048576,1,
2738,True,566.10,1048576,1,
2744,True,551.75,1048576,1,
2739,True,567.59,1048576,1,
2740,True,567.66,1048576,1,
2741,True,568.88,1048576,1,
2742,True,568.67,1048576,1,
2743,True,567.60,1048576,1,
2748,True,573.61,1048576,1,
2747,True,578.19,1048576,1,
2752,True,568.06,1048576,1,
2746,True,583.94,1048576,1,
2751,True,574.22,1048576,1,
2745,True,591.87,1048576,1,
2750,True,580.94,1048576,1,
2749,True,587.59,1048576,1,
2753,True,574.78,1048576,1,
2758,True,567.28,1048576,1,
2755,True,575.50,1048576,1,
2759,True,568.79,1048576,1,
2760,True,570.69,1048576,1,
2757,True,581.58,1048576,1,
2754,True,589.77,1048576,1,
2756,True,588.17,1048576,1,
2766,True,667.72,1048576,1,
2767,True,667.53,1048576,1,
2765,True,675.11,1048576,1,
2761,True,689.50,1048576,1,
2762,True,687.57,1048576,1,
2764,True,685.58,1048576,1,
2768,True,679.09,1048576,1,
2763,True,695.68,1048576,1,
2773,True,617.79,1048576,1,
2771,True,623.80,1048576,1,
2775,True,615.36,1048576,1,
2770,True,631.85,1048576,1,
2772,True,629.93,1048576,1,
2774,True,628.73,1048576,1,
2769,True,641.42,1048576,1,
2776,True,628.50,1048576,1,
2778,True,626.78,1048576,1,
2779,True,624.37,1048576,1,
2781,True,622.21,1048576,1,
2783,True,618.52,1048576,1,
2782,True,623.36,1048576,1,
2777,True,637.63,1048576,1,
2784,True,618.55,1048576,1,
2780,True,635.97,1048576,1,
2790,True,595.50,1048576,1,
2789,True,599.08,1048576,1,
2786,True,606.49,1048576,1,
2787,True,607.11,1048576,1,
2785,True,612.58,1048576,1,
2791,True,603.10,1048576,1,
2788,True,610.74,1048576,1,
2792,True,602.33,1048576,1,
2797,True,995.83,1048576,1,
2793,True,1005.55,1048576,1,
2799,True,996.36,1048576,1,
2798,True,1000.66,1048576,1,
2796,True,1006.02,1048576,1,
2794,True,1012.37,1048576,1,
2795,True,1013.04,1048576,1,
2800,True,1005.53,1048576,1,
2802,True,597.06,1048576,1,
2807,True,591.84,1048576,1,
2805,True,599.61,1048576,1,
2801,True,611.55,1048576,1,
2808,True,599.62,1048576,1,
2803,True,613.61,1048576,1,
2806,True,610.94,1048576,1,
2804,True,617.84,1048576,1,
2809,True,698.60,1048576,1,
2810,True,694.47,1048576,1,
2816,True,677.18,1048576,1,
2815,True,682.64,1048576,1,
2811,True,696.49,1048576,1,
2813,True,692.77,1048576,1,
2814,True,692.09,1048576,1,
2812,True,701.01,1048576,1,
2824,True,630.05,1048576,1,
2823,True,635.96,1048576,1,
2821,True,643.48,1048576,1,
2818,True,651.41,1048576,1,
2822,True,646.83,1048576,1,
2819,True,653.06,1048576,1,
2817,True,659.66,1048576,1,
2820,True,656.04,1048576,1,
2825,True,639.93,1048576,1,
2826,True,639.34,1048576,1,
2827,True,638.60,1048576,1,
2830,True,634.28,1048576,1,
2828,True,640.67,1048576,1,
2831,True,636.64,1048576,1,
2832,True,638.22,1048576,1,
2829,True,646.60,1048576,1,
2840,True,536.76,1048576,1,
2834,True,554.10,1048576,1,
2835,True,554.40,1048576,1,
2838,True,549.54,1048576,1,
2836,True,559.23,1048576,1,
2839,True,552.37,1048576,1,
2833,True,571.52,1048576,1,
2837,True,565.58,1048576,1,
2841,True,557.75,1048576,1,
2846,True,546.78,1048576,1,
2845,True,551.31,1048576,1,
2848,True,543.95,1048576,1,
2844,True,559.98,1048576,1,
2843,True,564.49,1048576,1,
2842,True,569.95,1048576,1,
2847,True,558.22,1048576,1,
2853,True,588.60,1048576,1,
2855,True,585.33,1048576,1,
2852,True,595.27,1048576,1,
2850,True,602.07,1048576,1,
2851,True,602.38,1048576,1,
2854,True,599.15,1048576,1,
2849,True,617.08,1048576,1,
2856,True,606.97,1048576,1,
2857,True,548.91,1048576,1,
2861,True,541.15,1048576,1,
2858,True,550.83,1048576,1,
2862,True,543.00,1048576,1,
2864,True,532.05,1048576,1,
2860,True,553.76,1048576,1,
2863,True,543.08,1048576,1,
2859,True,559.64,1048576,1,
2872,True,589.53,1048576,1,
2867,True,602.18,1048576,1,
2871,True,594.27,1048576,1,
2870,True,597.82,1048576,1,
2869,True,601.50,1048576,1,
2866,True,612.84,1048576,1,
2868,True,608.97,1048576,1,
2865,True,617.99,1048576,1,
2876,True,633.00,1048576,1,
2878,True,629.62,1048576,1,
2874,True,640.11,1048576,1,
2877,True,636.18,1048576,1,
2880,True,631.36,1048576,1,
2879,True,634.38,1048576,1,
2875,True,644.99,1048576,1,
2873,True,650.06,1048576,1,
2883,True,571.26,1048576,1,
2884,True,571.56,1048576,1,
2888,True,566.50,1048576,1,
2882,True,578.21,1048576,1,
2885,True,575.25,1048576,1,
2886,True,575.55,1048576,1,
2881,True,586.91,1048576,1,
2887,True,578.56,1048576,1,
2890,True,574.68,1048576,1,
2889,True,579.63,1048576,1,
2896,True,568.24,1048576,1,
2891,True,580.56,1048576,1,
2893,True,580.12,1048576,1,
2892,True,584.01,1048576,1,
2894,True,582.37,1048576,1,
2895,True,583.81,1048576,1,
2898,True,554.76,1048576,1,
2902,True,546.99,1048576,1,
2904,True,542.16,1048576,1,
2900,True,555.54,1048576,1,
2901,True,554.18,1048576,1,
2899,True,560.88,1048576,1,
2897,True,567.66,1048576,1,
2903,True,554.58,1048576,1,
2907,True,647.79,1048576,1,
2911,True,642.93,1048576,1,
2908,True,649.53,1048576,1,
2910,True,648.89,1048576,1,
2906,True,657.76,1048576,1,
2912,True,649.91,1048576,1,
2905,True,662.84,1048576,1,
2909,True,658.63,1048576,1,
2918,True,548.00,1048576,1,
2919,True,548.22,1048576,1,
2916,True,556.45,1048576,1,
2913,True,564.68,1048576,1,
2914,True,565.07,1048576,1,
2920,True,555.46,1048576,1,
2915,True,567.64,1048576,1,
2917,True,568.10,1048576,1,
2924,True,612.26,1048576,1,
2927,True,607.67,1048576,1,
2928,True,603.43,1048576,1,
2923,True,619.72,1048576,1,
2922,True,623.53,1048576,1,
2925,True,618.55,1048576,1,
2921,True,629.26,1048576,1,
2926,True,621.54,1048576,1,
2932,True,581.18,1048576,1,
2931,True,584.48,1048576,1,
2936,True,575.80,1048576,1,
2934,True,582.99,1048576,1,
2929,True,593.35,1048576,1,
2935,True,584.53,1048576,1,
2930,True,594.51,1048576,1,
2933,True,591.00,1048576,1,
2943,True,590.12,1048576,1,
2941,True,594.81,1048576,1,
2940,True,598.16,1048576,1,
2944,True,593.62,1048576,1,
2939,True,603.07,1048576,1,
2938,True,606.21,1048576,1,
2937,True,609.57,1048576,1,
2942,True,603.00,1048576,1,
2951,True,567.14,1048576,1,
2952,True,567.07,1048576,1,
2950,True,572.14,1048576,1,
2949,True,575.13,1048576,1,
2947,True,580.01,1048576,1,
2946,True,583.30,1048576,1,
2945,True,586.55,1048576,1,
2948,True,583.25,1048576,1,
2957,True,534.65,1048576,1,
2953,True,542.51,1048576,1,
2956,True,539.48,1048576,1,
2954,True,544.36,1048576,1,
2955,True,544.15,1048576,1,
2958,True,540.66,1048576,1,
2959,True,540.59,1048576,1,
2960,True,540.67,1048576,1,
2967,True,611.26,1048576,1,
2962,True,621.04,1048576,1,
2961,True,624.63,1048576,1,
2968,True,615.24,1048576,1,
2966,True,619.94,1048576,1,
2964,True,624.53,1048576,1,
2963,True,627.57,1048576,1,
2965,True,626.23,1048576,1,
2975,True,559.74,1048576,1,
2976,True,560.01,1048576,1,
2970,True,572.38,1048576,1,
2971,True,572.73,1048576,1,
2974,True,569.80,1048576,1,
2973,True,572.91,1048576,1,
2972,True,576.76,1048576,1,
2969,True,585.32,1048576,1,
2981,True,566.63,1048576,1,
2980,True,570.09,1048576,1,
2978,True,576.67,1048576,1,
2979,True,577.61,1048576,1,
2982,True,573.29,1048576,1,
2983,True,572.95,1048576,1,
2984,True,571.77,1048576,1,
2977,True,589.23,1048576,1,
2985,True,582.80,1048576,1,
2986,True,582.94,1048576,1,
2987,True,582.73,1048576,1,
2989,True,579.56,1048576,1,
2992,True,575.87,1048576,1,
2990,True,581.62,1048576,1,
2988,True,586.96,1048576,1,
2991,True,583.13,1048576,1,
3000,True,534.66,1048576,1,
2993,True,552.84,1048576,1,
2998,True,545.68,1048576,1,
2997,True,550.26,1048576,1,
2999,True,549.35,1048576,1,
2995,True,561.08,1048576,1,
2996,True,562.24,1048576,1,
2994,True,569.09,1048576,1,
3001,True,582.78,1048576,1,
3002,True,587.52,1048576,1,
3003,True,588.40,1048576,1,
3008,True,574.51,1048576,1,
3004,True,590.57,1048576,1,
3007,True,582.63,1048576,1,
3006,True,587.25,1048576,1,
3005,True,594.18,1048576,1,
3015,True,588.17,1048576,1,
3010,True,604.20,1048576,1,
3012,True,601.03,1048576,1,
3011,True,605.60,1048576,1,
3013,True,605.95,1048576,1,
3009,True,637.82,1048576,1,
3014,True,629.68,1048576,1,
3016,True,669.75,1048576,1,
3017,True,533.10,1048576,1,
3019,True,529.19,1048576,1,
3018,True,533.99,1048576,1,
3020,True,531.60,1048576,1,
3021,True,527.85,1048576,1,
3024,True,459.31,1048576,1,
3022,True,518.28,1048576,1,
3023,True,508.56,1048576,1,
3025,True,568.22,1048576,1,
3026,True,568.44,1048576,1,
3032,True,559.10,1048576,1,
3028,True,570.55,1048576,1,
3027,True,574.44,1048576,1,
3031,True,568.47,1048576,1,
3029,True,574.57,1048576,1,
3030,True,576.03,1048576,1,
3033,True,588.32,1048576,1,
3038,True,576.92,1048576,1,
3036,True,582.12,1048576,1,
3037,True,581.71,1048576,1,
3035,True,588.38,1048576,1,
3039,True,581.32,1048576,1,
3040,True,579.28,1048576,1,
3034,True,597.34,1048576,1,
3045,True,633.95,1048576,1,
3046,True,633.93,1048576,1,
3041,True,643.87,1048576,1,
3043,True,643.09,1048576,1,
3044,True,644.51,1048576,1,
3048,True,641.98,1048576,1,
3042,True,654.30,1048576,1,
3047,True,648.10,1048576,1,
3050,True,546.17,1048576,1,
3049,True,549.65,1048576,1,
3051,True,548.10,1048576,1,
3053,True,543.62,1048576,1,
3054,True,540.98,1048576,1,
3055,True,540.58,1048576,1,
3056,True,540.07,1048576,1,
3052,True,553.39,1048576,1,
3057,True,610.15,1048576,1,
3061,True,604.78,1048576,1,
3060,True,608.09,1048576,1,
3058,True,613.67,1048576,1,
3063,True,607.06,1048576,1,
3064,True,607.22,1048576,1,
3062,True,611.84,1048576,1,
3059,True,618.98,1048576,1,
3066,True,547.45,1048576,1,
3065,True,552.88,1048576,1,
3068,True,549.63,1048576,1,
3070,True,548.56,1048576,1,
3067,True,556.75,1048576,1,
3072,True,550.73,1048576,1,
3069,True,559.24,1048576,1,
3071,True,557.71,1048576,1,
3076,True,567.64,1048576,1,
3079,True,561.35,1048576,1,
3078,True,565.94,1048576,1,
3074,True,578.81,1048576,1,
3075,True,578.78,1048576,1,
3080,True,567.03,1048576,1,
3077,True,576.85,1048576,1,
3073,True,589.99,1048576,1,
3082,True,720.77,1048576,1,
3086,True,714.99,1048576,1,
3087,True,714.53,1048576,1,
3081,True,728.07,1048576,1,
3085,True,723.83,1048576,1,
3088,True,719.76,1048576,1,
3083,True,733.37,1048576,1,
3084,True,733.18,1048576,1,
3093,True,560.93,1048576,1,
3092,True,568.38,1048576,1,
3094,True,564.71,1048576,1,
3089,True,577.42,1048576,1,
3096,True,562.24,1048576,1,
3091,True,577.98,1048576,1,
3095,True,569.26,1048576,1,
3090,True,589.61,1048576,1,
3097,True,678.97,1048576,1,
3100,True,675.22,1048576,1,
3099,True,678.83,1048576,1,
3102,True,674.67,1048576,1,
3098,True,684.50,1048576,1,
3104,True,668.18,1048576,1,
3101,True,681.80,1048576,1,
3103,True,679.33,1048576,1,
3109,True,560.78,1048576,1,
3111,True,560.33,1048576,1,
3107,True,568.21,1048576,1,
3108,True,568.49,1048576,1,
3110,True,567.15,1048576,1,
3105,True,579.00,1048576,1,
3112,True,566.38,1048576,1,
3106,True,580.07,1048576,1,
3117,True,526.44,1048576,1,
3114,True,533.69,1048576,1,
3118,True,528.65,1048576,1,
3116,True,533.64,1048576,1,
3120,True,528.28,1048576,1,
3119,True,532.88,1048576,1,
3115,True,541.85,1048576,1,
3113,True,550.68,1048576,1,
3121,True,584.78,1048576,1,
3124,True,581.99,1048576,1,
3125,True,580.90,1048576,1,
3126,True,581.09,1048576,1,
3122,True,590.51,1048576,1,
3123,True,590.02,1048576,1,
3127,True,583.66,1048576,1,
3128,True,582.02,1048576,1,
3134,True,564.55,1048576,1,
3130,True,572.91,1048576,1,
3136,True,563.23,1048576,1,
3129,True,578.11,1048576,1,
3133,True,572.79,1048576,1,
3131,True,577.66,1048576,1,
3132,True,577.52,1048576,1,
3135,True,574.43,1048576,1,
3142,True,629.02,1048576,1,
3139,True,635.75,1048576,1,
3137,True,641.44,1048576,1,
3140,True,638.48,1048576,1,
3141,True,639.61,1048576,1,
3143,True,638.66,1048576,1,
3144,True,641.76,1048576,1,
3138,True,653.27,1048576,1,
3152,True,588.83,1048576,1,
3145,True,609.12,1048576,1,
3150,True,600.22,1048576,1,
3148,True,607.04,1048576,1,
3147,True,611.10,1048576,1,
3146,True,614.82,1048576,1,
3151,True,603.13,1048576,1,
3149,True,615.78,1048576,1,
3155,True,588.42,1048576,1,
3160,True,576.37,1048576,1,
3154,True,594.20,1048576,1,
3156,True,591.99,1048576,1,
3157,True,592.23,1048576,1,
3159,True,590.54,1048576,1,
3158,True,594.83,1048576,1,
3153,True,607.34,1048576,1,
3167,True,560.77,1048576,1,
3164,True,568.86,1048576,1,
3163,True,572.68,1048576,1,
3165,True,571.24,1048576,1,
3161,True,582.25,1048576,1,
3168,True,570.01,1048576,1,
3162,True,583.65,1048576,1,
3166,True,579.17,1048576,1,
3175,True,553.92,1048576,1,
3176,True,552.63,1048576,1,
3170,True,570.78,1048576,1,
3169,True,574.93,1048576,1,
3172,True,570.31,1048576,1,
3173,True,569.48,1048576,1,
3171,True,580.56,1048576,1,
3174,True,576.69,1048576,1,
3178,True,589.11,1048576,1,
3177,True,594.49,1048576,1,
3183,True,579.28,1048576,1,
3180,True,590.79,1048576,1,
3181,True,590.80,1048576,1,
3179,True,596.85,1048576,1,
3182,True,591.35,1048576,1,
3184,True,584.84,1048576,1,
3191,True,524.56,1048576,1,
3189,True,529.82,1048576,1,
3186,True,537.91,1048576,1,
3185,True,543.32,1048576,1,
3192,True,529.74,1048576,1,
3188,True,538.84,1048576,1,
3190,True,536.39,1048576,1,
3187,True,544.47,1048576,1,
3197,True,563.87,1048576,1,
3196,True,567.45,1048576,1,
3195,True,570.75,1048576,1,
3200,True,563.67,1048576,1,
3199,True,567.77,1048576,1,
3198,True,570.95,1048576,1,
3194,True,580.75,1048576,1,
3193,True,587.28,1048576,1,
3207,True,563.78,1048576,1,
3203,True,574.37,1048576,1,
3204,True,575.56,1048576,1,
3201,True,583.55,1048576,1,
3206,True,578.57,1048576,1,
3202,True,587.90,1048576,1,
3205,True,585.32,1048576,1,
3208,True,581.05,1048576,1,
3211,True,546.68,1048576,1,
3209,True,556.06,1048576,1,
3210,True,556.07,1048576,1,
3214,True,546.89,1048576,1,
3215,True,546.58,1048576,1,
3213,True,555.40,1048576,1,
3212,True,561.96,1048576,1,
3216,True,551.36,1048576,1,
3223,True,566.89,1048576,1,
3217,True,586.94,1048576,1,
3218,True,584.22,1048576,1,
3220,True,580.94,1048576,1,
3221,True,579.91,1048576,1,
3222,True,578.10,1048576,1,
3219,True,588.13,1048576,1,
3224,True,576.07,1048576,1,
3226,True,548.87,1048576,1,
3228,True,547.36,1048576,1,
3230,True,546.36,1048576,1,
3232,True,545.53,1048576,1,
3227,True,556.30,1048576,1,
3229,True,555.94,1048576,1,
3231,True,555.05,1048576,1,
3225,True,566.70,1048576,1,
3238,True,609.95,1048576,1,
3234,True,621.97,1048576,1,
3233,True,625.82,1048576,1,
3237,True,618.32,1048576,1,
3236,True,621.63,1048576,1,
3239,True,616.93,1048576,1,
3240,True,616.33,1048576,1,
3235,True,630.29,1048576,1,
3245,True,522.83,1048576,1,
3243,True,528.71,1048576,1,
3248,True,522.57,1048576,1,
3242,True,534.95,1048576,1,
3244,True,534.11,1048576,1,
3247,True,530.25,1048576,1,
3241,True,543.49,1048576,1,
3246,True,536.28,1048576,1,
3253,True,727.40,1048576,1,
3250,True,736.39,1048576,1,
3254,True,729.53,1048576,1,
3256,True,727.42,1048576,1,
3251,True,739.06,1048576,1,
3249,True,746.04,1048576,1,
3252,True,741.55,1048576,1,
3255,True,737.31,1048576,1,
3259,True,591.78,1048576,1,
3262,True,588.24,1048576,1,
3261,True,591.39,1048576,1,
3257,True,600.85,1048576,1,
3264,True,588.44,1048576,1,
3260,True,599.74,1048576,1,
3263,True,596.19,1048576,1,
3258,True,606.89,1048576,1,
3271,True,575.48,1048576,1,
3270,True,579.03,1048576,1,
3267,True,587.25,1048576,1,
3266,True,590.89,1048576,1,
3265,True,594.59,1048576,1,
3272,True,582.69,1048576,1,
3268,True,594.56,1048576,1,
3269,True,595.81,1048576,1,
3273,True,563.72,1048576,1,
3277,True,558.48,1048576,1,
3275,True,563.54,1048576,1,
3274,True,567.43,1048576,1,
3276,True,567.12,1048576,1,
3280,True,559.00,1048576,1,
3279,True,563.48,1048576,1,
3278,True,569.84,1048576,1,
3284,True,656.23,1048576,1,
3282,True,661.65,1048576,1,
3285,True,656.85,1048576,1,
3283,True,664.03,1048576,1,
3281,True,668.65,1048576,1,
3286,True,661.65,1048576,1,
3288,True,660.26,1048576,1,
3287,True,664.46,1048576,1,
3291,True,519.43,1048576,1,
3293,True,521.00,1048576,1,
3290,True,528.54,1048576,1,
3295,True,523.06,1048576,1,
3294,True,527.88,1048576,1,
3296,True,525.42,1048576,1,
3289,True,543.62,1048576,1,
3292,True,539.96,1048576,1,
3304,True,537.23,1048576,1,
3300,True,549.01,1048576,1,
3301,True,549.00,1048576,1,
3299,True,559.15,1048576,1,
3303,True,548.80,1048576,1,
3298,True,566.04,1048576,1,
3302,True,556.56,1048576,1,
3297,True,575.97,1048576,1,
3309,True,565.99,1048576,1,
3310,True,565.99,1048576,1,
3307,True,574.31,1048576,1,
3312,True,564.89,1048576,1,
3311,True,568.42,1048576,1,
3308,True,578.21,1048576,1,
3305,True,586.29,1048576,1,
3306,True,586.74,1048576,1,
3319,True,615.25,1048576,1,
3317,True,620.61,1048576,1,
3320,True,616.49,1048576,1,
3318,True,622.68,1048576,1,
3313,True,634.58,1048576,1,
3315,True,633.86,1048576,1,
3314,True,640.20,1048576,1,
3316,True,641.44,1048576,1,
3328,True,546.38,1048576,1,
3327,True,553.19,1048576,1,
3322,True,569.00,1048576,1,
3321,True,573.23,1048576,1,
3324,True,568.79,1048576,1,
3323,True,573.94,1048576,1,
3325,True,570.73,1048576,1,
3326,True,574.50,1048576,1,
3331,True,568.22,1048576,1,
3330,True,571.85,1048576,1,
3332,True,570.08,1048576,1,
3336,True,557.51,1048576,1,
3335,True,567.06,1048576,1,
3329,True,580.99,1048576,1,
3334,True,572.21,1048576,1,
3333,True,577.05,1048576,1,
3341,True,546.74,1048576,1,
3343,True,545.84,1048576,1,
3342,True,549.77,1048576,1,
3339,True,557.65,1048576,1,
3344,True,551.44,1048576,1,
3340,True,560.78,1048576,1,
3338,True,566.14,1048576,1,
3337,True,570.12,1048576,1,
3350,True,579.14,1048576,1,
3346,True,591.19,1048576,1,
3348,True,587.84,1048576,1,
3349,True,587.84,1048576,1,
3352,True,583.87,1048576,1,
3351,True,587.31,1048576,1,
3345,True,602.93,1048576,1,
3347,True,601.51,1048576,1,
3360,True,545.81,1048576,1,
3356,True,556.27,1048576,1,
3355,True,559.66,1048576,1,
3358,True,555.43,1048576,1,
3354,True,565.02,1048576,1,
3353,True,568.79,1048576,1,
3357,True,562.02,1048576,1,
3359,True,564.90,1048576,1,
3362,True,557.67,1048576,1,
3363,True,557.81,1048576,1,
3368,True,547.18,1048576,1,
3365,True,558.13,1048576,1,
3366,True,558.47,1048576,1,
3361,True,567.95,1048576,1,
3367,True,560.00,1048576,1,
3364,True,568.40,1048576,1,
3375,True,578.81,1048576,1,
3369,True,590.64,1048576,1,
3372,True,586.91,1048576,1,
3373,True,586.56,1048576,1,
3371,True,591.76,1048576,1,
3374,True,588.35,1048576,1,
3370,True,596.60,1048576,1,
3376,True,586.21,1048576,1,
3378,True,575.86,1048576,1,
3381,True,572.85,1048576,1,
3382,True,573.50,1048576,1,
3380,True,578.96,1048576,1,
3384,True,574.38,1048576,1,
3377,True,586.95,1048576,1,
3379,True,585.67,1048576,1,
3383,True,582.19,1048576,1,
3389,True,626.00,1048576,1,
3390,True,626.08,1048576,1,
3391,True,626.77,1048576,1,
3388,True,633.81,1048576,1,
3386,True,640.16,1048576,1,
3392,True,629.53,1048576,1,
3385,True,645.94,1048576,1,
3387,True,645.08,1048576,1,
3393,True,583.34,1048576,1,
3399,True,573.17,1048576,1,
3394,True,585.31,1048576,1,
3395,True,585.48,1048576,1,
3400,True,576.37,1048576,1,
3398,True,583.62,1048576,1,
3396,True,590.52,1048576,1,
3397,True,594.23,1048576,1,
3401,True,569.02,1048576,1,
3402,True,569.42,1048576,1,
3403,True,569.15,1048576,1,
3404,True,569.18,1048576,1,
3408,True,558.44,1048576,1,
3407,True,567.77,1048576,1,
3405,True,574.46,1048576,1,
3406,True,578.99,1048576,1,
3414,True,669.33,1048576,1,
3412,True,676.77,1048576,1,
3415,True,671.29,1048576,1,
3413,True,680.11,1048576,1,
3411,True,686.70,1048576,1,
3410,True,691.55,1048576,1,
3416,True,676.12,1048576,1,
3409,True,697.91,1048576,1,
3419,True,905.69,1048576,1,
3422,True,899.66,1048576,1,
3418,True,913.26,1048576,1,
3417,True,917.10,1048576,1,
3420,True,911.73,1048576,1,
3423,True,906.04,1048576,1,
3421,True,914.51,1048576,1,
3424,True,909.42,1048576,1,
3429,True,560.31,1048576,1,
3427,True,566.36,1048576,1,
3431,True,558.86,1048576,1,
3430,True,563.55,1048576,1,
3425,True,577.11,1048576,1,
3426,True,575.59,1048576,1,
3428,True,572.66,1048576,1,
3432,True,565.64,1048576,1,
3439,True,598.94,1048576,1,
3438,True,602.53,1048576,1,
3435,True,609.44,1048576,1,
3436,True,609.24,1048576,1,
3437,True,609.43,1048576,1,
3433,True,618.03,1048576,1,
3434,True,617.84,1048576,1,
3440,True,609.41,1048576,1,
3446,True,573.51,1048576,1,
3441,True,584.32,1048576,1,
3443,True,583.27,1048576,1,
3445,True,582.19,1048576,1,
3447,True,581.39,1048576,1,
3444,True,589.74,1048576,1,
3448,True,584.36,1048576,1,
3442,True,597.28,1048576,1,
3449,True,577.17,1048576,1,
3450,True,576.37,1048576,1,
3452,True,573.20,1048576,1,
3455,True,567.43,1048576,1,
3451,True,581.57,1048576,1,
3453,True,578.49,1048576,1,
3454,True,576.90,1048576,1,
3456,True,574.94,1048576,1,
3459,True,591.05,1048576,1,
3457,True,596.01,1048576,1,
3464,True,582.85,1048576,1,
3460,True,594.46,1048576,1,
3461,True,592.35,1048576,1,
3458,True,602.76,1048576,1,
3463,True,593.45,1048576,1,
3462,True,597.24,1048576,1,
3468,True,553.64,1048576,1,
3472,True,547.22,1048576,1,
3465,True,563.12,1048576,1,
3466,True,565.11,1048576,1,
3467,True,565.22,1048576,1,
3469,True,563.94,1048576,1,
3470,True,563.80,1048576,1,
3471,True,563.71,1048576,1,
3473,True,597.64,1048576,1,
3480,True,582.91,1048576,1,
3477,True,591.92,1048576,1,
3478,True,591.11,1048576,1,
3476,True,597.47,1048576,1,
3475,True,602.72,1048576,1,
3479,True,593.92,1048576,1,
3474,True,609.02,1048576,1,
3481,True,599.65,1048576,1,
3483,True,597.90,1048576,1,
3487,True,592.69,1048576,1,
3486,True,596.55,1048576,1,
3482,True,605.58,1048576,1,
3485,True,601.25,1048576,1,
3488,True,597.94,1048576,1,
3484,True,607.72,1048576,1,
3492,True,588.95,1048576,1,
3489,True,596.93,1048576,1,
3494,True,589.81,1048576,1,
3491,True,597.08,1048576,1,
3493,True,595.59,1048576,1,
3490,True,604.11,1048576,1,
3495,True,596.69,1048576,1,
3496,True,599.97,1048576,1,
3497,True,561.08,1048576,1,
3501,True,555.24,1048576,1,
3502,True,554.44,1048576,1,
3498,True,567.01,1048576,1,
3504,True,553.83,1048576,1,
3503,True,562.71,1048576,1,
3500,True,571.96,1048576,1,
3499,True,577.46,1048576,1,
3510,True,578.93,1048576,1,
3509,True,584.27,1048576,1,
3507,True,592.37,1048576,1,
3512,True,578.99,1048576,1,
3511,True,583.82,1048576,1,
3505,True,602.13,1048576,1,
3506,True,603.57,1048576,1,
3508,True,599.07,1048576,1,
3519,True,732.95,1048576,1,
3517,True,739.63,1048576,1,
3520,True,734.86,1048576,1,
3515,True,746.72,1048576,1,
3514,True,750.41,1048576,1,
3513,True,754.15,1048576,1,
3516,True,750.56,1048576,1,
3518,True,751.91,1048576,1,
3527,True,589.92,1048576,1,
3522,True,602.67,1048576,1,
3524,True,601.58,1048576,1,
3523,True,605.93,1048576,1,
3528,True,596.27,1048576,1,
3525,True,606.13,1048576,1,
3521,True,615.12,1048576,1,
3526,True,609.36,1048576,1,
3530,True,602.05,1048576,1,
3529,True,605.58,1048576,1,
3531,True,602.45,1048576,1,
3536,True,592.73,1048576,1,
3532,True,603.55,1048576,1,
3534,True,601.26,1048576,1,
3535,True,600.76,1048576,1,
3533,True,607.70,1048576,1,
3541,True,583.05,1048576,1,
3543,True,582.02,1048576,1,
3540,True,588.16,1048576,1,
3539,True,591.44,1048576,1,
3542,True,588.20,1048576,1,
3544,True,584.85,1048576,1,
3538,True,598.24,1048576,1,
3537,True,601.27,1048576,1,
3547,True,567.37,1048576,1,
3549,True,568.03,1048576,1,
3552,True,564.95,1048576,1,
3551,True,568.58,1048576,1,
3545,True,580.60,1048576,1,
3546,True,581.20,1048576,1,
3550,True,576.87,1048576,1,
3548,True,588.09,1048576,1,
3557,True,617.74,1048576,1,
3554,True,625.43,1048576,1,
3553,True,630.94,1048576,1,
3556,True,624.93,1048576,1,
3555,True,629.01,1048576,1,
3559,True,623.55,1048576,1,
3560,True,617.79,1048576,1,
3558,True,629.80,1048576,1,
3561,True,546.73,1048576,1,
3562,True,547.53,1048576,1,
3564,True,546.26,1048576,1,
3566,True,545.04,1048576,1,
3567,True,544.79,1048576,1,
3563,True,557.85,1048576,1,
3565,True,556.54,1048576,1,
3568,True,553.92,1048576,1,
3570,True,593.80,1048576,1,
3571,True,593.05,1048576,1,
3572,True,591.03,1048576,1,
3575,True,584.08,1048576,1,
3573,True,592.78,1048576,1,
3569,True,605.34,1048576,1,
3576,True,585.23,1048576,1,
3574,True,594.42,1048576,1,
3577,True,565.07,1048576,1,
3578,True,565.98,1048576,1,
3584,True,557.03,1048576,1,
3583,True,560.96,1048576,1,
3582,True,564.40,1048576,1,
3581,True,569.74,1048576,1,
3579,True,575.35,1048576,1,
3580,True,575.43,1048576,1,
3588,True,596.57,1048576,1,
3586,True,602.47,1048576,1,
3585,True,607.00,1048576,1,
3590,True,597.21,1048576,1,
3589,True,602.39,1048576,1,
3591,True,598.94,1048576,1,
3587,True,610.30,1048576,1,
3592,True,601.57,1048576,1,
3594,True,602.75,1048576,1,
3597,True,599.47,1048576,1,
3599,True,597.05,1048576,1,
3593,True,611.90,1048576,1,
3600,True,600.47,1048576,1,
3598,True,607.00,1048576,1,
3595,True,614.03,1048576,1,
3596,True,614.96,1048576,1,
3608,True,574.84,1048576,1,
3606,True,581.43,1048576,1,
3607,True,581.66,1048576,1,
3603,True,592.15,1048576,1,
3602,True,595.85,1048576,1,
3604,True,592.51,1048576,1,
3601,True,601.87,1048576,1,
3605,True,596.10,1048576,1,
3613,True,563.76,1048576,1,
3615,True,562.19,1048576,1,
3611,True,571.02,1048576,1,
3609,True,576.52,1048576,1,
3610,True,576.52,1048576,1,
3614,True,571.83,1048576,1,
3612,True,577.87,1048576,1,
3616,True,571.36,1048576,1,
3624,True,684.79,1048576,1,
3619,True,697.74,1048576,1,
3620,True,697.53,1048576,1,
3618,True,702.86,1048576,1,
3621,True,699.42,1048576,1,
3622,True,698.74,1048576,1,
3623,True,698.08,1048576,1,
3617,True,712.31,1048576,1,
3632,True,555.07,1048576,1,
3630,True,560.95,1048576,1,
3629,True,564.69,1048576,1,
3627,True,570.94,1048576,1,
3628,True,571.88,1048576,1,
3631,True,569.09,1048576,1,
3626,True,579.34,1048576,1,
3625,True,583.53,1048576,1,
3636,True,611.04,1048576,1,
3637,True,610.01,1048576,1,
3634,True,619.24,1048576,1,
3633,True,623.40,1048576,1,
3638,True,613.49,1048576,1,
3640,True,610.99,1048576,1,
3635,True,624.44,1048576,1,
3639,True,618.96,1048576,1,
3646,True,545.00,1048576,1,
3643,True,553.17,1048576,1,
3647,True,548.70,1048576,1,
3642,True,559.52,1048576,1,
3648,True,549.55,1048576,1,
3645,True,558.70,1048576,1,
3644,True,562.49,1048576,1,
3641,True,575.43,1048576,1,
3656,True,560.48,1048576,1,
3652,True,576.90,1048576,1,
3649,True,585.27,1048576,1,
3653,True,577.31,1048576,1,
3655,True,574.71,1048576,1,
3651,True,585.30,1048576,1,
3650,True,591.07,1048576,1,
3654,True,585.38,1048576,1,
3658,True,532.31,1048576,1,
3657,True,536.85,1048576,1,
3664,True,523.71,1048576,1,
3663,True,528.82,1048576,1,
3660,True,537.59,1048576,1,
3662,True,536.50,1048576,1,
3661,True,539.92,1048576,1,
3659,True,545.82,1048576,1,
3672,True,554.74,1048576,1,
3665,True,571.52,1048576,1,
3666,True,570.46,1048576,1,
3667,True,570.14,1048576,1,
3671,True,564.00,1048576,1,
3670,True,567.44,1048576,1,
3669,True,571.33,1048576,1,
3668,True,577.55,1048576,1,
3676,True,592.76,1048576,1,
3675,True,596.04,1048576,1,
3674,True,599.60,1048576,1,
3673,True,602.89,1048576,1,
3678,True,597.24,1048576,1,
3679,True,596.94,1048576,1,
3677,True,602.20,1048576,1,
3680,True,595.63,1048576,1,
3684,True,640.64,1048576,1,
3688,True,635.39,1048576,1,
3685,True,641.41,1048576,1,
3686,True,641.40,1048576,1,
3682,True,650.75,1048576,1,
3681,True,654.33,1048576,1,
3683,True,653.08,1048576,1,
3687,True,647.13,1048576,1,
3693,True,550.29,1048576,1,
3691,True,557.25,1048576,1,
3690,True,560.44,1048576,1,
3692,True,559.19,1048576,1,
3689,True,566.33,1048576,1,
3696,True,556.81,1048576,1,
3694,True,562.50,1048576,1,
3695,True,563.42,1048576,1,
3703,True,567.32,1048576,1,
3702,True,572.74,1048576,1,
3700,True,580.77,1048576,1,
3704,True,572.75,1048576,1,
3701,True,583.02,1048576,1,
3699,True,590.02,1048576,1,
3697,True,601.91,1048576,1,
3698,True,601.88,1048576,1,
3708,True,550.14,1048576,1,
3705,True,561.76,1048576,1,
3712,True,540.45,1048576,1,
3706,True,562.81,1048576,1,
3710,True,553.79,1048576,1,
3707,True,564.24,1048576,1,
3709,True,561.10,1048576,1,
3711,True,553.49,1048576,1,
3716,True,578.56,1048576,1,
3717,True,578.55,1048576,1,
3720,True,573.92,1048576,1,
3714,True,587.89,1048576,1,
3719,True,579.30,1048576,1,
3715,True,590.17,1048576,1,
3718,True,585.42,1048576,1,
3713,True,601.05,1048576,1,
3721,True,551.43,1048576,1,
3722,True,554.55,1048576,1,
3724,True,554.20,1048576,1,
3726,True,553.43,1048576,1,
3723,True,562.12,1048576,1,
3725,True,560.19,1048576,1,
3728,True,553.59,1048576,1,
3727,True,560.09,1048576,1,
3732,True,580.45,1048576,1,
3730,True,589.86,1048576,1,
3729,True,599.13,1048576,1,
3735,True,583.98,1048576,1,
3733,True,589.43,1048576,1,
3736,True,588.02,1048576,1,
3731,True,601.82,1048576,1,
3734,True,599.48,1048576,1,
3744,True,530.56,1048576,1,
3739,True,548.31,1048576,1,
3737,True,556.93,1048576,1,
3738,True,556.00,1048576,1,
3742,True,545.71,1048576,1,
3740,True,553.66,1048576,1,
3743,True,547.17,1048576,1,
3741,True,554.88,1048576,1,
3752,True,603.06,1048576,1,
3745,True,617.42,1048576,1,
3748,True,614.01,1048576,1,
3749,True,613.12,1048576,1,
3746,True,621.07,1048576,1,
3751,True,613.35,1048576,1,
3747,True,623.17,1048576,1,
3750,True,619.00,1048576,1,
3756,True,582.24,1048576,1,
3755,True,585.61,1048576,1,
3754,True,589.51,1048576,1,
3757,True,585.97,1048576,1,
3753,True,594.84,1048576,1,
3759,True,585.39,1048576,1,
3760,True,585.39,1048576,1,
3758,True,590.94,1048576,1,
3765,True,555.13,1048576,1,
3768,True,551.70,1048576,1,
3761,True,565.92,1048576,1,
3767,True,557.05,1048576,1,
3764,True,563.77,1048576,1,
3762,True,569.12,1048576,1,
3766,True,563.95,1048576,1,
3763,True,570.97,1048576,1,
3773,True,582.71,1048576,1,
3769,True,591.19,1048576,1,
3771,True,589.60,1048576,1,
3775,True,584.68,1048576,1,
3776,True,584.46,1048576,1,
3770,True,598.08,1048576,1,
3774,True,596.27,1048576,1,
3772,True,601.21,1048576,1,
3777,True,564.17,1048576,1,
3780,True,560.56,1048576,1,
3779,True,564.34,1048576,1,
3784,True,552.51,1048576,1,
3783,True,556.01,1048576,1,
3782,True,562.40,1048576,1,
3778,True,572.28,1048576,1,
3781,True,569.09,1048576,1,
3789,True,610.71,1048576,1,
3788,True,614.17,1048576,1,
3785,True,621.43,1048576,1,
3791,True,614.80,1048576,1,
3787,True,622.92,1048576,1,
3792,True,617.05,1048576,1,
3790,True,622.83,1048576,1,
3786,True,630.67,1048576,1,
3794,True,557.71,1048576,1,
3797,True,552.75,1048576,1,
3799,True,550.47,1048576,1,
3796,True,559.04,1048576,1,
3800,True,552.63,1048576,1,
3795,True,565.46,1048576,1,
3793,True,571.42,1048576,1,
3798,True,562.08,1048576,1,
3801,True,599.88,1048576,1,
3807,True,590.08,1048576,1,
3804,True,597.64,1048576,1,
3805,True,600.16,1048576,1,
3808,True,596.29,1048576,1,
3806,True,602.18,1048576,1,
3803,True,609.14,1048576,1,
3802,True,612.72,1048576,1,
3812,True,692.90,1048576,1,
3810,True,702.10,1048576,1,
3816,True,691.53,1048576,1,
3815,True,695.21,1048576,1,
3811,True,706.58,1048576,1,
3814,True,701.04,1048576,1,
3813,True,705.52,1048576,1,
3809,True,718.21,1048576,1,
3818,True,677.89,1048576,1,
3819,True,676.93,1048576,1,
3824,True,666.64,1048576,1,
3823,True,671.61,1048576,1,
3822,True,675.76,1048576,1,
3820,True,683.46,1048576,1,
3821,True,684.06,1048576,1,
3817,True,695.85,1048576,1,
3831,True,700.83,1048576,1,
3832,True,700.61,1048576,1,
3829,True,711.86,1048576,1,
3826,True,719.59,1048576,1,
3827,True,720.01,1048576,1,
3830,True,714.61,1048576,1,
3828,True,721.45,1048576,1,
3825,True,728.75,1048576,1,
3833,True,667.67,1048576,1,
3838,True,658.64,1048576,1,
3839,True,659.32,1048576,1,
3836,True,668.21,1048576,1,
3837,True,668.44,1048576,1,
3840,True,664.98,1048576,1,
3835,True,677.91,1048576,1,
3834,True,682.52,1048576,1,
3842,True,607.71,1048576,1,
3841,True,611.38,1048576,1,
3846,True,601.81,1048576,1,
3847,True,601.44,1048576,1,
3844,True,611.49,1048576,1,
3848,True,603.15,1048576,1,
3843,True,619.10,1048576,1,
3845,True,618.14,1048576,1,
3852,True,553.44,1048576,1,
3849,True,562.24,1048576,1,
3853,True,554.45,1048576,1,
3851,True,561.56,1048576,1,
3855,True,552.98,1048576,1,
3854,True,558.35,1048576,1,
3850,True,569.76,1048576,1,
3856,True,554.91,1048576,1,
3861,True,604.31,1048576,1,
3863,True,601.74,1048576,1,
3862,True,606.42,1048576,1,
3860,True,612.07,1048576,1,
3859,True,617.00,1048576,1,
3857,True,624.33,1048576,1,
3864,True,614.20,1048576,1,
3858,True,629.27,1048576,1,
3868,True,670.18,1048576,1,
3871,True,662.51,1048576,1,
3866,True,680.15,1048576,1,
3865,True,685.90,1048576,1,
3870,True,674.51,1048576,1,
3872,True,671.81,1048576,1,
3867,True,689.92,1048576,1,
3869,True,687.01,1048576,1,
3879,True,570.98,1048576,1,
3880,True,570.77,1048576,1,
3873,True,592.54,1048576,1,
3877,True,583.87,1048576,1,
3875,True,592.52,1048576,1,
3874,True,600.35,1048576,1,
3876,True,595.24,1048576,1,
3878,True,592.70,1048576,1,
3884,True,680.66,1048576,1,
3887,True,678.37,1048576,1,
3881,True,699.67,1048576,1,
3882,True,700.79,1048576,1,
3885,True,696.43,1048576,1,
3888,True,690.93,1048576,1,
3883,True,708.85,1048576,1,
3886,True,702.91,1048576,1,
3895,True,748.76,1048576,1,
3892,True,763.55,1048576,1,
3894,True,759.54,1048576,1,
3890,True,779.33,1048576,1,
3889,True,789.90,1048576,1,
3893,True,775.01,1048576,1,
3891,True,786.29,1048576,1,
3896,True,775.73,1048576,1,
3898,True,700.83,1048576,1,
3900,True,697.70,1048576,1,
3897,True,712.85,1048576,1,
3901,True,698.29,1048576,1,
3899,True,709.94,1048576,1,
3904,True,691.10,1048576,1,
3903,True,700.59,1048576,1,
3902,True,707.50,1048576,1,
3908,True,763.96,1048576,1,
3905,True,775.08,1048576,1,
3907,True,770.48,1048576,1,
3912,True,757.66,1048576,1,
3911,True,761.55,1048576,1,
3909,True,769.72,1048576,1,
3910,True,768.23,1048576,1,
3906,True,782.55,1048576,1,
3917,True,658.57,1048576,1,
3914,True,665.53,1048576,1,
3915,True,665.59,1048576,1,
3916,True,665.83,1048576,1,
3919,True,662.01,1048576,1,
3918,True,666.82,1048576,1,
3913,True,677.61,1048576,1,
3920,True,665.92,1048576,1,
3925,True,592.37,1048576,1,
3921,True,601.50,1048576,1,
3927,True,591.77,1048576,1,
3928,True,591.98,1048576,1,
3924,True,601.62,1048576,1,
3923,True,605.03,1048576,1,
3922,True,610.47,1048576,1,
3926,True,604.76,1048576,1,
3929,True,647.47,1048576,1,
3936,True,636.74,1048576,1,
3933,True,646.52,1048576,1,
3931,True,652.21,1048576,1,
3930,True,657.27,1048576,1,
3932,True,656.52,1048576,1,
3935,True,651.93,1048576,1,
3934,True,658.30,1048576,1,
3944,True,546.57,1048576,1,
3941,True,556.63,1048576,1,
3938,True,566.07,1048576,1,
3937,True,572.67,1048576,1,
3942,True,559.46,1048576,1,
3939,True,569.99,1048576,1,
3940,True,569.42,1048576,1,
3943,True,568.23,1048576,1,
3947,True,616.52,1048576,1,
3945,True,622.81,1048576,1,
3946,True,622.88,1048576,1,
3952,True,609.15,1048576,1,
3949,True,622.63,1048576,1,
3950,True,623.66,1048576,1,
3948,True,630.01,1048576,1,
3951,True,626.46,1048576,1,
3960,True,573.57,1048576,1,
3956,True,586.32,1048576,1,
3953,True,595.61,1048576,1,
3955,True,593.37,1048576,1,
3958,True,587.02,1048576,1,
3959,True,585.95,1048576,1,
3957,True,594.86,1048576,1,
3954,True,608.21,1048576,1,
3968,True,578.10,1048576,1,
3965,True,590.88,1048576,1,
3962,True,598.69,1048576,1,
3961,True,602.59,1048576,1,
3966,True,593.89,1048576,1,
3963,True,601.53,1048576,1,
3967,True,594.55,1048576,1,
3964,True,608.75,1048576,1,
3974,True,964.55,1048576,1,
3971,True,970.90,1048576,1,
3969,True,975.89,1048576,1,
3973,True,971.10,1048576,1,
3970,True,977.61,1048576,1,
3972,True,975.92,1048576,1,
3976,True,964.58,1048576,1,
3975,True,975.42,1048576,1,
3978,True,588.08,1048576,1,
3977,True,591.21,1048576,1,
3980,True,588.07,1048576,1,
3983,True,584.87,1048576,1,
3984,True,583.44,1048576,1,
3981,True,591.46,1048576,1,
3982,True,592.51,1048576,1,
3979,True,599.65,1048576,1,
3985,True,555.37,1048576,1,
3986,True,555.41,1048576,1,
3989,True,551.65,1048576,1,
3992,True,547.46,1048576,1,
3991,True,551.18,1048576,1,
3987,True,560.69,1048576,1,
3990,True,556.87,1048576,1,
3988,True,561.50,1048576,1,
3994,True,983.96,1048576,1,
3993,True,987.53,1048576,1,
3999,True,979.08,1048576,1,
3996,True,985.51,1048576,1,
4000,True,981.62,1048576,1,
3997,True,987.50,1048576,1,
3995,True,992.63,1048576,1,
3998,True,991.99,1048576,1,
4007,True,612.28,1048576,1,
4005,True,616.85,1048576,1,
4006,True,616.67,1048576,1,
4004,True,621.78,1048576,1,
4002,True,626.83,1048576,1,
4008,True,614.88,1048576,1,
4003,True,629.00,1048576,1,
4001,True,633.87,1048576,1,
4016,True,550.43,1048576,1,
4010,True,561.98,1048576,1,
4014,True,557.84,1048576,1,
4015,True,556.98,1048576,1,
4009,True,568.76,1048576,1,
4013,True,563.79,1048576,1,
4012,True,566.78,1048576,1,
4011,True,570.78,1048576,1,
4017,True,606.30,1048576,1,
4022,True,600.36,1048576,1,
4021,True,603.69,1048576,1,
4023,True,602.98,1048576,1,
4024,True,602.46,1048576,1,
4019,True,613.09,1048576,1,
4018,True,617.67,1048576,1,
4020,True,617.67,1048576,1,
4030,True,545.49,1048576,1,
4028,True,554.41,1048576,1,
4031,True,550.32,1048576,1,
4025,True,566.24,1048576,1,
4032,True,552.62,1048576,1,
4029,True,565.36,1048576,1,
4026,True,573.89,1048576,1,
4027,True,575.88,1048576,1,
4040,True,572.52,1048576,1,
4039,True,577.58,1048576,1,
4037,True,586.07,1048576,1,
4034,True,596.05,1048576,1,
4033,True,603.56,1048576,1,
4038,True,587.18,1048576,1,
4036,True,595.87,1048576,1,
4035,True,601.05,1048576,1,
4048,True,563.27,1048576,1,
4043,True,573.71,1048576,1,
4046,True,569.81,1048576,1,
4041,True,580.21,1048576,1,
4042,True,580.77,1048576,1,
4045,True,576.60,1048576,1,
4047,True,575.61,1048576,1,
4044,True,584.05,1048576,1,
4052,True,598.36,1048576,1,
4053,True,598.41,1048576,1,
4054,True,599.09,1048576,1,
4056,True,596.95,1048576,1,
4050,True,610.67,1048576,1,
4055,True,605.80,1048576,1,
4049,True,618.47,1048576,1,
4051,True,617.69,1048576,1,
4057,True,604.95,1048576,1,
4059,True,605.94,1048576,1,
4058,True,610.18,1048576,1,
4064,True,596.50,1048576,1,
4063,True,601.94,1048576,1,
4061,True,610.99,1048576,1,
4060,True,615.06,1048576,1,
4062,True,612.52,1048576,1,
4067,True,577.40,1048576,1,
4068,True,578.02,1048576,1,
4069,True,577.17,1048576,1,
4071,True,576.00,1048576,1,
4072,True,574.91,1048576,1,
4066,True,592.44,1048576,1,
4065,True,599.19,1048576,1,
4070,True,592.66,1048576,1,
4078,True,589.39,1048576,1,
4075,True,599.03,1048576,1,
4080,True,582.05,1048576,1,
4073,True,607.50,1048576,1,
4077,True,599.70,1048576,1,
4076,True,604.28,1048576,1,
4079,True,599.67,1048576,1,
4074,True,613.36,1048576,1,
4084,True,571.21,1048576,1,
4086,True,567.53,1048576,1,
4088,True,565.85,1048576,1,
4087,True,570.35,1048576,1,
4085,True,576.12,1048576,1,
4082,True,585.03,1048576,1,
4081,True,590.07,1048576,1,
4083,True,588.49,1048576,1,
4090,True,532.67,1048576,1,
4093,True,528.48,1048576,1,
4095,True,526.03,1048576,1,
4096,True,525.95,1048576,1,
4092,True,538.29,1048576,1,
4089,True,546.29,1048576,1,
4094,True,538.57,1048576,1,
4091,True,548.24,1048576,1,
4098,True,596.96,1048576,1,
4102,True,589.05,1048576,1,
4100,True,595.29,1048576,1,
4101,True,594.66,1048576,1,
4097,True,607.51,1048576,1,
4103,True,595.76,1048576,1,
4099,True,607.36,1048576,1,
4104,True,598.29,1048576,1,
4105,True,589.15,1048576,1,
4106,True,590.19,1048576,1,
4110,True,583.44,1048576,1,
4112,True,580.10,1048576,1,
4109,True,591.15,1048576,1,
4107,True,597.70,1048576,1,
4108,True,597.93,1048576,1,
4111,True,591.09,1048576,1,
4113,True,580.29,1048576,1,
4114,True,581.24,1048576,1,
4117,True,575.58,1048576,1,
4118,True,576.01,1048576,1,
4119,True,575.62,1048576,1,
4120,True,576.17,1048576,1,
4116,True,586.38,1048576,1,
4115,True,591.37,1048576,1,
4127,True,570.44,1048576,1,
4125,True,576.08,1048576,1,
4126,True,575.04,1048576,1,
4123,True,583.07,1048576,1,
4121,True,590.12,1048576,1,
4122,True,588.57,1048576,1,
4128,True,578.25,1048576,1,
4124,True,590.28,1048576,1,
4134,True,557.25,1048576,1,
4135,True,556.52,1048576,1,
4129,True,569.36,1048576,1,
4130,True,570.02,1048576,1,
4133,True,566.84,1048576,1,
4136,True,561.85,1048576,1,
4131,True,575.21,1048576,1,
4132,True,576.92,1048576,1,
4137,True,588.35,1048576,1,
4144,True,574.29,1048576,1,
4141,True,584.84,1048576,1,
4143,True,581.67,1048576,1,
4139,True,592.97,1048576,1,
4142,True,587.65,1048576,1,
4138,True,597.63,1048576,1,
4140,True,596.98,1048576,1,
4151,True,556.94,1048576,1,
4145,True,569.51,1048576,1,
4148,True,565.05,1048576,1,
4150,True,563.00,1048576,1,
4147,True,570.51,1048576,1,
4146,True,574.06,1048576,1,
4149,True,569.43,1048576,1,
4152,True,566.15,1048576,1,
4156,True,579.18,1048576,1,
4158,True,577.75,1048576,1,
4160,True,575.64,1048576,1,
4155,True,587.67,1048576,1,
4159,True,582.74,1048576,1,
4153,True,594.20,1048576,1,
4157,True,588.74,1048576,1,
4154,True,595.37,1048576,1,
4168,True,541.94,1048576,1,
4167,True,545.81,1048576,1,
4161,True,559.50,1048576,1,
4165,True,553.34,1048576,1,
4164,True,556.84,1048576,1,
4162,True,564.73,1048576,1,
4163,True,564.17,1048576,1,
4166,True,560.29,1048576,1,
4173,True,583.75,1048576,1,
4170,True,591.99,1048576,1,
4176,True,580.74,1048576,1,
4174,True,586.20,1048576,1,
4169,True,599.78,1048576,1,
4172,True,594.53,1048576,1,
4175,True,589.76,1048576,1,
4171,True,601.85,1048576,1,
4180,True,590.25,1048576,1,
4178,True,595.73,1048576,1,
4179,True,595.81,1048576,1,
4183,True,590.83,1048576,1,
4177,True,603.00,1048576,1,
4181,True,597.36,1048576,1,
4182,True,598.51,1048576,1,
4184,True,595.49,1048576,1,
4185,True,545.10,1048576,1,
4186,True,545.72,1048576,1,
4188,True,543.86,1048576,1,
4191,True,539.51,1048576,1,
4192,True,541.24,1048576,1,
4187,True,553.04,1048576,1,
4190,True,549.56,1048576,1,
4189,True,554.44,1048576,1,
4196,True,586.65,1048576,1,
4197,True,584.50,1048576,1,
4198,True,584.70,1048576,1,
4194,True,596.18,1048576,1,
4195,True,596.89,1048576,1,
4199,True,590.05,1048576,1,
4200,True,589.86,1048576,1,
4193,True,608.84,1048576,1,
4201,True,559.91,1048576,1,
4202,True,559.93,1048576,1,
4208,True,547.10,1048576,1,
4204,True,559.35,1048576,1,
4203,True,563.43,1048576,1,
4207,True,554.51,1048576,1,
4206,True,560.38,1048576,1,
4205,True,564.82,1048576,1,
4214,True,612.00,1048576,1,
4215,True,611.16,1048576,1,
4212,True,618.64,1048576,1,
4210,True,624.22,1048576,1,
4213,True,620.98,1048576,1,
4211,True,625.78,1048576,1,
4216,True,619.70,1048576,1,
4209,True,635.88,1048576,1,
4217,True,546.60,1048576,1,
4219,True,546.14,1048576,1,
4222,True,543.28,1048576,1,
4224,True,539.75,1048576,1,
4220,True,553.28,1048576,1,
4221,True,553.92,1048576,1,
4218,True,561.78,1048576,1,
4223,True,553.62,1048576,1,
4225,True,560.18,1048576,1,
4232,True,542.98,1048576,1,
4230,True,549.56,1048576,1,
4226,True,563.76,1048576,1,
4228,True,560.71,1048576,1,
4227,True,565.68,1048576,1,
4229,True,561.57,1048576,1,
4231,True,559.14,1048576,1,
4238,True,553.37,1048576,1,
4233,True,566.39,1048576,1,
4239,True,555.26,1048576,1,
4234,True,568.73,1048576,1,
4235,True,568.89,1048576,1,
4237,True,565.47,1048576,1,
4236,True,569.53,1048576,1,
4240,True,563.51,1048576,1,
4248,True,545.56,1048576,1,
4242,True,560.05,1048576,1,
4244,True,558.55,1048576,1,
4246,True,556.67,1048576,1,
4243,True,564.10,1048576,1,
4245,True,562.69,1048576,1,
4247,True,561.73,1048576,1,
4241,True,575.39,1048576,1,
4253,True,611.88,1048576,1,
4255,True,608.58,1048576,1,
4254,True,612.87,1048576,1,
4251,True,620.92,1048576,1,
4252,True,620.81,1048576,1,
4249,True,629.91,1048576,1,
4250,True,630.73,1048576,1,
4256,True,620.87,1048576,1,
4261,True,552.56,1048576,1,
4258,True,561.09,1048576,1,
4260,True,559.50,1048576,1,
4262,True,556.68,1048576,1,
4263,True,556.11,1048576,1,
4257,True,571.21,1048576,1,
4259,True,569.47,1048576,1,
4264,True,560.57,1048576,1,
4265,True,563.19,1048576,1,
4272,True,548.89,1048576,1,
4267,True,563.47,1048576,1,
4268,True,564.44,1048576,1,
4269,True,564.15,1048576,1,
4270,True,564.73,1048576,1,
4271,True,564.76,1048576,1,
4266,True,576.89,1048576,1,
4275,True,541.13,1048576,1,
4274,True,545.45,1048576,1,
4278,True,538.35,1048576,1,
4273,True,555.39,1048576,1,
4277,True,547.09,1048576,1,
4276,True,553.52,1048576,1,
4279,True,549.66,1048576,1,
4280,True,550.99,1048576,1,
4282,True,567.98,1048576,1,
4285,True,561.66,1048576,1,
4288,True,553.24,1048576,1,
4284,True,567.39,1048576,1,
4281,True,578.00,1048576,1,
4283,True,574.59,1048576,1,
4287,True,563.35,1048576,1,
4286,True,567.73,1048576,1,
4291,True,599.14,1048576,1,
4290,True,603.01,1048576,1,
4295,True,596.30,1048576,1,
4289,True,609.92,1048576,1,
4296,True,598.72,1048576,1,
4293,True,605.66,1048576,1,
4292,True,608.82,1048576,1,
4294,True,608.31,1048576,1,
4301,True,554.94,1048576,1,
4302,True,555.13,1048576,1,
4298,True,564.82,1048576,1,
4297,True,569.75,1048576,1,
4300,True,566.17,1048576,1,
4304,True,561.09,1048576,1,
4303,True,565.92,1048576,1,
4299,True,574.81,1048576,1,
4309,True,583.06,1048576,1,
4306,True,592.38,1048576,1,
4312,True,580.11,1048576,1,
4310,True,585.45,1048576,1,
4311,True,585.31,1048576,1,
4307,True,597.05,1048576,1,
4308,True,595.38,1048576,1,
4305,True,603.72,1048576,1,
4315,True,565.17,1048576,1,
4314,True,568.42,1048576,1,
4320,True,560.39,1048576,1,
4319,True,564.35,1048576,1,
4317,True,570.22,1048576,1,
4313,True,578.28,1048576,1,
4316,True,575.34,1048576,1,
4318,True,575.79,1048576,1,
4323,True,565.08,1048576,1,
4322,True,568.91,1048576,1,
4321,True,573.92,1048576,1,
4327,True,564.41,1048576,1,
4324,True,573.24,1048576,1,
4325,True,572.92,1048576,1,
4328,True,571.30,1048576,1,
4326,True,580.34,1048576,1,
4332,True,566.20,1048576,1,
4329,True,577.28,1048576,1,
4333,True,568.20,1048576,1,
4336,True,560.02,1048576,1,
4334,True,571.68,1048576,1,
4331,True,581.46,1048576,1,
4335,True,571.06,1048576,1,
4330,True,589.61,1048576,1,
4338,True,589.74,1048576,1,
4340,True,586.39,1048576,1,
4343,True,580.11,1048576,1,
4342,True,584.84,1048576,1,
4337,True,599.15,1048576,1,
4341,True,591.14,1048576,1,
4339,True,598.31,1048576,1,
4344,True,587.84,1048576,1,
4350,True,610.00,1048576,1,
4352,True,608.71,1048576,1,
4351,True,612.60,1048576,1,
4346,True,624.46,1048576,1,
4348,True,623.27,1048576,1,
4347,True,626.86,1048576,1,
4345,True,631.78,1048576,1,
4349,True,626.33,1048576,1,
4354,True,584.34,1048576,1,
4355,True,584.57,1048576,1,
4353,True,590.78,1048576,1,
4358,True,581.80,1048576,1,
4357,True,584.55,1048576,1,
4359,True,583.74,1048576,1,
4356,True,590.80,1048576,1,
4360,True,588.65,1048576,1,
4361,True,581.74,1048576,1,
4366,True,574.00,1048576,1,
4365,True,578.34,1048576,1,
4362,True,584.86,1048576,1,
4368,True,573.77,1048576,1,
4367,True,580.39,1048576,1,
4363,True,589.28,1048576,1,
4364,True,589.48,1048576,1,
4371,True,565.79,1048576,1,
4372,True,567.74,1048576,1,
4375,True,564.25,1048576,1,
4369,True,578.07,1048576,1,
4374,True,571.74,1048576,1,
4370,True,581.33,1048576,1,
4373,True,578.06,1048576,1,
4376,True,579.09,1048576,1,
4378,True,591.59,1048576,1,
4382,True,583.67,1048576,1,
4377,True,598.62,1048576,1,
4379,True,594.09,1048576,1,
4380,True,593.79,1048576,1,
4383,True,587.71,1048576,1,
4384,True,582.43,1048576,1,
4381,True,595.93,1048576,1,
4385,True,592.03,1048576,1,
4392,True,581.98,1048576,1,
4391,True,585.42,1048576,1,
4386,True,595.74,1048576,1,
4390,True,590.12,1048576,1,
4389,True,593.50,1048576,1,
4388,True,597.21,1048576,1,
4387,True,601.44,1048576,1,
4394,True,550.72,1048576,1,
4395,True,550.44,1048576,1,
4398,True,547.60,1048576,1,
4400,True,545.12,1048576,1,
4396,True,554.25,1048576,1,
4397,True,555.04,1048576,1,
4393,True,563.85,1048576,1,
4399,True,556.10,1048576,1,
4402,True,607.62,1048576,1,
4405,True,604.07,1048576,1,
4407,True,601.25,1048576,1,
4401,True,615.16,1048576,1,
4404,True,611.23,1048576,1,
4403,True,614.38,1048576,1,
4408,True,605.73,1048576,1,
4406,True,611.64,1048576,1,
4409,True,549.99,1048576,1,
4413,True,544.81,1048576,1,
4416,True,542.18,1048576,1,
4412,True,549.76,1048576,1,
4410,True,555.45,1048576,1,
4411,True,554.98,1048576,1,
4414,True,551.83,1048576,1,
4415,True,552.26,1048576,1,
4422,True,591.13,1048576,1,
4424,True,589.21,1048576,1,
4418,True,601.62,1048576,1,
4420,True,599.60,1048576,1,
4423,True,596.44,1048576,1,
4419,True,604.87,1048576,1,
4421,True,604.48,1048576,1,
4417,True,619.07,1048576,1,
4428,True,575.20,1048576,1,
4429,True,575.03,1048576,1,
4431,True,572.27,1048576,1,
4426,True,583.65,1048576,1,
4427,True,583.36,1048576,1,
4425,True,588.89,1048576,1,
4432,True,570.42,1048576,1,
4430,True,582.60,1048576,1,
4437,True,573.09,1048576,1,
4439,True,571.99,1048576,1,
4434,True,581.23,1048576,1,
4440,True,573.60,1048576,1,
4438,True,577.73,1048576,1,
4436,True,582.55,1048576,1,
4433,True,589.55,1048576,1,
4435,True,587.89,1048576,1,
4445,True,554.92,1048576,1,
4442,True,561.28,1048576,1,
4443,True,561.27,1048576,1,
4444,True,561.33,1048576,1,
4441,True,567.58,1048576,1,
4447,True,559.53,1048576,1,
4446,True,563.19,1048576,1,
4448,True,561.44,1048576,1,
4449,True,570.18,1048576,1,
4450,True,571.51,1048576,1,
4453,True,568.78,1048576,1,
4455,True,567.22,1048576,1,
4451,True,575.75,1048576,1,
4456,True,568.91,1048576,1,
4454,True,574.92,1048576,1,
4452,True,580.63,1048576,1,
4457,True,571.17,1048576,1,
4462,True,563.85,1048576,1,
4459,True,571.70,1048576,1,
4461,True,570.16,1048576,1,
4463,True,567.92,1048576,1,
4464,True,568.42,1048576,1,
4460,True,578.66,1048576,1,
4458,True,584.37,1048576,1,
4466,True,556.58,1048576,1,
4470,True,549.35,1048576,1,
4472,True,547.36,1048576,1,
4469,True,555.41,1048576,1,
4471,True,551.69,1048576,1,
4465,True,567.71,1048576,1,
4467,True,563.32,1048576,1,
4468,True,563.78,1048576,1,
4476,True,569.36,1048576,1,
4473,True,576.67,1048576,1,
4479,True,569.48,1048576,1,
4477,True,574.98,1048576,1,
4474,True,581.08,1048576,1,
4475,True,582.71,1048576,1,
4480,True,577.18,1048576,1,
4478,True,583.95,1048576,1,
4487,True,609.35,1048576,1,
4486,True,613.43,1048576,1,
4481,True,627.06,1048576,1,
4488,True,611.90,1048576,1,
4484,True,623.86,1048576,1,
4482,True,629.80,1048576,1,
4485,True,625.48,1048576,1,
4483,True,632.99,1048576,1,
4495,True,554.47,1048576,1,
4490,True,564.73,1048576,1,
4491,True,564.54,1048576,1,
4494,True,561.26,1048576,1,
4492,True,565.95,1048576,1,
4496,True,558.52,1048576,1,
4489,True,574.21,1048576,1,
4493,True,568.86,1048576,1,
4497,True,899.82,1048576,1,
4498,True,901.48,1048576,1,
4501,True,899.22,1048576,1,
4502,True,899.64,1048576,1,
4499,True,906.02,1048576,1,
4504,True,900.15,1048576,1,
4503,True,903.31,1048576,1,
4500,True,909.38,1048576,1,
4512,True,676.16,1048576,1,
4508,True,684.62,1048576,1,
4507,True,688.16,1048576,1,
4509,True,686.51,1048576,1,
4511,True,685.78,1048576,1,
4510,True,688.94,1048576,1,
4505,True,701.54,1048576,1,
4506,True,699.88,1048576,1,
4519,True,687.78,1048576,1,
4515,True,697.97,1048576,1,
4514,True,702.98,1048576,1,
4513,True,706.92,1048576,1,
4520,True,697.37,1048576,1,
4518,True,702.18,1048576,1,
4517,True,706.67,1048576,1,
4516,True,710.74,1048576,1,
4526,True,551.18,1048576,1,
4525,True,554.60,1048576,1,
4524,True,558.57,1048576,1,
4522,True,565.59,1048576,1,
4523,True,565.08,1048576,1,
4527,True,556.81,1048576,1,
4528,True,556.94,1048576,1,
4521,True,576.57,1048576,1,
4530,True,567.04,1048576,1,
4534,True,563.09,1048576,1,
4535,True,564.90,1048576,1,
4532,True,573.74,1048576,1,
4536,True,568.79,1048576,1,
4529,True,583.66,1048576,1,
4531,True,585.26,1048576,1,
4533,True,583.82,1048576,1,
4543,True,550.16,1048576,1,
4542,True,556.63,1048576,1,
4541,True,560.75,1048576,1,
4537,True,575.16,1048576,1,
4539,True,570.32,1048576,1,
4544,True,555.70,1048576,1,
4540,True,569.21,1048576,1,
4538,True,579.04,1048576,1,
4551,True,572.64,1048576,1,
4548,True,578.53,1048576,1,
4549,True,578.58,1048576,1,
4550,True,578.92,1048576,1,
4552,True,576.50,1048576,1,
4545,True,590.22,1048576,1,
4546,True,589.99,1048576,1,
4547,True,591.22,1048576,1,
4556,True,545.64,1048576,1,
4558,True,543.87,1048576,1,
4557,True,547.35,1048576,1,
4559,True,545.63,1048576,1,
4555,True,553.76,1048576,1,
4553,True,559.34,1048576,1,
4560,True,548.41,1048576,1,
4554,True,560.98,1048576,1,
4564,True,618.95,1048576,1,
4562,True,624.33,1048576,1,
4561,True,627.70,1048576,1,
4565,True,622.79,1048576,1,
4567,True,620.77,1048576,1,
4568,True,622.57,1048576,1,
4563,True,632.72,1048576,1,
4566,True,630.29,1048576,1,
4569,True,558.93,1048576,1,
4572,True,555.45,1048576,1,
4574,True,552.82,1048576,1,
4570,True,564.00,1048576,1,
4573,True,561.12,1048576,1,
4571,True,567.32,1048576,1,
4576,True,560.02,1048576,1,
4575,True,565.18,1048576,1,
4580,True,596.55,1048576,1,
4583,True,589.25,1048576,1,
4582,True,595.49,1048576,1,
4579,True,604.71,1048576,1,
4578,True,610.18,1048576,1,
4584,True,595.90,1048576,1,
4577,True,617.34,1048576,1,
4581,True,608.92,1048576,1,
4585,True,565.47,1048576,1,
4592,True,552.35,1048576,1,
4591,True,556.50,1048576,1,
4587,True,568.29,1048576,1,
4590,True,563.83,1048576,1,
4586,True,576.15,1048576,1,
4589,True,572.36,1048576,1,
4588,True,576.91,1048576,1,
4595,True,554.19,1048576,1,
4596,True,553.61,1048576,1,
4599,True,546.97,1048576,1,
4600,True,546.96,1048576,1,
4598,True,552.78,1048576,1,
4597,True,558.18,1048576,1,
4594,True,567.42,1048576,1,
4593,True,572.43,1048576,1,
4601,True,571.42,1048576,1,
4603,True,569.80,1048576,1,
4605,True,568.24,1048576,1,
4604,True,571.51,1048576,1,
4606,True,570.14,1048576,1,
4602,True,577.91,1048576,1,
4607,True,570.34,1048576,1,
4608,True,572.22,1048576,1,
4610,True,582.10,1048576,1,
4612,True,580.16,1048576,1,
4611,True,584.07,1048576,1,
4613,True,584.76,1048576,1,
4614,True,585.01,1048576,1,
4615,True,585.54,1048576,1,
4616,True,583.29,1048576,1,
4609,True,599.27,1048576,1,
4622,True,590.28,1048576,1,
4617,True,603.76,1048576,1,
4619,True,601.39,1048576,1,
4624,True,590.96,1048576,1,
4620,True,601.07,1048576,1,
4618,True,609.47,1048576,1,
4621,True,604.18,1048576,1,
4623,True,601.64,1048576,1,
4632,True,592.17,1048576,1,
4629,True,600.89,1048576,1,
4630,True,600.75,1048576,1,
4625,True,611.52,1048576,1,
4628,True,608.04,1048576,1,
4626,True,612.64,1048576,1,
4631,True,604.26,1048576,1,
4627,True,614.36,1048576,1,
4639,True,544.49,1048576,1,
4635,True,552.73,1048576,1,
4640,True,546.14,1048576,1,
4637,True,552.86,1048576,1,
4636,True,555.73,1048576,1,
4633,True,564.08,1048576,1,
4638,True,557.11,1048576,1,
4634,True,566.56,1048576,1,
4642,True,587.10,1048576,1,
4643,True,587.22,1048576,1,
4648,True,578.41,1048576,1,
4646,True,585.13,1048576,1,
4647,True,584.92,1048576,1,
4641,True,597.66,1048576,1,
4644,True,595.40,1048576,1,
4645,True,595.75,1048576,1,
4649,True,529.99,1048576,1,
4650,True,531.47,1048576,1,
4656,True,522.55,1048576,1,
4655,True,527.10,1048576,1,
4653,True,534.57,1048576,1,
4652,True,538.11,1048576,1,
4651,True,541.97,1048576,1,
4654,True,540.05,1048576,1,
4660,True,628.93,1048576,1,
4661,True,628.09,1048576,1,
4657,True,641.15,1048576,1,
4662,True,630.10,1048576,1,
4664,True,626.88,1048576,1,
4663,True,632.80,1048576,1,
4658,True,646.73,1048576,1,
4659,True,645.14,1048576,1,
4672,True,558.04,1048576,1,
4665,True,573.71,1048576,1,
4669,True,567.92,1048576,1,
4670,True,566.75,1048576,1,
4667,True,575.21,1048576,1,
4666,True,579.32,1048576,1,
4671,True,570.94,1048576,1,
4668,True,581.62,1048576,1,
4676,True,596.69,1048576,1,
4677,True,596.47,1048576,1,
4680,True,589.55,1048576,1,
4675,True,603.19,1048576,1,
4673,True,608.63,1048576,1,
4679,True,598.90,1048576,1,
4678,True,602.32,1048576,1,
4674,True,611.64,1048576,1,
4685,True,566.14,1048576,1,
4681,True,575.21,1048576,1,
4682,True,575.82,1048576,1,
4686,True,571.40,1048576,1,
4683,True,578.71,1048576,1,
4684,True,579.92,1048576,1,
4687,True,578.90,1048576,1,
4688,True,580.05,1048576,1,
4696,True,549.67,1048576,1,
4690,True,568.46,1048576,1,
4693,True,564.64,1048576,1,
4689,True,575.49,1048576,1,
4695,True,562.05,1048576,1,
4691,True,575.19,1048576,1,
4694,True,572.21,1048576,1,
4692,True,581.73,1048576,1,
4697,True,553.05,1048576,1,
4699,True,550.17,1048576,1,
4701,True,548.12,1048576,1,
4703,True,543.24,1048576,1,
4704,True,540.85,1048576,1,
4698,True,560.79,1048576,1,
4700,True,558.92,1048576,1,
4702,True,557.23,1048576,1,
4711,True,560.28,1048576,1,
4712,True,559.48,1048576,1,
4710,True,566.85,1048576,1,
4705,True,578.87,1048576,1,
4706,True,579.49,1048576,1,
4708,True,579.33,1048576,1,
4709,True,579.61,1048576,1,
4707,True,585.19,1048576,1,
4715,True,595.28,1048576,1,
4713,True,603.37,1048576,1,
4720,True,588.93,1048576,1,
4717,True,598.69,1048576,1,
4716,True,605.82,1048576,1,
4719,True,601.08,1048576,1,
4718,True,606.89,1048576,1,
4714,True,618.98,1048576,1,
4722,True,556.74,1048576,1,
4725,True,550.75,1048576,1,
4724,True,557.24,1048576,1,
4726,True,550.93,1048576,1,
4727,True,550.05,1048576,1,
4723,True,565.79,1048576,1,
4728,True,553.25,1048576,1,
4721,True,578.30,1048576,1,
4729,True,589.91,1048576,1,
4730,True,589.62,1048576,1,
4731,True,589.27,1048576,1,
4735,True,581.22,1048576,1,
4736,True,580.09,1048576,1,
4734,True,588.39,1048576,1,
4732,True,595.21,1048576,1,
4733,True,595.36,1048576,1,
4741,True,595.95,1048576,1,
4738,True,603.07,1048576,1,
4737,True,606.80,1048576,1,
4743,True,596.90,1048576,1,
4739,True,607.33,1048576,1,
4742,True,604.20,1048576,1,
4744,True,601.90,1048576,1,
4740,True,612.91,1048576,1,
4745,True,541.82,1048576,1,
4751,True,534.03,1048576,1,
4750,True,541.20,1048576,1,
4748,True,548.52,1048576,1,
4749,True,549.15,1048576,1,
4752,True,543.84,1048576,1,
4747,True,557.71,1048576,1,
4746,True,562.21,1048576,1,
4759,True,918.26,1048576,1,
4756,True,927.04,1048576,1,
4760,True,919.06,1048576,1,
4755,True,932.97,1048576,1,
4753,True,944.76,1048576,1,
4757,True,931.73,1048576,1,
4758,True,931.06,1048576,1,
4754,True,945.99,1048576,1,
4763,True,591.49,1048576,1,
4766,True,588.83,1048576,1,
4762,True,598.45,1048576,1,
4761,True,602.04,1048576,1,
4767,True,593.38,1048576,1,
4764,True,601.46,1048576,1,
4765,True,602.82,1048576,1,
4768,True,600.12,1048576,1,
4769,True,548.45,1048576,1,
4772,True,544.09,1048576,1,
4770,True,550.92,1048576,1,
4774,True,543.53,1048576,1,
4771,True,551.67,1048576,1,
4775,True,544.27,1048576,1,
4776,True,541.75,1048576,1,
4773,True,553.55,1048576,1,
4777,True,594.42,1048576,1,
4782,True,585.75,1048576,1,
4780,True,591.64,1048576,1,
4778,True,598.55,1048576,1,
4784,True,588.94,1048576,1,
4783,True,594.94,1048576,1,
4781,True,601.00,1048576,1,
4779,True,607.00,1048576,1,
4785,True,590.59,1048576,1,
4792,True,575.12,1048576,1,
4789,True,586.08,1048576,1,
4786,True,594.83,1048576,1,
4787,True,594.77,1048576,1,
4788,True,593.75,1048576,1,
4790,True,590.13,1048576,1,
4791,True,590.29,1048576,1,
4793,True,612.37,1048576,1,
4796,True,607.91,1048576,1,
4799,True,603.00,1048576,1,
4794,True,615.05,1048576,1,
4800,True,604.20,1048576,1,
4797,True,612.28,1048576,1,
4798,True,612.24,1048576,1,
4795,True,619.52,1048576,1,
4804,True,564.01,1048576,1,
4806,True,562.54,1048576,1,
4807,True,562.58,1048576,1,
4803,True,570.85,1048576,1,
4808,True,564.67,1048576,1,
4801,True,578.17,1048576,1,
4805,True,575.83,1048576,1,
4802,True,582.69,1048576,1,
4812,True,509.58,1048576,1,
4810,True,514.99,1048576,1,
4815,True,505.11,1048576,1,
4813,True,514.57,1048576,1,
4816,True,507.89,1048576,1,
4814,True,516.23,1048576,1,
4809,True,527.55,1048576,1,
4811,True,527.48,1048576,1,
4819,True,619.62,1048576,1,
4822,True,614.92,1048576,1,
4821,True,618.68,1048576,1,
4817,True,629.30,1048576,1,
4820,True,624.19,1048576,1,
4824,True,616.58,1048576,1,
4818,True,632.50,1048576,1,
4823,True,623.23,1048576,1,
4828,True,523.57,1048576,1,
4827,True,526.94,1048576,1,
4829,True,525.54,1048576,1,
4830,True,525.27,1048576,1,
4832,True,524.33,1048576,1,
4831,True,527.23,1048576,1,
4825,True,539.52,1048576,1,
4826,True,539.77,1048576,1,
4840,True,619.51,1048576,1,
4836,True,628.41,1048576,1,
4838,True,626.55,1048576,1,
4833,True,636.77,1048576,1,
4835,True,635.05,1048576,1,
4837,True,632.89,1048576,1,
4839,True,631.67,1048576,1,
4834,True,641.41,1048576,1,
4848,True,526.91,1048576,1,
4842,True,538.11,1048576,1,
4844,True,537.32,1048576,1,
4843,True,541.12,1048576,1,
4845,True,543.09,1048576,1,
4846,True,543.85,1048576,1,
4841,True,554.65,1048576,1,
4847,True,547.04,1048576,1,
4849,True,588.83,1048576,1,
4856,True,571.65,1048576,1,
4854,True,577.95,1048576,1,
4850,True,592.38,1048576,1,
4852,True,589.26,1048576,1,
4851,True,593.04,1048576,1,
4855,True,583.01,1048576,1,
4853,True,589.87,1048576,1,
4857,True,624.58,1048576,1,
4863,True,615.39,1048576,1,
4862,True,619.49,1048576,1,
4859,True,626.26,1048576,1,
4864,True,618.34,1048576,1,
4861,True,625.86,1048576,1,
4858,True,635.06,1048576,1,
4860,True,632.82,1048576,1,
4871,True,537.73,1048576,1,
4868,True,546.31,1048576,1,
4865,True,553.30,1048576,1,
4872,True,541.04,1048576,1,
4866,True,554.43,1048576,1,
4869,True,551.44,1048576,1,
4867,True,555.82,1048576,1,
4870,True,553.20,1048576,1,
4878,True,560.85,1048576,1,
4879,True,561.43,1048576,1,
4880,True,561.11,1048576,1,
4877,True,567.76,1048576,1,
4875,True,573.20,1048576,1,
4876,True,573.37,1048576,1,
4873,True,580.54,1048576,1,
4874,True,584.03,1048576,1,
4881,True,560.19,1048576,1,
4885,True,554.21,1048576,1,
4882,True,561.59,1048576,1,
4886,True,555.77,1048576,1,
4883,True,562.68,1048576,1,
4884,True,562.83,1048576,1,
4887,True,558.19,1048576,1,
4888,True,557.19,1048576,1,
4890,True,587.16,1048576,1,
4893,True,584.33,1048576,1,
4894,True,584.11,1048576,1,
4891,True,590.31,1048576,1,
4892,True,590.49,1048576,1,
4889,True,596.85,1048576,1,
4896,True,585.40,1048576,1,
4895,True,595.20,1048576,1,
4904,True,542.13,1048576,1,
4897,True,559.50,1048576,1,
4902,True,553.19,1048576,1,
4900,True,558.86,1048576,1,
4903,True,553.41,1048576,1,
4898,True,565.37,1048576,1,
4899,True,567.47,1048576,1,
4901,True,568.00,1048576,1,
4905,True,520.76,1048576,1,
4910,True,513.38,1048576,1,
4912,True,507.82,1048576,1,
4907,True,524.31,1048576,1,
4908,True,524.26,1048576,1,
4911,True,520.07,1048576,1,
4909,True,527.75,1048576,1,
4906,True,535.18,1048576,1,
4916,True,570.72,1048576,1,
4915,True,576.30,1048576,1,
4920,True,566.23,1048576,1,
4918,True,572.59,1048576,1,
4917,True,576.93,1048576,1,
4913,True,587.95,1048576,1,
4914,True,588.09,1048576,1,
4919,True,579.43,1048576,1,
4922,True,530.55,1048576,1,
4926,True,526.63,1048576,1,
4924,True,531.59,1048576,1,
4925,True,531.92,1048576,1,
4923,True,537.66,1048576,1,
4927,True,533.38,1048576,1,
4928,True,531.09,1048576,1,
4921,True,547.96,1048576,1,
4936,True,556.59,1048576,1,
4931,True,568.77,1048576,1,
4935,True,562.98,1048576,1,
4929,True,579.53,1048576,1,
4934,True,569.42,1048576,1,
4932,True,577.97,1048576,1,
4933,True,577.53,1048576,1,
4930,True,584.73,1048576,1,
4937,True,550.34,1048576,1,
4940,True,545.98,1048576,1,
4943,True,540.40,1048576,1,
4938,True,554.85,1048576,1,
4941,True,549.50,1048576,1,
4939,True,556.44,1048576,1,
4942,True,550.11,1048576,1,
4944,True,550.02,1048576,1,
4952,True,564.92,1048576,1,
4945,True,582.69,1048576,1,
4950,True,572.84,1048576,1,
4949,True,576.51,1048576,1,
4948,True,580.12,1048576,1,
4946,True,585.37,1048576,1,
4947,True,584.94,1048576,1,
4951,True,578.80,1048576,1,
4955,True,530.95,1048576,1,
4958,True,528.48,1048576,1,
4960,True,526.82,1048576,1,
4954,True,537.72,1048576,1,
4956,True,536.44,1048576,1,
4959,True,533.31,1048576,1,
4953,True,544.16,1048576,1,
4957,True,539.94,1048576,1,
4965,True,585.54,1048576,1,
4966,True,585.89,1048576,1,
4962,True,593.61,1048576,1,
4967,True,586.98,1048576,1,
4963,True,594.86,1048576,1,
4964,True,594.46,1048576,1,
4961,True,600.85,1048576,1,
4968,True,592.26,1048576,1,
4976,True,541.18,1048576,1,
4975,True,546.13,1048576,1,
4974,True,549.07,1048576,1,
4971,True,554.93,1048576,1,
4972,True,555.45,1048576,1,
4969,True,561.76,1048576,1,
4973,True,557.13,1048576,1,
4970,True,564.30,1048576,1,
4978,True,541.65,1048576,1,
4977,True,545.24,1048576,1,
4980,True,541.42,1048576,1,
4979,True,544.95,1048576,1,
4981,True,542.59,1048576,1,
4982,True,542.21,1048576,1,
4983,True,544.35,1048576,1,
4984,True,543.04,1048576,1,
4987,True,529.22,1048576,1,
4988,True,529.50,1048576,1,
4991,True,525.36,1048576,1,
4989,True,532.56,1048576,1,
4985,True,540.42,1048576,1,
4992,True,531.10,1048576,1,
4990,True,537.65,1048576,1,
4986,True,545.39,1048576,1,
4994,True,554.84,1048576,1,
4993,True,557.29,1048576,1,
4996,True,551.68,1048576,1,
4999,True,546.06,1048576,1,
4997,True,551.43,1048576,1,
4995,True,556.20,1048576,1,
4998,True,550.27,1048576,1,
5000,True,547.81,1048576,1,
