Task_ID,Success,Latency_ms,Bytes,Attempts,Error
5,True,556.70,1048576,1,
2,True,575.78,1048576,1,
1,True,585.08,1048576,1,
3,True,572.05,1048576,1,
8,True,512.91,1048576,1,
7,True,545.93,1048576,1,
4,True,574.24,1048576,1,
6,True,560.33,1048576,1,
9,True,576.70,1048576,1,
13,True,572.24,1048576,1,
12,True,575.72,1048576,1,
14,True,575.38,1048576,1,
15,True,575.28,1048576,1,
11,True,585.98,1048576,1,
10,True,592.88,1048576,1,
16,True,585.06,1048576,1,
19,True,555.69,1048576,1,
22,True,549.41,1048576,1,
18,True,562.82,1048576,1,
17,True,567.02,1048576,1,
20,True,562.74,1048576,1,
23,True,555.26,1048576,1,
24,True,558.21,1048576,1,
21,True,608.77,1048576,1,
29,True,620.66,1048576,1,
26,True,633.34,1048576,1,
25,True,637.63,1048576,1,
27,True,634.12,1048576,1,
28,True,635.13,1048576,1,
30,True,631.56,1048576,1,
32,True,588.81,1048576,1,
31,True,630.61,1048576,1,
38,True,554.13,1048576,1,
35,True,563.22,1048576,1,
36,True,563.45,1048576,1,
33,True,574.34,1048576,1,
34,True,571.76,1048576,1,
40,True,559.75,1048576,1,
39,True,564.97,1048576,1,
37,True,572.64,1048576,1,
41,True,526.39,1048576,1,
47,True,517.10,1048576,1,
43,True,528.08,1048576,1,
45,True,525.55,1048576,1,
44,True,529.96,1048576,1,
46,True,527.39,1048576,1,
42,True,539.56,1048576,1,
48,True,527.17,1048576,1,
54,True,533.35,1048576,1,
52,True,538.50,1048576,1,
53,True,538.17,1048576,1,
55,True,535.19,1048576,1,
56,True,535.01,1048576,1,
50,True,550.29,1048576,1,
51,True,550.45,1048576,1,
49,True,559.18,1048576,1,
59,True,536.17,1048576,1,
57,True,541.41,1048576,1,
60,True,537.73,1048576,1,
62,True,536.17,1048576,1,
61,True,540.16,1048576,1,
64,True,535.75,1048576,1,
63,True,542.90,1048576,1,
58,True,555.85,1048576,1,
67,True,599.77,1048576,1,
72,True,587.33,1048576,1,
68,True,601.47,1048576,1,
70,True,597.99,1048576,1,
66,True,608.99,1048576,1,
71,True,597.42,1048576,1,
65,True,615.73,1048576,1,
69,True,609.66,1048576,1,
74,True,550.92,1048576,1,
79,True,542.65,1048576,1,
75,True,553.52,1048576,1,
73,True,559.79,1048576,1,
80,True,548.04,1048576,1,
76,True,559.70,1048576,1,
77,True,559.27,1048576,1,
78,True,559.92,1048576,1,
83,True,559.66,1048576,1,
86,True,553.71,1048576,1,
81,True,567.37,1048576,1,
87,True,555.77,1048576,1,
84,True,563.78,1048576,1,
85,True,563.12,1048576,1,
88,True,559.73,1048576,1,
82,True,574.68,1048576,1,
93,True,515.57,1048576,1,
89,True,523.75,1048576,1,
94,True,517.12,1048576,1,
92,True,521.44,1048576,1,
90,True,526.31,1048576,1,
95,True,518.52,1048576,1,
96,True,518.49,1048576,1,
91,True,529.84,1048576,1,
103,True,571.59,1048576,1,
99,True,580.68,1048576,1,
102,True,578.83,1048576,1,
98,True,587.42,1048576,1,
100,True,586.51,1048576,1,
104,True,582.34,1048576,1,
97,True,595.41,1048576,1,
101,True,593.55,1048576,1,
110,True,537.34,1048576,1,
105,True,551.52,1048576,1,
106,True,550.65,1048576,1,
111,True,540.30,1048576,1,
107,True,550.64,1048576,1,
109,True,547.81,1048576,1,
108,True,550.96,1048576,1,
112,True,542.26,1048576,1,
114,True,594.70,1048576,1,
113,True,598.29,1048576,1,
120,True,589.10,1048576,1,
119,True,592.40,1048576,1,
117,True,597.12,1048576,1,
118,True,598.22,1048576,1,
116,True,603.15,1048576,1,
115,True,607.67,1048576,1,
126,True,539.59,1048576,1,
122,True,550.06,1048576,1,
123,True,550.75,1048576,1,
124,True,550.90,1048576,1,
127,True,545.95,1048576,1,
125,True,552.99,1048576,1,
128,True,547.48,1048576,1,
121,True,564.02,1048576,1,
132,True,596.66,1048576,1,
131,True,602.05,1048576,1,
136,True,594.64,1048576,1,
129,True,611.68,1048576,1,
134,True,602.44,1048576,1,
133,True,607.57,1048576,1,
130,True,614.71,1048576,1,
135,True,606.28,1048576,1,
144,True,580.35,1048576,1,
142,True,585.97,1048576,1,
143,True,586.65,1048576,1,
141,True,593.43,1048576,1,
139,True,598.99,1048576,1,
137,True,606.42,1048576,1,
140,True,599.95,1048576,1,
138,True,607.57,1048576,1,
146,True,583.36,1048576,1,
150,True,577.46,1048576,1,
147,True,585.31,1048576,1,
149,True,582.35,1048576,1,
145,True,593.67,1048576,1,
151,True,584.31,1048576,1,
152,True,584.16,1048576,1,
148,True,596.84,1048576,1,
160,True,587.25,1048576,1,
155,True,605.47,1048576,1,
158,True,602.16,1048576,1,
159,True,601.14,1048576,1,
153,True,617.59,1048576,1,
156,True,614.65,1048576,1,
157,True,615.36,1048576,1,
154,True,624.47,1048576,1,
161,True,937.18,1048576,1,
163,True,933.84,1048576,1,
162,True,939.84,1048576,1,
167,True,928.05,1048576,1,
165,True,936.41,1048576,1,
164,True,943.09,1048576,1,
166,True,939.30,1048576,1,
168,True,935.11,1048576,1,
170,True,588.11,1048576,1,
172,True,584.26,1048576,1,
171,True,588.82,1048576,1,
176,True,578.92,1048576,1,
175,True,582.21,1048576,1,
169,True,600.31,1048576,1,
173,True,590.61,1048576,1,
174,True,590.18,1048576,1,
178,True,593.06,1048576,1,
177,True,597.36,1048576,1,
182,True,590.40,1048576,1,
180,True,594.85,1048576,1,
181,True,594.96,1048576,1,
179,True,599.89,1048576,1,
184,True,592.24,1048576,1,
183,True,598.78,1048576,1,
185,True,588.98,1048576,1,
191,True,580.34,1048576,1,
189,True,585.70,1048576,1,
192,True,580.57,1048576,1,
187,True,592.42,1048576,1,
190,True,589.56,1048576,1,
188,True,593.93,1048576,1,
186,True,600.33,1048576,1,
197,True,557.24,1048576,1,
195,True,562.41,1048576,1,
200,True,554.20,1048576,1,
193,True,569.20,1048576,1,
196,True,565.33,1048576,1,
194,True,570.33,1048576,1,
199,True,562.82,1048576,1,
198,True,567.72,1048576,1,
205,True,536.63,1048576,1,
203,True,541.05,1048576,1,
204,True,541.32,1048576,1,
208,True,535.43,1048576,1,
201,True,548.88,1048576,1,
207,True,542.40,1048576,1,
202,True,553.34,1048576,1,
206,True,551.15,1048576,1,
210,True,566.58,1048576,1,
214,True,561.13,1048576,1,
211,True,567.95,1048576,1,
212,True,568.20,1048576,1,
209,True,574.60,1048576,1,
215,True,564.95,1048576,1,
213,True,576.14,1048576,1,
216,True,571.15,1048576,1,
217,True,558.09,1048576,1,
220,True,555.58,1048576,1,
218,True,561.25,1048576,1,
224,True,545.50,1048576,1,
221,True,560.45,1048576,1,
223,True,554.84,1048576,1,
222,True,562.73,1048576,1,
219,True,570.58,1048576,1,
228,True,1332.75,1048576,1,
227,True,1336.17,1048576,1,
225,True,1342.46,1048576,1,
230,True,1332.40,1048576,1,
229,True,1336.52,1048576,1,
231,True,1332.87,1048576,1,
232,True,1333.68,1048576,1,
226,True,1349.04,1048576,1,
236,True,576.04,1048576,1,
235,True,579.32,1048576,1,
237,True,578.10,1048576,1,
240,True,574.98,1048576,1,
233,True,590.14,1048576,1,
234,True,590.24,1048576,1,
239,True,584.84,1048576,1,
238,True,588.86,1048576,1,
242,True,1116.77,1048576,1,
245,True,1110.78,1048576,1,
248,True,1105.92,1048576,1,
241,True,1123.29,1048576,1,
243,True,1121.38,1048576,1,
244,True,1123.76,1048576,1,
246,True,1120.81,1048576,1,
247,True,1121.64,1048576,1,
249,True,604.62,1048576,1,
251,True,603.04,1048576,1,
252,True,603.46,1048576,1,
255,True,597.08,1048576,1,
256,True,595.07,1048576,1,
250,True,612.89,1048576,1,
253,True,608.99,1048576,1,
254,True,606.79,1048576,1,
264,True,584.00,1048576,1,
262,True,589.72,1048576,1,
263,True,590.27,1048576,1,
261,True,595.62,1048576,1,
259,True,601.50,1048576,1,
257,True,606.84,1048576,1,
260,True,602.24,1048576,1,
258,True,609.39,1048576,1,
272,True,577.51,1048576,1,
269,True,585.26,1048576,1,
268,True,589.47,1048576,1,
267,True,592.94,1048576,1,
265,True,598.38,1048576,1,
271,True,590.29,1048576,1,
270,True,593.03,1048576,1,
266,True,601.88,1048576,1,
277,True,612.68,1048576,1,
278,True,612.50,1048576,1,
279,True,612.94,1048576,1,
276,True,621.04,1048576,1,
275,True,624.53,1048576,1,
280,True,618.56,1048576,1,
274,True,632.33,1048576,1,
273,True,636.28,1048576,1,
287,True,570.43,1048576,1,
286,True,575.67,1048576,1,
283,True,584.55,1048576,1,
282,True,588.70,1048576,1,
284,True,586.17,1048576,1,
285,True,587.04,1048576,1,
281,True,596.68,1048576,1,
288,True,587.24,1048576,1,
291,True,722.75,1048576,1,
290,True,725.98,1048576,1,
292,True,723.35,1048576,1,
289,True,730.64,1048576,1,
296,True,713.19,1048576,1,
293,True,725.84,1048576,1,
294,True,724.96,1048576,1,
295,True,725.18,1048576,1,
298,True,598.17,1048576,1,
302,True,593.67,1048576,1,
300,True,598.73,1048576,1,
299,True,603.13,1048576,1,
297,True,609.11,1048576,1,
304,True,600.06,1048576,1,
303,True,603.27,1048576,1,
301,True,607.78,1048576,1,
308,True,546.63,1048576,1,
310,True,544.13,1048576,1,
307,True,553.30,1048576,1,
306,True,556.75,1048576,1,
309,True,550.21,1048576,1,
312,True,547.36,1048576,1,
305,True,562.62,1048576,1,
311,True,551.50,1048576,1,
315,True,606.74,1048576,1,
313,True,613.88,1048576,1,
318,True,607.99,1048576,1,
316,True,612.89,1048576,1,
320,True,609.12,1048576,1,
319,True,612.61,1048576,1,
314,True,625.44,1048576,1,
317,True,623.36,1048576,1,
324,True,526.02,1048576,1,
322,True,531.74,1048576,1,
327,True,520.18,1048576,1,
321,True,538.63,1048576,1,
323,True,534.93,1048576,1,
328,True,523.20,1048576,1,
325,True,536.41,1048576,1,
326,True,540.36,1048576,1,
330,True,646.11,1048576,1,
333,True,646.04,1048576,1,
334,True,646.27,1048576,1,
332,True,652.75,1048576,1,
329,True,660.46,1048576,1,
336,True,645.72,1048576,1,
335,True,655.06,1048576,1,
331,True,667.67,1048576,1,
338,True,582.49,1048576,1,
337,True,589.53,1048576,1,
339,True,583.53,1048576,1,
344,True,569.77,1048576,1,
342,True,577.79,1048576,1,
340,True,586.47,1048576,1,
341,True,585.63,1048576,1,
343,True,581.02,1048576,1,
348,True,699.23,1048576,1,
347,True,702.72,1048576,1,
349,True,701.00,1048576,1,
345,True,710.05,1048576,1,
352,True,699.02,1048576,1,
351,True,703.21,1048576,1,
346,True,714.64,1048576,1,
350,True,710.14,1048576,1,
360,True,559.30,1048576,1,
359,True,563.58,1048576,1,
358,True,567.79,1048576,1,
355,True,575.54,1048576,1,
357,True,573.02,1048576,1,
353,True,583.02,1048576,1,
354,True,582.67,1048576,1,
356,True,579.82,1048576,1,
367,True,532.16,1048576,1,
364,True,539.46,1048576,1,
361,True,546.58,1048576,1,
363,True,545.09,1048576,1,
365,True,543.55,1048576,1,
362,True,550.35,1048576,1,
366,True,544.46,1048576,1,
368,True,543.27,1048576,1,
376,True,591.29,1048576,1,
370,True,603.37,1048576,1,
369,True,606.85,1048576,1,
373,True,600.99,1048576,1,
375,True,599.52,1048576,1,
371,True,607.71,1048576,1,
372,True,607.14,1048576,1,
374,True,606.28,1048576,1,
383,True,582.98,1048576,1,
378,True,592.09,1048576,1,
381,True,588.93,1048576,1,
384,True,585.81,1048576,1,
379,True,595.94,1048576,1,
382,True,594.51,1048576,1,
377,True,605.68,1048576,1,
380,True,603.35,1048576,1,
388,True,611.82,1048576,1,
391,True,605.45,1048576,1,
387,True,617.70,1048576,1,
389,True,616.30,1048576,1,
386,True,623.70,1048576,1,
392,True,610.72,1048576,1,
385,True,628.79,1048576,1,
390,True,620.63,1048576,1,
394,True,644.79,1048576,1,
399,True,637.13,1048576,1,
395,True,646.50,1048576,1,
396,True,645.45,1048576,1,
393,True,653.01,1048576,1,
397,True,646.28,1048576,1,
400,True,642.33,1048576,1,
398,True,648.92,1048576,1,
406,True,591.08,1048576,1,
402,True,598.44,1048576,1,
408,True,590.66,1048576,1,
405,True,598.10,1048576,1,
403,True,602.14,1048576,1,
407,True,598.19,1048576,1,
401,True,610.87,1048576,1,
404,True,607.59,1048576,1,
415,True,547.39,1048576,1,
413,True,554.37,1048576,1,
414,True,555.13,1048576,1,
409,True,565.52,1048576,1,
411,True,564.13,1048576,1,
416,True,555.70,1048576,1,
412,True,566.58,1048576,1,
410,True,575.97,1048576,1,
421,True,551.00,1048576,1,
422,True,551.41,1048576,1,
420,True,557.83,1048576,1,
423,True,553.11,1048576,1,
418,True,565.42,1048576,1,
417,True,570.10,1048576,1,
419,True,568.09,1048576,1,
424,True,557.38,1048576,1,
430,True,646.76,1048576,1,
428,True,653.22,1048576,1,
431,True,648.09,1048576,1,
426,True,660.74,1048576,1,
427,True,659.90,1048576,1,
425,True,666.03,1048576,1,
432,True,651.20,1048576,1,
429,True,662.02,1048576,1,
435,True,562.57,1048576,1,
434,True,567.87,1048576,1,
433,True,571.26,1048576,1,
436,True,568.06,1048576,1,
437,True,569.74,1048576,1,
440,True,566.03,1048576,1,
439,True,574.28,1048576,1,
438,True,578.85,1048576,1,
443,True,609.40,1048576,1,
448,True,596.03,1048576,1,
445,True,608.82,1048576,1,
446,True,608.44,1048576,1,
444,True,615.53,1048576,1,
442,True,620.79,1048576,1,
441,True,625.69,1048576,1,
447,True,609.13,1048576,1,
455,True,610.64,1048576,1,
451,True,620.73,1048576,1,
456,True,614.26,1048576,1,
450,True,626.85,1048576,1,
452,True,625.69,1048576,1,
449,True,633.97,1048576,1,
453,True,628.16,1048576,1,
454,True,629.93,1048576,1,
463,True,547.75,1048576,1,
461,True,553.82,1048576,1,
459,True,560.34,1048576,1,
457,True,569.34,1048576,1,
460,True,563.24,1048576,1,
458,True,569.20,1048576,1,
464,True,557.96,1048576,1,
462,True,565.32,1048576,1,
465,True,556.87,1048576,1,
467,True,556.56,1048576,1,
468,True,555.22,1048576,1,
471,True,550.47,1048576,1,
472,True,550.80,1048576,1,
466,True,566.75,1048576,1,
469,True,564.31,1048576,1,
470,True,565.39,1048576,1,
473,True,962.75,1048576,1,
476,True,957.23,1048576,1,
477,True,956.82,1048576,1,
474,True,965.09,1048576,1,
475,True,964.90,1048576,1,
478,True,959.84,1048576,1,
480,True,954.47,1048576,1,
479,True,960.03,1048576,1,
481,True,538.07,1048576,1,
484,True,534.08,1048576,1,
483,True,537.28,1048576,1,
485,True,535.74,1048576,1,
488,True,530.90,1048576,1,
486,True,537.60,1048576,1,
487,True,538.09,1048576,1,
482,True,548.90,1048576,1,
496,True,858.95,1048576,1,
493,True,866.64,1048576,1,
494,True,866.42,1048576,1,
490,True,874.70,1048576,1,
495,True,866.60,1048576,1,
489,True,879.74,1048576,1,
491,True,878.36,1048576,1,
492,True,879.51,1048576,1,
500,True,560.11,1048576,1,
501,True,560.69,1048576,1,
504,True,555.76,1048576,1,
502,True,562.08,1048576,1,
498,True,570.15,1048576,1,
499,True,571.81,1048576,1,
503,True,568.00,1048576,1,
497,True,579.24,1048576,1,
505,True,597.45,1048576,1,
506,True,597.29,1048576,1,
507,True,597.58,1048576,1,
512,True,589.25,1048576,1,
508,True,601.05,1048576,1,
511,True,595.28,1048576,1,
510,True,600.42,1048576,1,
509,True,607.76,1048576,1,
513,True,569.29,1048576,1,
516,True,565.33,1048576,1,
514,True,572.11,1048576,1,
515,True,572.77,1048576,1,
519,True,565.03,1048576,1,
518,True,569.91,1048576,1,
517,True,573.72,1048576,1,
520,True,569.83,1048576,1,
526,True,570.32,1048576,1,
525,True,575.31,1048576,1,
523,True,581.20,1048576,1,
524,True,580.53,1048576,1,
528,True,571.42,1048576,1,
527,True,578.91,1048576,1,
521,True,594.31,1048576,1,
522,True,593.26,1048576,1,
534,True,674.07,1048576,1,
535,True,673.81,1048576,1,
532,True,681.94,1048576,1,
530,True,687.46,1048576,1,
536,True,677.69,1048576,1,
533,True,685.50,1048576,1,
531,True,691.84,1048576,1,
529,True,697.65,1048576,1,
537,True,621.99,1048576,1,
538,True,622.36,1048576,1,
540,True,620.77,1048576,1,
541,True,621.17,1048576,1,
543,True,618.23,1048576,1,
539,True,629.30,1048576,1,
542,True,626.15,1048576,1,
544,True,625.64,1048576,1,
548,True,616.96,1048576,1,
551,True,614.52,1048576,1,
549,True,621.85,1048576,1,
546,True,629.55,1048576,1,
550,True,622.92,1048576,1,
552,True,618.18,1048576,1,
547,True,633.68,1048576,1,
545,True,642.90,1048576,1,
557,True,629.12,1048576,1,
558,True,634.26,1048576,1,
553,True,649.25,1048576,1,
555,True,645.26,1048576,1,
554,True,649.73,1048576,1,
556,True,648.79,1048576,1,
559,True,645.95,1048576,1,
560,True,647.96,1048576,1,
568,True,575.99,1048576,1,
566,True,587.89,1048576,1,
567,True,586.47,1048576,1,
563,True,599.40,1048576,1,
562,True,603.27,1048576,1,
564,True,599.83,1048576,1,
561,True,614.17,1048576,1,
565,True,601.33,1048576,1,
573,True,726.53,1048576,1,
572,True,730.35,1048576,1,
576,True,725.62,1048576,1,
574,True,731.50,1048576,1,
570,True,741.81,1048576,1,
575,True,736.38,1048576,1,
569,True,748.44,1048576,1,
571,True,749.87,1048576,1,
584,True,615.37,1048576,1,
581,True,626.67,1048576,1,
580,True,632.66,1048576,1,
578,True,638.56,1048576,1,
579,True,638.52,1048576,1,
577,True,644.93,1048576,1,
582,True,633.45,1048576,1,
583,True,634.04,1048576,1,
590,True,643.52,1048576,1,
585,True,654.60,1048576,1,
591,True,644.99,1048576,1,
588,True,652.83,1048576,1,
586,True,657.70,1048576,1,
589,True,655.03,1048576,1,
587,True,661.13,1048576,1,
592,True,653.50,1048576,1,
593,True,613.18,1048576,1,
594,True,613.15,1048576,1,
595,True,613.30,1048576,1,
600,True,603.11,1048576,1,
596,True,614.38,1048576,1,
598,True,612.93,1048576,1,
599,True,613.04,1048576,1,
597,True,621.35,1048576,1,
601,True,636.74,1048576,1,
604,True,633.90,1048576,1,
606,True,630.94,1048576,1,
602,True,640.85,1048576,1,
603,True,641.94,1048576,1,
608,True,631.85,1048576,1,
607,True,637.35,1048576,1,
605,True,644.09,1048576,1,
614,True,1009.67,1048576,1,
612,True,1016.03,1048576,1,
613,True,1015.86,1048576,1,
609,True,1026.00,1048576,1,
615,True,1016.36,1048576,1,
616,True,1016.38,1048576,1,
610,True,1030.79,1048576,1,
611,True,1031.27,1048576,1,
620,True,1224.38,1048576,1,
617,True,1232.53,1048576,1,
622,True,1223.57,1048576,1,
624,True,1220.81,1048576,1,
623,True,1224.34,1048576,1,
619,True,1234.45,1048576,1,
618,True,1237.97,1048576,1,
621,True,1232.67,1048576,1,
630,True,597.16,1048576,1,
625,True,606.66,1048576,1,
632,True,597.85,1048576,1,
631,True,600.86,1048576,1,
628,True,607.61,1048576,1,
627,True,611.74,1048576,1,
629,True,610.65,1048576,1,
626,True,617.02,1048576,1,
639,True,600.98,1048576,1,
634,True,613.62,1048576,1,
637,True,610.17,1048576,1,
638,True,610.68,1048576,1,
640,True,609.94,1048576,1,
636,True,621.37,1048576,1,
633,True,627.60,1048576,1,
635,True,626.86,1048576,1,
645,True,646.57,1048576,1,
646,True,645.44,1048576,1,
647,True,645.85,1048576,1,
648,True,645.34,1048576,1,
643,True,659.54,1048576,1,
644,True,659.48,1048576,1,
642,True,668.60,1048576,1,
641,True,674.37,1048576,1,
650,True,609.24,1048576,1,
649,True,613.02,1048576,1,
653,True,607.63,1048576,1,
654,True,607.95,1048576,1,
656,True,603.14,1048576,1,
655,True,609.67,1048576,1,
652,True,620.37,1048576,1,
651,True,628.45,1048576,1,
658,True,634.06,1048576,1,
659,True,633.20,1048576,1,
662,True,627.06,1048576,1,
657,True,642.55,1048576,1,
664,True,624.99,1048576,1,
661,True,637.82,1048576,1,
660,True,642.76,1048576,1,
663,True,637.42,1048576,1,
671,True,624.31,1048576,1,
668,True,635.15,1048576,1,
665,True,644.55,1048576,1,
670,True,635.70,1048576,1,
666,True,647.98,1048576,1,
672,True,636.17,1048576,1,
667,True,651.76,1048576,1,
669,True,648.64,1048576,1,
678,True,645.47,1048576,1,
676,True,652.45,1048576,1,
680,True,644.57,1048576,1,
677,True,655.15,1048576,1,
673,True,668.09,1048576,1,
675,True,664.99,1048576,1,
674,True,671.48,1048576,1,
679,True,659.98,1048576,1,
686,True,601.88,1048576,1,
684,True,607.99,1048576,1,
683,True,611.54,1048576,1,
687,True,602.89,1048576,1,
688,True,601.81,1048576,1,
681,True,622.92,1048576,1,
685,True,615.06,1048576,1,
682,True,625.59,1048576,1,
689,True,594.86,1048576,1,
694,True,587.46,1048576,1,
692,True,593.50,1048576,1,
695,True,590.05,1048576,1,
693,True,596.20,1048576,1,
690,True,602.88,1048576,1,
696,True,592.49,1048576,1,
691,True,605.21,1048576,1,
697,True,585.20,1048576,1,
700,True,582.69,1048576,1,
704,True,577.12,1048576,1,
703,True,581.28,1048576,1,
699,True,591.04,1048576,1,
698,True,594.69,1048576,1,
702,True,589.24,1048576,1,
701,True,596.82,1048576,1,
705,True,634.68,1048576,1,
711,True,622.48,1048576,1,
706,True,634.40,1048576,1,
709,True,629.96,1048576,1,
707,True,636.93,1048576,1,
708,True,637.54,1048576,1,
710,True,636.10,1048576,1,
712,True,630.92,1048576,1,
713,True,618.28,1048576,1,
714,True,620.03,1048576,1,
719,True,610.50,1048576,1,
720,True,608.61,1048576,1,
716,True,622.54,1048576,1,
715,True,626.23,1048576,1,
717,True,625.47,1048576,1,
718,True,624.70,1048576,1,
721,True,639.12,1048576,1,
724,True,635.55,1048576,1,
727,True,630.42,1048576,1,
722,True,644.82,1048576,1,
726,True,639.47,1048576,1,
723,True,648.95,1048576,1,
725,True,646.95,1048576,1,
728,True,640.52,1048576,1,
736,True,729.67,1048576,1,
730,True,747.43,1048576,1,
735,True,736.42,1048576,1,
732,True,747.54,1048576,1,
733,True,748.00,1048576,1,
731,True,755.40,1048576,1,
734,True,751.92,1048576,1,
729,True,769.45,1048576,1,
738,True,684.66,1048576,1,
741,True,678.24,1048576,1,
737,True,694.16,1048576,1,
739,True,691.20,1048576,1,
740,True,689.45,1048576,1,
744,True,678.94,1048576,1,
742,True,689.22,1048576,1,
743,True,686.97,1048576,1,
745,True,642.89,1048576,1,
746,True,644.35,1048576,1,
749,True,638.64,1048576,1,
752,True,633.75,1048576,1,
750,True,640.92,1048576,1,
748,True,648.12,1048576,1,
747,True,652.38,1048576,1,
751,True,649.35,1048576,1,
756,True,618.11,1048576,1,
755,True,622.97,1048576,1,
754,True,627.71,1048576,1,
760,True,612.04,1048576,1,
758,True,621.74,1048576,1,
757,True,626.50,1048576,1,
759,True,623.18,1048576,1,
753,True,640.46,1048576,1,
761,True,612.69,1048576,1,
764,True,610.22,1048576,1,
765,True,610.52,1048576,1,
767,True,609.32,1048576,1,
768,True,611.29,1048576,1,
766,True,616.27,1048576,1,
762,True,627.25,1048576,1,
763,True,631.98,1048576,1,
772,True,669.63,1048576,1,
770,True,675.59,1048576,1,
769,True,681.41,1048576,1,
775,True,665.72,1048576,1,
776,True,660.72,1048576,1,
773,True,674.75,1048576,1,
774,True,674.68,1048576,1,
771,True,685.62,1048576,1,
782,True,565.96,1048576,1,
781,True,570.06,1048576,1,
778,True,576.96,1048576,1,
783,True,570.58,1048576,1,
780,True,578.38,1048576,1,
784,True,573.09,1048576,1,
777,True,590.82,1048576,1,
779,True,590.27,1048576,1,
789,True,700.88,1048576,1,
790,True,699.56,1048576,1,
792,True,695.48,1048576,1,
786,True,714.76,1048576,1,
791,True,703.66,1048576,1,
785,True,722.07,1048576,1,
787,True,721.04,1048576,1,
788,True,720.69,1048576,1,
796,True,595.28,1048576,1,
795,True,600.80,1048576,1,
797,True,598.40,1048576,1,
799,True,594.95,1048576,1,
798,True,599.63,1048576,1,
800,True,596.36,1048576,1,
794,True,615.14,1048576,1,
793,True,621.65,1048576,1,
808,True,599.76,1048576,1,
803,True,614.94,1048576,1,
802,True,619.57,1048576,1,
801,True,625.47,1048576,1,
806,True,615.80,1048576,1,
804,True,621.04,1048576,1,
805,True,622.23,1048576,1,
807,True,620.55,1048576,1,
815,True,730.35,1048576,1,
813,True,737.20,1048576,1,
810,True,745.95,1048576,1,
812,True,744.19,1048576,1,
809,True,752.24,1048576,1,
814,True,746.39,1048576,1,
811,True,754.02,1048576,1,
816,True,742.92,1048576,1,
817,True,600.47,1048576,1,
823,True,587.78,1048576,1,
821,True,595.15,1048576,1,
820,True,598.62,1048576,1,
818,True,605.19,1048576,1,
824,True,593.68,1048576,1,
822,True,598.60,1048576,1,
819,True,608.00,1048576,1,
827,True,580.03,1048576,1,
825,True,587.01,1048576,1,
828,True,584.51,1048576,1,
829,True,585.20,1048576,1,
830,True,584.76,1048576,1,
832,True,584.05,1048576,1,
826,True,596.83,1048576,1,
831,True,589.72,1048576,1,
837,True,645.04,1048576,1,
836,True,649.94,1048576,1,
840,True,643.94,1048576,1,
834,True,659.57,1048576,1,
838,True,652.36,1048576,1,
835,True,662.11,1048576,1,
833,True,672.27,1048576,1,
839,True,659.15,1048576,1,
841,True,554.20,1048576,1,
846,True,545.15,1048576,1,
843,True,554.74,1048576,1,
842,True,559.51,1048576,1,
847,True,548.67,1048576,1,
845,True,559.16,1048576,1,
844,True,564.52,1048576,1,
848,True,559.45,1048576,1,
856,True,651.11,1048576,1,
850,True,673.25,1048576,1,
851,True,672.95,1048576,1,
855,True,662.41,1048576,1,
853,True,671.46,1048576,1,
849,True,683.70,1048576,1,
854,True,670.31,1048576,1,
852,True,678.42,1048576,1,
862,True,957.83,1048576,1,
860,True,963.62,1048576,1,
857,True,971.66,1048576,1,
864,True,963.34,1048576,1,
859,True,973.71,1048576,1,
861,True,972.06,1048576,1,
858,True,978.94,1048576,1,
863,True,974.37,1048576,1,
869,True,631.98,1048576,1,
868,True,638.63,1048576,1,
866,True,646.33,1048576,1,
871,True,636.07,1048576,1,
865,True,653.28,1048576,1,
867,True,649.89,1048576,1,
872,True,640.30,1048576,1,
870,True,648.37,1048576,1,
873,True,592.64,1048576,1,
874,True,592.82,1048576,1,
878,True,586.51,1048576,1,
879,True,585.37,1048576,1,
876,True,595.07,1048576,1,
877,True,594.23,1048576,1,
880,True,588.28,1048576,1,
875,True,607.91,1048576,1,
884,True,585.78,1048576,1,
882,True,591.18,1048576,1,
881,True,596.82,1048576,1,
885,True,588.19,1048576,1,
883,True,593.79,1048576,1,
886,True,589.73,1048576,1,
888,True,583.17,1048576,1,
887,True,592.95,1048576,1,
892,True,883.34,1048576,1,
896,True,877.77,1048576,1,
890,True,891.97,1048576,1,
895,True,885.86,1048576,1,
894,True,890.40,1048576,1,
891,True,897.09,1048576,1,
893,True,895.25,1048576,1,
889,True,904.80,1048576,1,
897,True,548.62,1048576,1,
901,True,541.57,1048576,1,
902,True,542.00,1048576,1,
900,True,547.64,1048576,1,
898,True,555.37,1048576,1,
899,True,556.21,1048576,1,
903,True,551.72,1048576,1,
904,True,552.27,1048576,1,
910,True,589.17,1048576,1,
909,True,594.95,1048576,1,
911,True,589.59,1048576,1,
905,True,607.95,1048576,1,
907,True,603.79,1048576,1,
908,True,602.87,1048576,1,
906,True,608.26,1048576,1,
912,True,592.83,1048576,1,
915,True,577.86,1048576,1,
920,True,572.45,1048576,1,
918,True,576.84,1048576,1,
917,True,580.59,1048576,1,
916,True,583.95,1048576,1,
913,True,591.93,1048576,1,
919,True,584.80,1048576,1,
914,True,598.32,1048576,1,
921,True,915.92,1048576,1,
928,True,898.52,1048576,1,
925,True,912.16,1048576,1,
924,True,915.97,1048576,1,
927,True,910.89,1048576,1,
922,True,923.03,1048576,1,
923,True,923.69,1048576,1,
926,True,919.55,1048576,1,
929,True,618.01,1048576,1,
935,True,608.52,1048576,1,
934,True,613.18,1048576,1,
930,True,622.04,1048576,1,
936,True,611.97,1048576,1,
931,True,623.37,1048576,1,
932,True,622.72,1048576,1,
933,True,622.53,1048576,1,
938,True,1091.24,1048576,1,
939,True,1091.05,1048576,1,
940,True,1091.06,1048576,1,
942,True,1089.71,1048576,1,
941,True,1092.98,1048576,1,
937,True,1102.37,1048576,1,
944,True,1092.47,1048576,1,
943,True,1099.32,1048576,1,
951,True,690.78,1048576,1,
947,True,700.22,1048576,1,
946,True,704.57,1048576,1,
945,True,708.51,1048576,1,
950,True,701.72,1048576,1,
949,True,705.32,1048576,1,
948,True,714.12,1048576,1,
952,True,705.12,1048576,1,
953,True,561.14,1048576,1,
956,True,557.06,1048576,1,
960,True,545.92,1048576,1,
957,True,558.39,1048576,1,
958,True,558.39,1048576,1,
954,True,570.07,1048576,1,
955,True,569.74,1048576,1,
959,True,559.04,1048576,1,
964,True,580.39,1048576,1,
962,True,586.45,1048576,1,
961,True,591.73,1048576,1,
968,True,577.88,1048576,1,
967,True,585.20,1048576,1,
963,True,597.28,1048576,1,
965,True,596.01,1048576,1,
966,True,595.48,1048576,1,
971,True,584.48,1048576,1,
969,True,592.08,1048576,1,
976,True,574.70,1048576,1,
974,True,581.54,1048576,1,
970,True,596.22,1048576,1,
972,True,592.78,1048576,1,
975,True,584.32,1048576,1,
973,True,591.59,1048576,1,
979,True,594.14,1048576,1,
980,True,594.01,1048576,1,
982,True,592.71,1048576,1,
978,True,602.23,1048576,1,
981,True,598.52,1048576,1,
984,True,594.53,1048576,1,
977,True,610.56,1048576,1,
983,True,600.41,1048576,1,
986,True,617.53,1048576,1,
990,True,612.40,1048576,1,
991,True,613.58,1048576,1,
987,True,622.85,1048576,1,
988,True,622.54,1048576,1,
992,True,616.00,1048576,1,
985,True,633.34,1048576,1,
989,True,628.60,1048576,1,
996,True,1257.00,1048576,1,
993,True,1265.45,1048576,1,
997,True,1258.30,1048576,1,
995,True,1263.68,1048576,1,
1000,True,1253.49,1048576,1,
998,True,1261.74,1048576,1,
999,True,1259.80,1048576,1,
994,True,1273.69,1048576,1,
1002,True,654.32,1048576,1,
1006,True,650.50,1048576,1,
1001,True,661.41,1048576,1,
1008,True,650.76,1048576,1,
1005,True,659.76,1048576,1,
1007,True,658.05,1048576,1,
1003,True,666.55,1048576,1,
1004,True,668.31,1048576,1,
1009,True,581.49,1048576,1,
1010,True,581.42,1048576,1,
1016,True,569.92,1048576,1,
1011,True,583.37,1048576,1,
1012,True,583.55,1048576,1,
1014,True,580.89,1048576,1,
1013,True,585.41,1048576,1,
1015,True,585.40,1048576,1,
1019,True,609.97,1048576,1,
1024,True,599.77,1048576,1,
1018,True,616.47,1048576,1,
1023,True,606.69,1048576,1,
1022,True,611.30,1048576,1,
1017,True,625.36,1048576,1,
1020,True,619.41,1048576,1,
1021,True,624.65,1048576,1,
1030,True,623.55,1048576,1,
1028,True,629.83,1048576,1,
1027,True,633.65,1048576,1,
1031,True,628.56,1048576,1,
1029,True,634.52,1048576,1,
1032,True,625.95,1048576,1,
1026,True,644.36,1048576,1,
1025,True,648.91,1048576,1,
1038,True,596.94,1048576,1,
1034,True,611.29,1048576,1,
1039,True,603.00,1048576,1,
1040,True,602.65,1048576,1,
1033,True,622.40,1048576,1,
1035,True,621.10,1048576,1,
1037,True,621.33,1048576,1,
1036,True,628.21,1048576,1,
1041,True,747.59,1048576,1,
1043,True,742.97,1048576,1,
1042,True,748.92,1048576,1,
1045,True,743.12,1048576,1,
1044,True,749.15,1048576,1,
1047,True,741.18,1048576,1,
1048,True,741.80,1048576,1,
1046,True,756.02,1048576,1,
1053,True,634.43,1048576,1,
1049,True,651.50,1048576,1,
1050,True,650.29,1048576,1,
1054,True,640.40,1048576,1,
1052,True,647.77,1048576,1,
1051,True,652.70,1048576,1,
1055,True,641.54,1048576,1,
1056,True,640.86,1048576,1,
1057,True,594.33,1048576,1,
1064,True,577.99,1048576,1,
1061,True,588.92,1048576,1,
1063,True,586.86,1048576,1,
1058,True,599.50,1048576,1,
1062,True,593.63,1048576,1,
1060,True,599.51,1048576,1,
1059,True,603.36,1048576,1,
1072,True,591.25,1048576,1,
1069,True,598.76,1048576,1,
1070,True,598.57,1048576,1,
1067,True,606.55,1048576,1,
1066,True,611.13,1048576,1,
1068,True,608.35,1048576,1,
1065,True,617.82,1048576,1,
1071,True,605.92,1048576,1,
1073,True,592.40,1048576,1,
1079,True,583.01,1048576,1,
1080,True,582.89,1048576,1,
1075,True,594.10,1048576,1,
1074,True,598.52,1048576,1,
1076,True,597.43,1048576,1,
1077,True,600.90,1048576,1,
1078,True,601.62,1048576,1,
1085,True,699.54,1048576,1,
1081,True,709.93,1048576,1,
1083,True,708.29,1048576,1,
1082,True,711.86,1048576,1,
1086,True,705.22,1048576,1,
1087,True,701.98,1048576,1,
1084,True,713.89,1048576,1,
1088,True,702.61,1048576,1,
1090,True,610.83,1048576,1,
1091,True,613.82,1048576,1,
1089,True,619.57,1048576,1,
1092,True,615.29,1048576,1,
1094,True,613.49,1048576,1,
1096,True,611.56,1048576,1,
1095,True,617.13,1048576,1,
1093,True,623.76,1048576,1,
1103,True,782.66,1048576,1,
1098,True,797.50,1048576,1,
1101,True,795.15,1048576,1,
1104,True,791.42,1048576,1,
1099,True,808.74,1048576,1,
1102,True,806.73,1048576,1,
1100,True,813.24,1048576,1,
1097,True,825.95,1048576,1,
1105,True,852.68,1048576,1,
1106,True,852.07,1048576,1,
1110,True,838.51,1048576,1,
1108,True,849.88,1048576,1,
1107,True,857.71,1048576,1,
1109,True,849.36,1048576,1,
1111,True,845.11,1048576,1,
1112,True,842.70,1048576,1,
1117,True,626.72,1048576,1,
1115,True,634.24,1048576,1,
1113,True,643.03,1048576,1,
1120,True,628.40,1048576,1,
1116,True,640.55,1048576,1,
1114,True,649.82,1048576,1,
1118,True,642.91,1048576,1,
1119,True,643.34,1048576,1,
1124,True,1391.01,1048576,1,
1123,True,1396.22,1048576,1,
1122,True,1401.03,1048576,1,
1128,True,1384.33,1048576,1,
1125,True,1396.13,1048576,1,
1126,True,1395.54,1048576,1,
1127,True,1393.90,1048576,1,
1121,True,1420.70,1048576,1,
1135,True,684.65,1048576,1,
1129,True,700.26,1048576,1,
1136,True,679.56,1048576,1,
1133,True,695.59,1048576,1,
1132,True,699.35,1048576,1,
1130,True,705.15,1048576,1,
1131,True,705.23,1048576,1,
1134,True,704.80,1048576,1,
1138,True,637.44,1048576,1,
1139,True,637.63,1048576,1,
1144,True,624.82,1048576,1,
1137,True,645.23,1048576,1,
1143,True,635.75,1048576,1,
1140,True,643.55,1048576,1,
1141,True,643.57,1048576,1,
1142,True,643.88,1048576,1,
1151,True,906.05,1048576,1,
1146,True,917.51,1048576,1,
1150,True,912.47,1048576,1,
1149,True,916.47,1048576,1,
1148,True,920.09,1048576,1,
1152,True,915.31,1048576,1,
1147,True,927.31,1048576,1,
1145,True,933.14,1048576,1,
1153,True,644.70,1048576,1,
1154,True,646.26,1048576,1,
1158,True,640.33,1048576,1,
1159,True,640.32,1048576,1,
1160,True,641.97,1048576,1,
1156,True,652.89,1048576,1,
1155,True,658.21,1048576,1,
1157,True,657.67,1048576,1,
1161,True,746.12,1048576,1,
1164,True,739.73,1048576,1,
1168,True,730.24,1048576,1,
1163,True,747.47,1048576,1,
1162,True,752.74,1048576,1,
1166,True,746.83,1048576,1,
1165,True,751.70,1048576,1,
1167,True,747.95,1048576,1,
1169,True,619.38,1048576,1,
1170,True,621.73,1048576,1,
1171,True,622.24,1048576,1,
1173,True,620.68,1048576,1,
1174,True,620.92,1048576,1,
1176,True,621.74,1048576,1,
1175,True,628.29,1048576,1,
1172,True,642.73,1048576,1,
1180,True,719.45,1048576,1,
1177,True,733.86,1048576,1,
1184,True,704.39,1048576,1,
1179,True,729.48,1048576,1,
1181,True,722.42,1048576,1,
1183,True,714.23,1048576,1,
1178,True,738.61,1048576,1,
1182,True,724.78,1048576,1,
1190,True,677.73,1048576,1,
1191,True,677.90,1048576,1,
1185,True,693.37,1048576,1,
1189,True,686.57,1048576,1,
1186,True,695.50,1048576,1,
1187,True,696.15,1048576,1,
1188,True,696.97,1048576,1,
1192,True,686.87,1048576,1,
1193,True,706.46,1048576,1,
1200,True,692.43,1048576,1,
1198,True,698.13,1048576,1,
1199,True,698.57,1048576,1,
1196,True,708.23,1048576,1,
1195,True,712.82,1048576,1,
1194,True,717.90,1048576,1,
1197,True,713.08,1048576,1,
1201,True,684.46,1048576,1,
1203,True,685.65,1048576,1,
1206,True,682.30,1048576,1,
1207,True,682.54,1048576,1,
1202,True,697.21,1048576,1,
1205,True,693.88,1048576,1,
1204,True,699.10,1048576,1,
1208,True,693.30,1048576,1,
1215,True,766.97,1048576,1,
1210,True,784.44,1048576,1,
1214,True,774.69,1048576,1,
1216,True,770.19,1048576,1,
1211,True,788.59,1048576,1,
1212,True,788.03,1048576,1,
1209,True,803.50,1048576,1,
1213,True,791.31,1048576,1,
1218,True,700.79,1048576,1,
1223,True,689.43,1048576,1,
1221,True,697.88,1048576,1,
1224,True,694.29,1048576,1,
1217,True,715.25,1048576,1,
1220,True,710.29,1048576,1,
1219,True,715.54,1048576,1,
1222,True,710.84,1048576,1,
1225,True,718.09,1048576,1,
1227,True,714.09,1048576,1,
1228,True,712.93,1048576,1,
1232,True,704.47,1048576,1,
1231,True,709.37,1048576,1,
1226,True,726.18,1048576,1,
1229,True,719.50,1048576,1,
1230,True,718.63,1048576,1,
1240,True,671.50,1048576,1,
1236,True,683.60,1048576,1,
1238,True,682.61,1048576,1,
1237,True,687.40,1048576,1,
1239,True,684.55,1048576,1,
1233,True,701.65,1048576,1,
1234,True,702.89,1048576,1,
1235,True,708.01,1048576,1,
1243,True,713.37,1048576,1,
1247,True,704.43,1048576,1,
1241,True,725.97,1048576,1,
1248,True,706.41,1048576,1,
1246,True,720.55,1048576,1,
1244,True,731.97,1048576,1,
1242,True,741.73,1048576,1,
1245,True,736.34,1048576,1,
1249,True,849.33,1048576,1,
1250,True,849.54,1048576,1,
1252,True,843.50,1048576,1,
1253,True,843.69,1048576,1,
1251,True,854.78,1048576,1,
1256,True,837.27,1048576,1,
1254,True,845.11,1048576,1,
1255,True,847.06,1048576,1,
1264,True,737.20,1048576,1,
1257,True,762.79,1048576,1,
1263,True,747.82,1048576,1,
1261,True,756.78,1048576,1,
1258,True,769.51,1048576,1,
1260,True,764.56,1048576,1,
1259,True,771.56,1048576,1,
1262,True,766.13,1048576,1,
1266,True,742.61,1048576,1,
1267,True,742.01,1048576,1,
1272,True,728.21,1048576,1,
1271,True,734.59,1048576,1,
1265,True,754.57,1048576,1,
1269,True,744.82,1048576,1,
1268,True,751.03,1048576,1,
1270,True,749.06,1048576,1,
1277,True,1252.11,1048576,1,
1280,True,1245.76,1048576,1,
1278,True,1255.57,1048576,1,
1273,True,1271.41,1048576,1,
1275,True,1268.77,1048576,1,
1274,True,1274.21,1048576,1,
1279,True,1266.49,1048576,1,
1276,True,1276.74,1048576,1,
1281,True,731.38,1048576,1,
1287,True,713.22,1048576,1,
1282,True,733.05,1048576,1,
1288,True,715.62,1048576,1,
1286,True,725.87,1048576,1,
1285,True,731.83,1048576,1,
1283,True,739.55,1048576,1,
1284,True,738.43,1048576,1,
1292,True,748.20,1048576,1,
1295,True,743.56,1048576,1,
1289,True,760.38,1048576,1,
1294,True,750.42,1048576,1,
1293,True,754.84,1048576,1,
1291,True,762.34,1048576,1,
1290,True,767.04,1048576,1,
1296,True,755.87,1048576,1,
1299,True,679.37,1048576,1,
1304,True,669.49,1048576,1,
1303,True,675.53,1048576,1,
1297,True,691.44,1048576,1,
1298,True,690.26,1048576,1,
1301,True,686.66,1048576,1,
1302,True,685.50,1048576,1,
1300,True,691.39,1048576,1,
1310,True,645.35,1048576,1,
1306,True,655.62,1048576,1,
1309,True,651.72,1048576,1,
1308,True,657.33,1048576,1,
1305,True,667.21,1048576,1,
1312,True,654.30,1048576,1,
1311,True,661.91,1048576,1,
1307,True,672.23,1048576,1,
1320,True,665.38,1048576,1,
1315,True,684.23,1048576,1,
1314,True,688.74,1048576,1,
1316,True,684.89,1048576,1,
1313,True,695.38,1048576,1,
1319,True,679.30,1048576,1,
1318,True,689.82,1048576,1,
1317,True,693.11,1048576,1,
1321,True,665.83,1048576,1,
1322,True,667.23,1048576,1,
1323,True,670.87,1048576,1,
1328,True,662.79,1048576,1,
1326,True,672.27,1048576,1,
1325,True,677.76,1048576,1,
1327,True,675.99,1048576,1,
1324,True,691.78,1048576,1,
1329,True,968.74,1048576,1,
1330,True,967.13,1048576,1,
1335,True,947.67,1048576,1,
1332,True,961.04,1048576,1,
1334,True,957.08,1048576,1,
1331,True,972.14,1048576,1,
1333,True,965.28,1048576,1,
1336,True,952.52,1048576,1,
1337,True,670.22,1048576,1,
1340,True,664.45,1048576,1,
1339,True,669.49,1048576,1,
1344,True,660.30,1048576,1,
1342,True,666.56,1048576,1,
1343,True,667.81,1048576,1,
1341,True,676.17,1048576,1,
1338,True,685.38,1048576,1,
1352,True,684.05,1048576,1,
1350,True,693.03,1048576,1,
1349,True,698.75,1048576,1,
1348,True,705.23,1048576,1,
1346,True,713.50,1048576,1,
1345,True,718.10,1048576,1,
1347,True,716.59,1048576,1,
1351,True,709.81,1048576,1,
1353,True,724.07,1048576,1,
1355,True,722.28,1048576,1,
1354,True,726.11,1048576,1,
1360,True,708.91,1048576,1,
1356,True,725.60,1048576,1,
1359,True,719.70,1048576,1,
1358,True,727.17,1048576,1,
1357,True,732.15,1048576,1,
1367,True,671.99,1048576,1,
1361,True,693.43,1048576,1,
1365,True,683.38,1048576,1,
1363,True,693.29,1048576,1,
1368,True,681.21,1048576,1,
1362,True,702.02,1048576,1,
1366,True,693.90,1048576,1,
1364,True,701.44,1048576,1,
1374,True,688.73,1048576,1,
1375,True,688.46,1048576,1,
1372,True,699.06,1048576,1,
1371,True,704.71,1048576,1,
1369,True,712.16,1048576,1,
1376,True,694.97,1048576,1,
1370,True,714.59,1048576,1,
1373,True,708.66,1048576,1,
1380,True,683.61,1048576,1,
1377,True,691.39,1048576,1,
1379,True,689.52,1048576,1,
1378,True,692.84,1048576,1,
1382,True,686.67,1048576,1,
1383,True,686.88,1048576,1,
1381,True,693.25,1048576,1,
1384,True,688.30,1048576,1,
1388,True,758.76,1048576,1,
1386,True,765.04,1048576,1,
1392,True,754.74,1048576,1,
1387,True,768.82,1048576,1,
1389,True,769.12,1048576,1,
1390,True,768.94,1048576,1,
1391,True,772.69,1048576,1,
1385,True,787.43,1048576,1,
1394,True,662.13,1048576,1,
1393,True,668.25,1048576,1,
1400,True,647.78,1048576,1,
1399,True,652.70,1048576,1,
1395,True,670.47,1048576,1,
1398,True,663.74,1048576,1,
1396,True,672.46,1048576,1,
1397,True,670.70,1048576,1,
1406,True,659.04,1048576,1,
1401,True,674.45,1048576,1,
1405,True,665.33,1048576,1,
1403,True,673.02,1048576,1,
1404,True,673.90,1048576,1,
1408,True,667.76,1048576,1,
1402,True,685.37,1048576,1,
1407,True,682.21,1048576,1,
1409,True,1415.14,1048576,1,
1414,True,1403.28,1048576,1,
1416,True,1393.44,1048576,1,
1412,True,1415.07,1048576,1,
1413,True,1413.41,1048576,1,
1410,True,1423.29,1048576,1,
1415,True,1410.23,1048576,1,
1411,True,1423.73,1048576,1,
1421,True,729.37,1048576,1,
1422,True,729.89,1048576,1,
1424,True,731.99,1048576,1,
1418,True,745.22,1048576,1,
1423,True,738.19,1048576,1,
1419,True,746.86,1048576,1,
1420,True,746.84,1048576,1,
1417,True,756.12,1048576,1,
1426,True,820.98,1048576,1,
1425,True,827.89,1048576,1,
1427,True,826.18,1048576,1,
1429,True,824.98,1048576,1,
1432,True,821.66,1048576,1,
1428,True,835.73,1048576,1,
1430,True,834.79,1048576,1,
1431,True,839.72,1048576,1,
1436,True,1611.73,1048576,1,
1439,True,1603.69,1048576,1,
1438,True,1611.54,1048576,1,
1437,True,1622.39,1048576,1,
1433,True,1643.80,1048576,1,
1435,True,1639.32,1048576,1,
1440,True,1621.02,1048576,1,
1434,True,1654.36,1048576,1,
1444,True,1487.42,1048576,1,
1441,True,1503.83,1048576,1,
1445,True,1488.26,1048576,1,
1446,True,1485.20,1048576,1,
1442,True,1508.57,1048576,1,
1447,True,1488.14,1048576,1,
1443,True,1509.63,1048576,1,
1448,True,1489.12,1048576,1,
1456,True,1171.96,1048576,1,
1452,True,1188.09,1048576,1,
1450,True,1196.94,1048576,1,
1451,True,1196.09,1048576,1,
1454,True,1188.88,1048576,1,
1449,True,1205.57,1048576,1,
1455,True,1192.62,1048576,1,
1453,True,1200.50,1048576,1,
1463,True,936.80,1048576,1,
1457,True,955.32,1048576,1,
1459,True,951.91,1048576,1,
1458,True,957.75,1048576,1,
1461,True,953.40,1048576,1,
1462,True,954.48,1048576,1,
1460,True,962.29,1048576,1,
1464,True,953.49,1048576,1,
1467,True,715.48,1048576,1,
1465,True,723.68,1048576,1,
1468,True,718.84,1048576,1,
1471,True,710.99,1048576,1,
1469,True,721.12,1048576,1,
1472,True,715.16,1048576,1,
1470,True,723.66,1048576,1,
1466,True,737.62,1048576,1,
1478,True,797.71,1048576,1,
1473,True,814.68,1048576,1,
1474,True,813.69,1048576,1,
1479,True,801.80,1048576,1,
1476,True,813.70,1048576,1,
1475,True,818.10,1048576,1,
1480,True,808.18,1048576,1,
1477,True,819.83,1048576,1,
1483,True,718.11,1048576,1,
1484,True,718.19,1048576,1,
1482,True,725.69,1048576,1,
1485,True,721.30,1048576,1,
1481,True,735.96,1048576,1,
1488,True,724.17,1048576,1,
1487,True,728.89,1048576,1,
1486,True,735.01,1048576,1,
1492,True,689.38,1048576,1,
1493,True,687.48,1048576,1,
1491,True,696.98,1048576,1,
1489,True,704.41,1048576,1,
1490,True,703.76,1048576,1,
1495,True,687.51,1048576,1,
1494,True,691.27,1048576,1,
1496,True,692.81,1048576,1,
1502,True,659.80,1048576,1,
1497,True,673.44,1048576,1,
1500,True,669.49,1048576,1,
1503,True,664.54,1048576,1,
1504,True,661.19,1048576,1,
1498,True,679.69,1048576,1,
1499,True,679.22,1048576,1,
1501,True,678.44,1048576,1,
1510,True,725.70,1048576,1,
1509,True,731.55,1048576,1,
1512,True,727.48,1048576,1,
1506,True,743.74,1048576,1,
1508,True,741.99,1048576,1,
1507,True,746.22,1048576,1,
1511,True,741.60,1048576,1,
1505,True,759.17,1048576,1,
1514,True,698.05,1048576,1,
1513,True,707.76,1048576,1,
1519,True,694.34,1048576,1,
1517,True,702.11,1048576,1,
1518,True,702.86,1048576,1,
1520,True,697.39,1048576,1,
1516,True,714.28,1048576,1,
1515,True,722.80,1048576,1,
1525,True,686.27,1048576,1,
1523,True,694.54,1048576,1,
1521,True,706.01,1048576,1,
1526,True,690.55,1048576,1,
1524,True,698.91,1048576,1,
1527,True,694.21,1048576,1,
1528,True,689.51,1048576,1,
1522,True,713.17,1048576,1,
1532,True,793.53,1048576,1,
1536,True,785.02,1048576,1,
1531,True,799.91,1048576,1,
1533,True,797.79,1048576,1,
1530,True,807.70,1048576,1,
1535,True,796.81,1048576,1,
1529,True,814.49,1048576,1,
1534,True,804.48,1048576,1,
1541,True,1347.15,1048576,1,
1542,True,1347.02,1048576,1,
1537,True,1361.56,1048576,1,
1538,True,1362.36,1048576,1,
1544,True,1350.33,1048576,1,
1539,True,1366.99,1048576,1,
1540,True,1369.49,1048576,1,
1543,True,1365.33,1048576,1,
1548,True,1327.50,1048576,1,
1546,True,1335.29,1048576,1,
1549,True,1327.84,1048576,1,
1552,True,1318.63,1048576,1,
1551,True,1323.82,1048576,1,
1545,True,1346.55,1048576,1,
1550,True,1334.08,1048576,1,
1547,True,1346.04,1048576,1,
1560,True,780.82,1048576,1,
1557,True,790.88,1048576,1,
1556,True,794.63,1048576,1,
1554,True,801.12,1048576,1,
1559,True,792.37,1048576,1,
1553,True,807.62,1048576,1,
1558,True,798.67,1048576,1,
1555,True,810.46,1048576,1,
1561,True,646.34,1048576,1,
1562,True,647.20,1048576,1,
1566,True,642.31,1048576,1,
1564,True,648.77,1048576,1,
1563,True,654.22,1048576,1,
1567,True,647.79,1048576,1,
1568,True,644.99,1048576,1,
1565,True,660.04,1048576,1,
1576,True,686.78,1048576,1,
1574,True,697.33,1048576,1,
1570,True,711.29,1048576,1,
1573,True,704.50,1048576,1,
1569,True,718.45,1048576,1,
1572,True,712.30,1048576,1,
1575,True,707.67,1048576,1,
1571,True,719.14,1048576,1,
1580,True,667.62,1048576,1,
1578,True,674.66,1048576,1,
1581,True,670.00,1048576,1,
1579,True,675.94,1048576,1,
1582,True,671.02,1048576,1,
1584,True,668.92,1048576,1,
1583,True,672.59,1048576,1,
1577,True,691.58,1048576,1,
1592,True,685.72,1048576,1,
1585,True,704.71,1048576,1,
1587,True,702.97,1048576,1,
1588,True,703.35,1048576,1,
1586,True,709.82,1048576,1,
1590,True,704.34,1048576,1,
1589,True,708.76,1048576,1,
1591,True,707.25,1048576,1,
1597,True,852.25,1048576,1,
1594,True,861.45,1048576,1,
1593,True,865.32,1048576,1,
1598,True,855.19,1048576,1,
1600,True,853.04,1048576,1,
1595,True,867.75,1048576,1,
1599,True,862.11,1048576,1,
1596,True,871.17,1048576,1,
1601,True,765.94,1048576,1,
1607,True,753.19,1048576,1,
1604,True,764.62,1048576,1,
1605,True,763.20,1048576,1,
1606,True,762.24,1048576,1,
1602,True,773.93,1048576,1,
1608,True,761.97,1048576,1,
1603,True,777.35,1048576,1,
1613,True,777.75,1048576,1,
1611,True,783.57,1048576,1,
1610,True,787.73,1048576,1,
1612,True,785.95,1048576,1,
1616,True,780.33,1048576,1,
1615,True,784.53,1048576,1,
1614,True,790.73,1048576,1,
1609,True,802.85,1048576,1,
1621,True,661.66,1048576,1,
1624,True,655.97,1048576,1,
1622,True,663.98,1048576,1,
1620,True,671.27,1048576,1,
1618,True,677.08,1048576,1,
1623,True,666.09,1048576,1,
1617,True,684.82,1048576,1,
1619,True,682.80,1048576,1,
1626,True,726.02,1048576,1,
1628,True,724.76,1048576,1,
1632,True,717.11,1048576,1,
1627,True,731.08,1048576,1,
1629,True,729.49,1048576,1,
1630,True,729.95,1048576,1,
1625,True,742.12,1048576,1,
1631,True,730.96,1048576,1,
1638,True,1475.47,1048576,1,
1636,True,1481.88,1048576,1,
1634,True,1488.10,1048576,1,
1635,True,1489.02,1048576,1,
1633,True,1495.58,1048576,1,
1637,True,1491.83,1048576,1,
1640,True,1487.29,1048576,1,
1639,True,1491.49,1048576,1,
1643,True,782.63,1048576,1,
1645,True,780.39,1048576,1,
1648,True,773.92,1048576,1,
1647,True,779.45,1048576,1,
1642,True,797.86,1048576,1,
1646,True,788.16,1048576,1,
1644,True,799.94,1048576,1,
1641,True,809.56,1048576,1,
1650,True,665.19,1048576,1,
1651,True,666.86,1048576,1,
1655,True,654.49,1048576,1,
1652,True,667.59,1048576,1,
1656,True,656.29,1048576,1,
1649,True,682.16,1048576,1,
1654,True,667.81,1048576,1,
1653,True,674.21,1048576,1,
1663,True,637.51,1048576,1,
1661,True,645.62,1048576,1,
1658,True,654.30,1048576,1,
1659,True,654.97,1048576,1,
1664,True,644.52,1048576,1,
1660,True,657.22,1048576,1,
1657,True,667.91,1048576,1,
1662,True,657.22,1048576,1,
1672,True,1210.46,1048576,1,
1667,True,1225.14,1048576,1,
1665,True,1232.05,1048576,1,
1668,True,1225.53,1048576,1,
1666,True,1232.18,1048576,1,
1671,True,1222.70,1048576,1,
1670,True,1226.42,1048576,1,
1669,True,1234.35,1048576,1,
1678,True,607.18,1048576,1,
1673,True,617.84,1048576,1,
1677,True,613.43,1048576,1,
1679,True,612.07,1048576,1,
1680,True,609.88,1048576,1,
1675,True,624.65,1048576,1,
1676,True,625.96,1048576,1,
1674,True,633.62,1048576,1,
1686,True,719.92,1048576,1,
1688,True,714.89,1048576,1,
1683,True,732.24,1048576,1,
1681,True,739.11,1048576,1,
1687,True,725.59,1048576,1,
1682,True,741.93,1048576,1,
1685,True,736.03,1048576,1,
1684,True,744.71,1048576,1,
1692,True,649.90,1048576,1,
1694,True,646.91,1048576,1,
1695,True,645.81,1048576,1,
1691,True,657.72,1048576,1,
1690,True,664.17,1048576,1,
1693,True,660.38,1048576,1,
1689,True,670.83,1048576,1,
1696,True,655.62,1048576,1,
1701,True,1646.10,1048576,1,
1698,True,1657.22,1048576,1,
1703,True,1647.06,1048576,1,
1702,True,1651.80,1048576,1,
1699,True,1662.67,1048576,1,
1700,True,1662.21,1048576,1,
1704,True,1650.37,1048576,1,
1697,True,1671.00,1048576,1,
1709,True,639.11,1048576,1,
1708,True,644.10,1048576,1,
1712,True,640.44,1048576,1,
1711,True,644.75,1048576,1,
1706,True,659.07,1048576,1,
1710,True,653.52,1048576,1,
1705,True,667.38,1048576,1,
1707,True,668.70,1048576,1,
1713,True,1125.62,1048576,1,
1714,True,1126.20,1048576,1,
1717,True,1119.30,1048576,1,
1718,True,1118.38,1048576,1,
1716,True,1128.12,1048576,1,
1719,True,1122.81,1048576,1,
1715,True,1138.24,1048576,1,
1720,True,1120.46,1048576,1,
1728,True,634.13,1048576,1,
1723,True,651.26,1048576,1,
1724,True,651.15,1048576,1,
1722,True,658.36,1048576,1,
1726,True,648.47,1048576,1,
1725,True,655.63,1048576,1,
1721,True,669.32,1048576,1,
1727,True,653.21,1048576,1,
1730,True,636.57,1048576,1,
1731,True,639.05,1048576,1,
1735,True,631.92,1048576,1,
1734,True,636.27,1048576,1,
1732,True,643.72,1048576,1,
1733,True,644.30,1048576,1,
1736,True,639.50,1048576,1,
1729,True,658.40,1048576,1,
1737,True,659.08,1048576,1,
1744,True,641.67,1048576,1,
1742,True,649.72,1048576,1,
1741,True,654.22,1048576,1,
1740,True,660.05,1048576,1,
1739,True,664.49,1048576,1,
1738,True,668.19,1048576,1,
1743,True,657.48,1048576,1,
1747,True,701.36,1048576,1,
1752,True,695.03,1048576,1,
1748,True,706.01,1048576,1,
1746,True,713.17,1048576,1,
1750,True,706.94,1048576,1,
1745,True,721.45,1048576,1,
1751,True,710.53,1048576,1,
1749,True,716.51,1048576,1,
1758,True,657.52,1048576,1,
1755,True,667.99,1048576,1,
1756,True,667.61,1048576,1,
1753,True,679.47,1048576,1,
1759,True,663.95,1048576,1,
1754,True,681.65,1048576,1,
1760,True,668.82,1048576,1,
1757,True,680.37,1048576,1,
1761,True,657.27,1048576,1,
1762,True,658.27,1048576,1,
1763,True,660.87,1048576,1,
1768,True,647.24,1048576,1,
1764,True,663.39,1048576,1,
1767,True,658.48,1048576,1,
1766,True,664.03,1048576,1,
1765,True,671.18,1048576,1,
1774,True,714.18,1048576,1,
1773,True,721.09,1048576,1,
1772,True,725.98,1048576,1,
1775,True,717.84,1048576,1,
1770,True,736.41,1048576,1,
1769,True,743.16,1048576,1,
1776,True,721.92,1048576,1,
1771,True,739.55,1048576,1,
1780,True,1586.84,1048576,1,
1783,True,1585.31,1048576,1,
1782,True,1589.53,1048576,1,
1779,True,1598.23,1048576,1,
1777,True,1606.67,1048576,1,
1781,True,1601.85,1048576,1,
1778,True,1611.18,1048576,1,
1784,True,1602.88,1048576,1,
1791,True,663.58,1048576,1,
1787,True,681.32,1048576,1,
1792,True,665.81,1048576,1,
1785,True,693.92,1048576,1,
1790,True,678.95,1048576,1,
1788,True,688.89,1048576,1,
1786,True,697.05,1048576,1,
1789,True,691.87,1048576,1,
1795,True,642.11,1048576,1,
1798,True,636.47,1048576,1,
1797,True,640.92,1048576,1,
1800,True,633.93,1048576,1,
1799,True,639.28,1048576,1,
1794,True,655.64,1048576,1,
1793,True,660.64,1048576,1,
1796,True,652.75,1048576,1,
1805,True,1135.93,1048576,1,
1802,True,1144.62,1048576,1,
1808,True,1135.25,1048576,1,
1807,True,1139.80,1048576,1,
1803,True,1150.63,1048576,1,
1801,True,1156.71,1048576,1,
1806,True,1152.43,1048576,1,
1804,True,1159.81,1048576,1,
1815,True,606.15,1048576,1,
1816,True,605.96,1048576,1,
1814,True,617.00,1048576,1,
1810,True,629.47,1048576,1,
1812,True,625.55,1048576,1,
1811,True,630.26,1048576,1,
1813,True,627.90,1048576,1,
1809,True,641.42,1048576,1,
1817,True,712.92,1048576,1,
1822,True,706.08,1048576,1,
1821,True,709.73,1048576,1,
1824,True,704.25,1048576,1,
1818,True,720.51,1048576,1,
1819,True,720.03,1048576,1,
1823,True,713.01,1048576,1,
1820,True,726.41,1048576,1,
1831,True,719.27,1048576,1,
1830,True,725.40,1048576,1,
1826,True,735.89,1048576,1,
1832,True,720.91,1048576,1,
1827,True,738.30,1048576,1,
1829,True,736.38,1048576,1,
1828,True,740.11,1048576,1,
1825,True,751.88,1048576,1,
1835,True,729.02,1048576,1,
1837,True,726.79,1048576,1,
1834,True,736.42,1048576,1,
1836,True,735.09,1048576,1,
1840,True,726.26,1048576,1,
1833,True,747.81,1048576,1,
1839,True,737.27,1048576,1,
1838,True,742.16,1048576,1,
1848,True,633.74,1048576,1,
1841,True,658.31,1048576,1,
1845,True,650.43,1048576,1,
1846,True,649.60,1048576,1,
1842,True,663.75,1048576,1,
1843,True,664.62,1048576,1,
1847,True,654.53,1048576,1,
1844,True,666.26,1048576,1,
1849,True,683.37,1048576,1,
1855,True,673.04,1048576,1,
1851,True,688.31,1048576,1,
1853,True,685.67,1048576,1,
1852,True,690.88,1048576,1,
1856,True,683.74,1048576,1,
1854,True,691.56,1048576,1,
1850,True,713.34,1048576,1,
1861,True,721.70,1048576,1,
1859,True,729.91,1048576,1,
1857,True,745.22,1048576,1,
1863,True,725.27,1048576,1,
1862,True,730.52,1048576,1,
1864,True,718.72,1048576,1,
1858,True,751.18,1048576,1,
1860,True,750.00,1048576,1,
1866,True,675.84,1048576,1,
1869,True,667.48,1048576,1,
1865,True,681.75,1048576,1,
1872,True,657.65,1048576,1,
1871,True,666.12,1048576,1,
1867,True,682.52,1048576,1,
1868,True,680.41,1048576,1,
1870,True,679.37,1048576,1,
1873,True,677.50,1048576,1,
1875,True,676.58,1048576,1,
1877,True,674.27,1048576,1,
1874,True,683.44,1048576,1,
1879,True,674.66,1048576,1,
1880,True,673.24,1048576,1,
1876,True,686.49,1048576,1,
1878,True,685.75,1048576,1,
1881,True,700.12,1048576,1,
1884,True,696.95,1048576,1,
1886,True,694.89,1048576,1,
1885,True,699.54,1048576,1,
1882,True,708.72,1048576,1,
1887,True,699.46,1048576,1,
1888,True,698.80,1048576,1,
1883,True,717.40,1048576,1,
1892,True,702.11,1048576,1,
1895,True,695.59,1048576,1,
1893,True,703.92,1048576,1,
1889,True,718.52,1048576,1,
1890,True,716.90,1048576,1,
1894,True,710.25,1048576,1,
1896,True,704.70,1048576,1,
1891,True,726.61,1048576,1,
1897,True,639.70,1048576,1,
1898,True,639.64,1048576,1,
1904,True,621.38,1048576,1,
1899,True,643.41,1048576,1,
1903,True,633.14,1048576,1,
1901,True,640.75,1048576,1,
1900,True,645.89,1048576,1,
1902,True,643.27,1048576,1,
1912,True,686.46,1048576,1,
1905,True,705.49,1048576,1,
1907,True,704.07,1048576,1,
1910,True,698.51,1048576,1,
1906,True,710.21,1048576,1,
1909,True,704.27,1048576,1,
1911,True,704.08,1048576,1,
1908,True,711.63,1048576,1,
1917,True,732.61,1048576,1,
1915,True,738.94,1048576,1,
1916,True,739.02,1048576,1,
1914,True,746.33,1048576,1,
1920,True,736.74,1048576,1,
1918,True,745.13,1048576,1,
1913,True,758.87,1048576,1,
1919,True,746.93,1048576,1,
1927,True,690.00,1048576,1,
1928,True,689.66,1048576,1,
1922,True,709.56,1048576,1,
1921,True,714.46,1048576,1,
1925,True,705.25,1048576,1,
1924,True,713.14,1048576,1,
1926,True,707.96,1048576,1,
1923,True,722.43,1048576,1,
1929,True,1514.19,1048576,1,
1933,True,1507.06,1048576,1,
1936,True,1499.92,1048576,1,
1931,True,1517.03,1048576,1,
1930,True,1520.43,1048576,1,
1932,True,1517.15,1048576,1,
1935,True,1513.46,1048576,1,
1934,True,1517.58,1048576,1,
1943,True,721.91,1048576,1,
1941,True,730.71,1048576,1,
1938,True,738.88,1048576,1,
1937,True,743.42,1048576,1,
1940,True,739.15,1048576,1,
1942,True,738.83,1048576,1,
1939,True,747.47,1048576,1,
1944,True,740.02,1048576,1,
1945,True,675.84,1048576,1,
1946,True,677.84,1048576,1,
1947,True,678.04,1048576,1,
1948,True,677.83,1048576,1,
1952,True,667.23,1048576,1,
1949,True,679.92,1048576,1,
1950,True,679.65,1048576,1,
1951,True,681.92,1048576,1,
1958,True,675.09,1048576,1,
1956,True,682.53,1048576,1,
1955,True,686.81,1048576,1,
1953,True,695.85,1048576,1,
1957,True,687.11,1048576,1,
1959,True,684.77,1048576,1,
1954,True,698.14,1048576,1,
1960,True,684.82,1048576,1,
1965,True,731.81,1048576,1,
1962,True,742.44,1048576,1,
1961,True,748.40,1048576,1,
1967,True,737.40,1048576,1,
1963,True,748.28,1048576,1,
1968,True,737.35,1048576,1,
1964,True,750.51,1048576,1,
1966,True,748.59,1048576,1,
1971,True,703.92,1048576,1,
1970,True,709.75,1048576,1,
1976,True,697.06,1048576,1,
1969,True,717.85,1048576,1,
1973,True,710.32,1048576,1,
1975,True,708.23,1048576,1,
1974,True,712.69,1048576,1,
1972,True,721.88,1048576,1,
1980,True,671.64,1048576,1,
1977,True,681.93,1048576,1,
1981,True,674.93,1048576,1,
1983,True,673.71,1048576,1,
1979,True,685.89,1048576,1,
1982,True,679.95,1048576,1,
1978,True,693.70,1048576,1,
1984,True,679.79,1048576,1,
1985,True,680.91,1048576,1,
1987,True,677.07,1048576,1,
1991,True,669.61,1048576,1,
1989,True,677.57,1048576,1,
1988,True,681.99,1048576,1,
1986,True,690.51,1048576,1,
1990,True,683.91,1048576,1,
1992,True,677.77,1048576,1,
1993,True,672.63,1048576,1,
1995,True,671.00,1048576,1,
1999,True,662.03,1048576,1,
2000,True,661.42,1048576,1,
1994,True,680.95,1048576,1,
1996,True,678.94,1048576,1,
1998,True,676.52,1048576,1,
1997,True,681.51,1048576,1,
2002,True,663.69,1048576,1,
2001,True,670.02,1048576,1,
2003,True,665.73,1048576,1,
2007,True,657.44,1048576,1,
2006,True,661.05,1048576,1,
2008,True,659.42,1048576,1,
2005,True,669.32,1048576,1,
2004,True,673.55,1048576,1,
2010,True,710.44,1048576,1,
2013,True,709.15,1048576,1,
2011,True,714.88,1048576,1,
2014,True,710.30,1048576,1,
2009,True,724.22,1048576,1,
2016,True,713.26,1048576,1,
2015,True,716.79,1048576,1,
2012,True,727.16,1048576,1,
2021,True,678.37,1048576,1,
2017,True,691.94,1048576,1,
2018,True,689.81,1048576,1,
2022,True,681.06,1048576,1,
2019,True,691.79,1048576,1,
2020,True,691.93,1048576,1,
2023,True,685.50,1048576,1,
2024,True,683.30,1048576,1,
2027,True,660.35,1048576,1,
2030,True,655.79,1048576,1,
2031,True,656.12,1048576,1,
2028,True,664.19,1048576,1,
2029,True,664.51,1048576,1,
2026,True,672.36,1048576,1,
2032,True,661.54,1048576,1,
2025,True,679.65,1048576,1,
2040,True,739.59,1048576,1,
2039,True,745.24,1048576,1,
2035,True,754.45,1048576,1,
2036,True,754.49,1048576,1,
2034,True,760.20,1048576,1,
2037,True,755.56,1048576,1,
2038,True,756.31,1048576,1,
2033,True,767.63,1048576,1,
2046,True,663.95,1048576,1,
2044,True,670.67,1048576,1,
2047,True,668.02,1048576,1,
2041,True,681.72,1048576,1,
2043,True,680.14,1048576,1,
2045,True,678.88,1048576,1,
2042,True,687.45,1048576,1,
2048,True,678.46,1048576,1,
2055,True,717.92,1048576,1,
2056,True,718.71,1048576,1,
2052,True,731.13,1048576,1,
2053,True,731.43,1048576,1,
2050,True,741.08,1048576,1,
2051,True,741.80,1048576,1,
2049,True,750.22,1048576,1,
2054,True,742.45,1048576,1,
2064,True,687.98,1048576,1,
2060,True,705.95,1048576,1,
2057,True,715.66,1048576,1,
2062,True,704.86,1048576,1,
2059,True,717.22,1048576,1,
2063,True,710.22,1048576,1,
2058,True,725.84,1048576,1,
2061,True,720.38,1048576,1,
2065,True,712.59,1048576,1,
2066,True,710.28,1048576,1,
2070,True,699.70,1048576,1,
2069,True,706.38,1048576,1,
2071,True,704.24,1048576,1,
2068,True,719.62,1048576,1,
2067,True,726.48,1048576,1,
2072,True,713.09,1048576,1,
2073,True,729.31,1048576,1,
2080,True,709.19,1048576,1,
2074,True,731.34,1048576,1,
2075,True,732.69,1048576,1,
2078,True,722.79,1048576,1,
2076,True,736.28,1048576,1,
2079,True,727.88,1048576,1,
2077,True,740.29,1048576,1,
2083,True,714.93,1048576,1,
2085,True,711.42,1048576,1,
2082,True,723.05,1048576,1,
2086,True,713.70,1048576,1,
2081,True,730.05,1048576,1,
2088,True,709.59,1048576,1,
2084,True,726.74,1048576,1,
2087,True,717.61,1048576,1,
2089,True,713.18,1048576,1,
2092,True,707.77,1048576,1,
2090,True,716.86,1048576,1,
2095,True,706.99,1048576,1,
2091,True,719.22,1048576,1,
2093,True,717.10,1048576,1,
2096,True,715.56,1048576,1,
2094,True,722.47,1048576,1,
2099,True,740.25,1048576,1,
2104,True,726.62,1048576,1,
2102,True,736.76,1048576,1,
2100,True,744.38,1048576,1,
2097,True,755.96,1048576,1,
2098,True,755.13,1048576,1,
2101,True,747.78,1048576,1,
2103,True,742.52,1048576,1,
2107,True,663.87,1048576,1,
2109,True,661.16,1048576,1,
2108,True,666.03,1048576,1,
2111,True,662.84,1048576,1,
2112,True,661.42,1048576,1,
2106,True,677.22,1048576,1,
2110,True,670.24,1048576,1,
2105,True,686.54,1048576,1,
2118,True,675.49,1048576,1,
2113,True,688.13,1048576,1,
2119,True,676.64,1048576,1,
2114,True,690.36,1048576,1,
2116,True,687.78,1048576,1,
2117,True,688.47,1048576,1,
2115,True,695.84,1048576,1,
2120,True,685.41,1048576,1,
2122,True,658.30,1048576,1,
2121,True,662.53,1048576,1,
2127,True,651.09,1048576,1,
2123,True,666.18,1048576,1,
2124,True,665.59,1048576,1,
2128,True,657.43,1048576,1,
2125,True,668.54,1048576,1,
2126,True,671.03,1048576,1,
2129,True,792.75,1048576,1,
2130,True,792.76,1048576,1,
2133,True,786.50,1048576,1,
2131,True,796.33,1048576,1,
2134,True,788.35,1048576,1,
2132,True,800.15,1048576,1,
2135,True,795.90,1048576,1,
2136,True,795.78,1048576,1,
2137,True,1352.84,1048576,1,
2138,True,1355.53,1048576,1,
2140,True,1352.44,1048576,1,
2142,True,1346.02,1048576,1,
2143,True,1343.65,1048576,1,
2139,True,1361.83,1048576,1,
2144,True,1349.04,1048576,1,
2141,True,1367.72,1048576,1,
2149,True,1282.55,1048576,1,
2150,True,1282.08,1048576,1,
2152,True,1274.33,1048576,1,
2145,True,1302.20,1048576,1,
2146,True,1301.13,1048576,1,
2151,True,1286.49,1048576,1,
2147,True,1304.17,1048576,1,
2148,True,1303.84,1048576,1,
2153,True,654.21,1048576,1,
2157,True,645.66,1048576,1,
2159,True,642.17,1048576,1,
2156,True,653.72,1048576,1,
2155,True,659.30,1048576,1,
2158,True,652.35,1048576,1,
2160,True,648.11,1048576,1,
2154,True,667.79,1048576,1,
2161,True,724.12,1048576,1,
2168,True,711.33,1048576,1,
2166,True,718.27,1048576,1,
2167,True,719.03,1048576,1,
2163,True,732.20,1048576,1,
2162,True,737.95,1048576,1,
2164,True,736.26,1048576,1,
2165,True,735.55,1048576,1,
2170,True,1326.72,1048576,1,
2175,True,1315.65,1048576,1,
2169,True,1336.10,1048576,1,
2173,True,1325.48,1048576,1,
2172,True,1333.17,1048576,1,
2171,True,1338.82,1048576,1,
2176,True,1325.98,1048576,1,
2174,True,1333.10,1048576,1,
2180,True,1365.97,1048576,1,
2179,True,1370.57,1048576,1,
2177,True,1379.82,1048576,1,
2181,True,1370.56,1048576,1,
2182,True,1371.22,1048576,1,
2178,True,1384.40,1048576,1,
2184,True,1371.44,1048576,1,
2183,True,1376.69,1048576,1,
2185,True,694.80,1048576,1,
2192,True,678.24,1048576,1,
2189,True,688.32,1048576,1,
2186,True,700.22,1048576,1,
2191,True,689.28,1048576,1,
2188,True,701.15,1048576,1,
2190,True,696.32,1048576,1,
2187,True,714.79,1048576,1,
2196,True,1598.30,1048576,1,
2197,True,1596.95,1048576,1,
2199,True,1593.77,1048576,1,
2193,True,1611.75,1048576,1,
2195,True,1610.51,1048576,1,
2198,True,1603.30,1048576,1,
2200,True,1595.19,1048576,1,
2194,True,1619.63,1048576,1,
2206,True,675.63,1048576,1,
2204,True,682.18,1048576,1,
2201,True,690.64,1048576,1,
2203,True,691.01,1048576,1,
2207,True,682.69,1048576,1,
2205,True,690.17,1048576,1,
2208,True,685.78,1048576,1,
2202,True,702.98,1048576,1,
2209,True,788.23,1048576,1,
2210,True,788.66,1048576,1,
2214,True,780.04,1048576,1,
2212,True,786.56,1048576,1,
2211,True,794.13,1048576,1,
2216,True,784.12,1048576,1,
2215,True,790.58,1048576,1,
2213,True,799.55,1048576,1,
2217,True,805.00,1048576,1,
2220,True,800.13,1048576,1,
2221,True,798.51,1048576,1,
2224,True,789.58,1048576,1,
2219,True,809.16,1048576,1,
2223,True,798.90,1048576,1,
2222,True,804.21,1048576,1,
2218,True,818.65,1048576,1,
2227,True,1095.93,1048576,1,
2232,True,1086.87,1048576,1,
2225,True,1105.60,1048576,1,
2226,True,1105.48,1048576,1,
2230,True,1097.87,1048576,1,
2231,True,1098.01,1048576,1,
2228,True,1107.42,1048576,1,
2229,True,1108.26,1048576,1,
2240,True,677.91,1048576,1,
2233,True,697.51,1048576,1,
2237,True,691.61,1048576,1,
2238,True,691.32,1048576,1,
2234,True,701.71,1048576,1,
2235,True,701.61,1048576,1,
2236,True,701.90,1048576,1,
2239,True,703.05,1048576,1,
2241,True,660.77,1048576,1,
2245,True,656.84,1048576,1,
2247,True,654.63,1048576,1,
2243,True,665.36,1048576,1,
2242,True,671.86,1048576,1,
2244,True,670.69,1048576,1,
2248,True,658.33,1048576,1,
2246,True,671.84,1048576,1,
2253,True,652.75,1048576,1,
2256,True,646.05,1048576,1,
2250,True,666.41,1048576,1,
2255,True,654.57,1048576,1,
2251,True,668.77,1048576,1,
2254,True,662.86,1048576,1,
2252,True,672.56,1048576,1,
2249,True,686.24,1048576,1,
2261,True,665.73,1048576,1,
2260,True,669.98,1048576,1,
2259,True,674.35,1048576,1,
2263,True,665.40,1048576,1,
2258,True,681.43,1048576,1,
2262,True,672.20,1048576,1,
2264,True,670.71,1048576,1,
2257,True,695.32,1048576,1,
2269,True,641.84,1048576,1,
2268,True,645.81,1048576,1,
2271,True,638.61,1048576,1,
2266,True,654.29,1048576,1,
2265,True,658.68,1048576,1,
2267,True,656.80,1048576,1,
2270,True,653.38,1048576,1,
2272,True,647.09,1048576,1,
2273,True,1243.15,1048576,1,
2277,True,1237.93,1048576,1,
2279,True,1235.41,1048576,1,
2280,True,1234.89,1048576,1,
2276,True,1249.03,1048576,1,
2274,True,1255.74,1048576,1,
2275,True,1256.74,1048576,1,
2278,True,1252.04,1048576,1,
2286,True,666.97,1048576,1,
2282,True,679.57,1048576,1,
2288,True,665.93,1048576,1,
2283,True,682.42,1048576,1,
2284,True,683.00,1048576,1,
2287,True,676.50,1048576,1,
2281,True,696.68,1048576,1,
2285,True,686.44,1048576,1,
2289,True,695.94,1048576,1,
2294,True,686.49,1048576,1,
2290,True,700.36,1048576,1,
2292,True,697.36,1048576,1,
2293,True,697.08,1048576,1,
2296,True,691.79,1048576,1,
2291,True,706.75,1048576,1,
2295,True,700.69,1048576,1,
2297,True,735.28,1048576,1,
2302,True,729.03,1048576,1,
2298,True,741.57,1048576,1,
2299,True,741.26,1048576,1,
2303,True,735.01,1048576,1,
2304,True,733.96,1048576,1,
2301,True,746.37,1048576,1,
2300,True,752.56,1048576,1,
2305,True,687.07,1048576,1,
2310,True,672.35,1048576,1,
2308,True,684.14,1048576,1,
2307,True,690.31,1048576,1,
2306,True,696.82,1048576,1,
2309,True,691.70,1048576,1,
2312,True,684.46,1048576,1,
2311,True,690.28,1048576,1,
2315,True,1652.82,1048576,1,
2313,True,1664.27,1048576,1,
2320,True,1641.03,1048576,1,
2314,True,1663.86,1048576,1,
2317,True,1653.55,1048576,1,
2318,True,1653.90,1048576,1,
2319,True,1655.32,1048576,1,
2316,True,1667.49,1048576,1,
2323,True,638.64,1048576,1,
2327,True,629.00,1048576,1,
2322,True,645.23,1048576,1,
2321,True,649.62,1048576,1,
2328,True,633.05,1048576,1,
2325,True,646.88,1048576,1,
2326,True,645.35,1048576,1,
2324,True,655.66,1048576,1,
2329,True,731.60,1048576,1,
2331,True,731.38,1048576,1,
2332,True,731.28,1048576,1,
2333,True,731.35,1048576,1,
2334,True,730.78,1048576,1,
2336,True,727.70,1048576,1,
2330,True,746.76,1048576,1,
2335,True,739.65,1048576,1,
2344,True,657.79,1048576,1,
2339,True,675.57,1048576,1,
2340,True,675.76,1048576,1,
2342,True,671.09,1048576,1,
2337,True,687.93,1048576,1,
2343,True,671.86,1048576,1,
2341,True,679.41,1048576,1,
2338,True,689.07,1048576,1,
2347,True,663.13,1048576,1,
2348,True,663.42,1048576,1,
2350,True,662.57,1048576,1,
2346,True,673.36,1048576,1,
2345,True,678.88,1048576,1,
2349,True,673.25,1048576,1,
2351,True,672.65,1048576,1,
2352,True,673.07,1048576,1,
2360,True,660.85,1048576,1,
2357,True,670.41,1048576,1,
2358,True,670.43,1048576,1,
2359,True,669.57,1048576,1,
2355,True,682.60,1048576,1,
2354,True,686.86,1048576,1,
2353,True,691.62,1048576,1,
2356,True,685.00,1048576,1,
2363,True,686.75,1048576,1,
2364,True,687.04,1048576,1,
2362,True,693.33,1048576,1,
2368,True,684.51,1048576,1,
2367,True,688.11,1048576,1,
2365,True,695.24,1048576,1,
2361,True,706.17,1048576,1,
2366,True,698.94,1048576,1,
2370,True,735.05,1048576,1,
2372,True,732.87,1048576,1,
2376,True,724.09,1048576,1,
2371,True,739.56,1048576,1,
2369,True,747.08,1048576,1,
2374,True,737.19,1048576,1,
2375,True,735.52,1048576,1,
2373,True,745.48,1048576,1,
2379,True,697.63,1048576,1,
2383,True,690.59,1048576,1,
2382,True,694.00,1048576,1,
2380,True,700.16,1048576,1,
2381,True,699.51,1048576,1,
2384,True,694.38,1048576,1,
2378,True,714.13,1048576,1,
2377,True,719.45,1048576,1,
2390,True,763.00,1048576,1,
2386,True,776.20,1048576,1,
2388,True,775.45,1048576,1,
2387,True,779.49,1048576,1,
2391,True,771.56,1048576,1,
2389,True,781.82,1048576,1,
2385,True,792.95,1048576,1,
2392,True,781.16,1048576,1,
2393,True,748.98,1048576,1,
2394,True,747.62,1048576,1,
2395,True,747.15,1048576,1,
2399,True,737.02,1048576,1,
2398,True,743.15,1048576,1,
2400,True,736.63,1048576,1,
2397,True,751.08,1048576,1,
2396,True,756.45,1048576,1,
2402,True,1304.71,1048576,1,
2407,True,1299.83,1048576,1,
2408,True,1300.45,1048576,1,
2403,True,1315.12,1048576,1,
2405,True,1314.09,1048576,1,
2406,True,1316.68,1048576,1,
2401,True,1332.49,1048576,1,
2404,True,1326.64,1048576,1,
2410,True,769.99,1048576,1,
2416,True,752.66,1048576,1,
2412,True,768.28,1048576,1,
2414,True,761.26,1048576,1,
2415,True,762.24,1048576,1,
2413,True,771.21,1048576,1,
2411,True,779.75,1048576,1,
2409,True,794.93,1048576,1,
2422,True,727.47,1048576,1,
2419,True,737.60,1048576,1,
2424,True,726.21,1048576,1,
2423,True,733.80,1048576,1,
2420,True,743.42,1048576,1,
2421,True,742.62,1048576,1,
2417,True,754.05,1048576,1,
2418,True,755.89,1048576,1,
2431,True,737.25,1048576,1,
2426,True,752.11,1048576,1,
2430,True,745.18,1048576,1,
2427,True,754.65,1048576,1,
2425,True,762.78,1048576,1,
2429,True,753.24,1048576,1,
2432,True,748.34,1048576,1,
2428,True,762.31,1048576,1,
2439,True,823.71,1048576,1,
2437,True,831.59,1048576,1,
2434,True,840.31,1048576,1,
2433,True,845.92,1048576,1,
2436,True,840.35,1048576,1,
2438,True,838.74,1048576,1,
2435,True,847.13,1048576,1,
2440,True,838.88,1048576,1,
2448,True,715.95,1048576,1,
2447,True,722.51,1048576,1,
2444,True,731.07,1048576,1,
2446,True,730.96,1048576,1,
2441,True,744.65,1048576,1,
2442,True,745.56,1048576,1,
2443,True,747.87,1048576,1,
2445,True,747.40,1048576,1,
2450,True,757.00,1048576,1,
2453,True,750.64,1048576,1,
2451,True,761.76,1048576,1,
2454,True,754.76,1048576,1,
2449,True,772.47,1048576,1,
2452,True,767.10,1048576,1,
2455,True,761.37,1048576,1,
2456,True,760.93,1048576,1,
2463,True,671.15,1048576,1,
2464,True,669.54,1048576,1,
2457,True,696.72,1048576,1,
2458,True,695.63,1048576,1,
2459,True,693.65,1048576,1,
2460,True,693.53,1048576,1,
2461,True,692.32,1048576,1,
2462,True,691.42,1048576,1,
2472,True,653.86,1048576,1,
2466,True,668.99,1048576,1,
2465,True,673.44,1048576,1,
2471,True,661.82,1048576,1,
2469,True,668.41,1048576,1,
2468,True,673.03,1048576,1,
2470,True,670.28,1048576,1,
2467,True,680.37,1048576,1,
2474,True,698.45,1048576,1,
2475,True,699.06,1048576,1,
2476,True,699.37,1048576,1,
2478,True,696.64,1048576,1,
2473,True,709.11,1048576,1,
2480,True,695.80,1048576,1,
2477,True,706.00,1048576,1,
2479,True,704.25,1048576,1,
2482,True,730.20,1048576,1,
2487,True,720.95,1048576,1,
2481,True,737.19,1048576,1,
2486,True,732.57,1048576,1,
2483,True,741.55,1048576,1,
2484,True,742.04,1048576,1,
2488,True,734.97,1048576,1,
2485,True,744.63,1048576,1,
2492,True,642.23,1048576,1,
2490,True,656.86,1048576,1,
2495,True,642.80,1048576,1,
2491,True,659.31,1048576,1,
2494,True,653.49,1048576,1,
2493,True,659.24,1048576,1,
2496,True,655.47,1048576,1,
2489,True,681.56,1048576,1,
2497,True,634.32,1048576,1,
2500,True,638.21,1048576,1,
2498,True,645.71,1048576,1,
2501,True,637.73,1048576,1,
2499,True,652.58,1048576,1,
2504,True,634.89,1048576,1,
2502,True,646.77,1048576,1,
2503,True,648.63,1048576,1,
2505,True,1231.44,1048576,1,
2506,True,1219.76,1048576,1,
2510,True,1208.05,1048576,1,
2509,True,1213.43,1048576,1,
2507,True,1228.13,1048576,1,
2511,True,1215.91,1048576,1,
2508,True,1231.63,1048576,1,
2512,True,1219.08,1048576,1,
2515,True,797.06,1048576,1,
2520,True,780.54,1048576,1,
2516,True,801.10,1048576,1,
2513,True,811.88,1048576,1,
2517,True,800.74,1048576,1,
2518,True,799.76,1048576,1,
2514,True,815.96,1048576,1,
2519,True,803.97,1048576,1,
2521,True,701.79,1048576,1,
2522,True,703.44,1048576,1,
2527,True,693.19,1048576,1,
2525,True,700.61,1048576,1,
2523,True,708.48,1048576,1,
2526,True,707.59,1048576,1,
2524,True,716.27,1048576,1,
2528,True,707.04,1048576,1,
2536,True,845.82,1048576,1,
2533,True,860.58,1048576,1,
2529,True,877.72,1048576,1,
2534,True,861.11,1048576,1,
2530,True,878.26,1048576,1,
2532,True,877.39,1048576,1,
2535,True,867.07,1048576,1,
2531,True,885.02,1048576,1,
2537,True,803.65,1048576,1,
2540,True,798.87,1048576,1,
2542,True,794.67,1048576,1,
2544,True,792.64,1048576,1,
2541,True,805.76,1048576,1,
2539,True,816.38,1048576,1,
2538,True,823.00,1048576,1,
2543,True,810.50,1048576,1,
2549,True,756.56,1048576,1,
2546,True,767.77,1048576,1,
2551,True,752.13,1048576,1,
2550,True,758.47,1048576,1,
2548,True,768.98,1048576,1,
2547,True,776.56,1048576,1,
2545,True,785.97,1048576,1,
2552,True,766.75,1048576,1,
2553,True,722.29,1048576,1,
2555,True,720.64,1048576,1,
2557,True,718.79,1048576,1,
2556,True,723.07,1048576,1,
2560,True,710.24,1048576,1,
2558,True,720.72,1048576,1,
2559,True,719.96,1048576,1,
2554,True,744.36,1048576,1,
2567,True,696.58,1048576,1,
2561,True,713.47,1048576,1,
2568,True,691.53,1048576,1,
2563,True,713.61,1048576,1,
2566,True,710.59,1048576,1,
2565,True,715.68,1048576,1,
2562,True,727.32,1048576,1,
2564,True,726.06,1048576,1,
2572,True,721.78,1048576,1,
2575,True,714.41,1048576,1,
2569,True,737.32,1048576,1,
2576,True,716.50,1048576,1,
2571,True,736.67,1048576,1,
2573,True,733.31,1048576,1,
2570,True,745.85,1048576,1,
2574,True,738.60,1048576,1,
2579,True,841.76,1048576,1,
2577,True,851.22,1048576,1,
2578,True,850.74,1048576,1,
2582,True,842.50,1048576,1,
2584,True,837.83,1048576,1,
2583,True,847.10,1048576,1,
2581,True,856.59,1048576,1,
2580,True,863.99,1048576,1,
2586,True,739.49,1048576,1,
2588,True,735.09,1048576,1,
2587,True,741.72,1048576,1,
2589,True,736.42,1048576,1,
2591,True,733.97,1048576,1,
2590,True,738.87,1048576,1,
2585,True,757.68,1048576,1,
2592,True,737.82,1048576,1,
2598,True,705.96,1048576,1,
2597,True,711.39,1048576,1,
2596,True,717.60,1048576,1,
2600,True,707.56,1048576,1,
2593,True,731.05,1048576,1,
2595,True,727.94,1048576,1,
2594,True,732.47,1048576,1,
2599,True,725.30,1048576,1,
2607,True,690.33,1048576,1,
2601,True,708.54,1048576,1,
2602,True,711.05,1048576,1,
2608,True,694.39,1048576,1,
2606,True,705.56,1048576,1,
2604,True,713.37,1048576,1,
2605,True,713.60,1048576,1,
2603,True,723.94,1048576,1,
2609,True,695.17,1048576,1,
2616,True,673.59,1048576,1,
2615,True,682.38,1048576,1,
2610,True,700.93,1048576,1,
2611,True,699.44,1048576,1,
2612,True,701.91,1048576,1,
2613,True,703.95,1048576,1,
2614,True,711.36,1048576,1,
2618,True,2007.89,1048576,1,
2617,True,2014.81,1048576,1,
2619,True,2011.23,1048576,1,
2622,True,2002.52,1048576,1,
2623,True,2000.89,1048576,1,
2624,True,1993.23,1048576,1,
2621,True,2016.87,1048576,1,
2620,True,2024.22,1048576,1,
2626,True,1140.79,1048576,1,
2629,True,1134.79,1048576,1,
2631,True,1130.94,1048576,1,
2625,True,1155.04,1048576,1,
2632,True,1135.02,1048576,1,
2630,True,1145.67,1048576,1,
2628,True,1154.17,1048576,1,
2627,True,1159.15,1048576,1,
2638,True,758.61,1048576,1,
2639,True,758.02,1048576,1,
2635,True,775.34,1048576,1,
2636,True,772.63,1048576,1,
2634,True,783.24,1048576,1,
2637,True,774.62,1048576,1,
2633,True,789.17,1048576,1,
2640,True,772.79,1048576,1,
2644,True,696.61,1048576,1,
2645,True,695.50,1048576,1,
2641,True,708.15,1048576,1,
2642,True,709.24,1048576,1,
2643,True,710.02,1048576,1,
2646,True,705.14,1048576,1,
2647,True,707.57,1048576,1,
2648,True,704.34,1048576,1,
2653,True,680.17,1048576,1,
2651,True,689.18,1048576,1,
2652,True,687.54,1048576,1,
2654,True,683.96,1048576,1,
2650,True,697.69,1048576,1,
2649,True,704.74,1048576,1,
2655,True,688.55,1048576,1,
2656,True,690.30,1048576,1,
2663,True,659.88,1048576,1,
2660,True,671.80,1048576,1,
2657,True,680.69,1048576,1,
2661,True,671.36,1048576,1,
2658,True,683.29,1048576,1,
2664,True,668.45,1048576,1,
2662,True,675.88,1048576,1,
2659,True,688.85,1048576,1,
2670,True,696.59,1048576,1,
2671,True,697.47,1048576,1,
2667,True,708.16,1048576,1,
2668,True,708.07,1048576,1,
2672,True,699.89,1048576,1,
2665,True,719.68,1048576,1,
2666,True,719.05,1048576,1,
2669,True,712.95,1048576,1,
2676,True,642.34,1048576,1,
2680,True,638.08,1048576,1,
2674,True,651.69,1048576,1,
2675,True,652.30,1048576,1,
2678,True,648.17,1048576,1,
2679,True,649.48,1048576,1,
2677,True,657.37,1048576,1,
2673,True,669.21,1048576,1,
2686,True,658.59,1048576,1,
2685,True,662.76,1048576,1,
2687,True,657.74,1048576,1,
2681,True,676.40,1048576,1,
2683,True,673.66,1048576,1,
2688,True,660.53,1048576,1,
2684,True,674.69,1048576,1,
2682,True,687.83,1048576,1,
2695,True,643.54,1048576,1,
2689,True,657.21,1048576,1,
2696,True,639.62,1048576,1,
2693,True,657.82,1048576,1,
2690,True,667.38,1048576,1,
2691,True,668.23,1048576,1,
2694,True,665.31,1048576,1,
2692,True,673.11,1048576,1,
2699,True,759.13,1048576,1,
2698,True,763.83,1048576,1,
2701,True,755.87,1048576,1,
2697,True,774.48,1048576,1,
2702,True,759.76,1048576,1,
2700,True,768.22,1048576,1,
2703,True,760.89,1048576,1,
2704,True,768.60,1048576,1,
2705,True,652.82,1048576,1,
2710,True,639.96,1048576,1,
2708,True,646.61,1048576,1,
2706,True,657.94,1048576,1,
2709,True,649.28,1048576,1,
2707,True,659.33,1048576,1,
2711,True,651.75,1048576,1,
2712,True,642.38,1048576,1,
2720,True,1253.99,1048576,1,
2719,True,1258.16,1048576,1,
2714,True,1272.82,1048576,1,
2713,True,1277.15,1048576,1,
2718,True,1265.87,1048576,1,
2717,True,1270.83,1048576,1,
2716,True,1276.12,1048576,1,
2715,True,1280.53,1048576,1,
2724,True,911.08,1048576,1,
2728,True,905.11,1048576,1,
2723,True,916.97,1048576,1,
2727,True,911.16,1048576,1,
2726,True,916.40,1048576,1,
2722,True,925.97,1048576,1,
2725,True,927.62,1048576,1,
2721,True,937.26,1048576,1,
2732,True,1341.61,1048576,1,
2731,True,1346.94,1048576,1,
2729,True,1352.96,1048576,1,
2736,True,1333.88,1048576,1,
2734,True,1346.38,1048576,1,
2730,True,1357.82,1048576,1,
2733,True,1352.82,1048576,1,
2735,True,1346.77,1048576,1,
2738,True,786.77,1048576,1,
2740,True,785.08,1048576,1,
2743,True,780.73,1048576,1,
2741,True,786.87,1048576,1,
2744,True,782.29,1048576,1,
2739,True,797.66,1048576,1,
2742,True,792.85,1048576,1,
2737,True,807.16,1048576,1,
2748,True,713.05,1048576,1,
2751,True,707.15,1048576,1,
2752,True,706.69,1048576,1,
2749,True,717.44,1048576,1,
2746,True,727.69,1048576,1,
2745,True,732.94,1048576,1,
2750,True,722.41,1048576,1,
2747,True,733.89,1048576,1,
2755,True,677.71,1048576,1,
2756,True,677.35,1048576,1,
2757,True,676.71,1048576,1,
2754,True,686.92,1048576,1,
2758,True,677.98,1048576,1,
2759,True,677.28,1048576,1,
2760,True,675.80,1048576,1,
2753,True,697.43,1048576,1,
2764,True,719.01,1048576,1,
2768,True,713.34,1048576,1,
2763,True,726.51,1048576,1,
2762,True,731.00,1048576,1,
2761,True,735.30,1048576,1,
2767,True,725.76,1048576,1,
2765,True,731.45,1048576,1,
2766,True,733.08,1048576,1,
2775,True,968.36,1048576,1,
2770,True,981.92,1048576,1,
2773,True,976.82,1048576,1,
2776,True,970.79,1048576,1,
2769,True,990.69,1048576,1,
2772,True,984.94,1048576,1,
2774,True,982.82,1048576,1,
2771,True,990.80,1048576,1,
2783,True,646.56,1048576,1,
2781,True,653.58,1048576,1,
2780,True,658.85,1048576,1,
2778,True,665.25,1048576,1,
2777,True,670.80,1048576,1,
2782,True,666.37,1048576,1,
2779,True,676.17,1048576,1,
2784,True,672.45,1048576,1,
2789,True,769.07,1048576,1,
2787,True,777.53,1048576,1,
2788,True,776.81,1048576,1,
2785,True,788.54,1048576,1,
2791,True,770.43,1048576,1,
2790,True,776.67,1048576,1,
2786,True,793.69,1048576,1,
2792,True,774.73,1048576,1,
2800,True,1149.16,1048576,1,
2795,True,1168.37,1048576,1,
2799,True,1159.29,1048576,1,
2796,True,1170.44,1048576,1,
2794,True,1177.32,1048576,1,
2797,True,1170.84,1048576,1,
2798,True,1174.89,1048576,1,
2793,True,1190.93,1048576,1,
2804,True,817.33,1048576,1,
2807,True,809.69,1048576,1,
2803,True,826.69,1048576,1,
2805,True,825.53,1048576,1,
2808,True,822.45,1048576,1,
2802,True,843.35,1048576,1,
2801,True,847.98,1048576,1,
2806,True,840.38,1048576,1,
2809,True,1699.94,1048576,1,
2810,True,1700.10,1048576,1,
2814,True,1686.18,1048576,1,
2815,True,1686.76,1048576,1,
2816,True,1686.52,1048576,1,
2811,True,1710.44,1048576,1,
2812,True,1709.05,1048576,1,
2813,True,1707.49,1048576,1,
2817,True,748.36,1048576,1,
2824,True,726.69,1048576,1,
2823,True,737.02,1048576,1,
2818,True,755.45,1048576,1,
2822,True,745.33,1048576,1,
2819,True,757.26,1048576,1,
2820,True,757.34,1048576,1,
2821,True,756.79,1048576,1,
2825,True,699.80,1048576,1,
2829,True,688.04,1048576,1,
2830,True,687.55,1048576,1,
2827,True,698.89,1048576,1,
2831,True,690.82,1048576,1,
2832,True,689.30,1048576,1,
2828,True,703.83,1048576,1,
2826,True,712.38,1048576,1,
2838,True,697.65,1048576,1,
2835,True,707.91,1048576,1,
2839,True,700.31,1048576,1,
2836,True,709.20,1048576,1,
2834,True,715.90,1048576,1,
2840,True,702.65,1048576,1,
2837,True,711.21,1048576,1,
2833,True,724.39,1048576,1,
2841,True,891.50,1048576,1,
2842,True,891.11,1048576,1,
2845,True,887.78,1048576,1,
2847,True,886.92,1048576,1,
2848,True,888.11,1048576,1,
2844,True,898.07,1048576,1,
2843,True,901.74,1048576,1,
2846,True,901.49,1048576,1,
2854,True,687.82,1048576,1,
2856,True,683.41,1048576,1,
2855,True,690.77,1048576,1,
2850,True,706.42,1048576,1,
2849,True,710.02,1048576,1,
2852,True,705.47,1048576,1,
2851,True,709.82,1048576,1,
2853,True,706.21,1048576,1,
2859,True,679.59,1048576,1,
2863,True,674.05,1048576,1,
2860,True,681.86,1048576,1,
2861,True,682.54,1048576,1,
2864,True,677.75,1048576,1,
2858,True,694.58,1048576,1,
2862,True,688.62,1048576,1,
2857,True,702.13,1048576,1,
2866,True,792.31,1048576,1,
2871,True,782.05,1048576,1,
2869,True,790.28,1048576,1,
2872,True,786.94,1048576,1,
2865,True,806.93,1048576,1,
2870,True,798.07,1048576,1,
2867,True,809.08,1048576,1,
2868,True,809.47,1048576,1,
2873,True,681.40,1048576,1,
2876,True,673.68,1048576,1,
2879,True,666.65,1048576,1,
2875,True,683.87,1048576,1,
2874,True,688.79,1048576,1,
2880,True,671.78,1048576,1,
2878,True,680.30,1048576,1,
2877,True,686.23,1048576,1,
2881,True,671.98,1048576,1,
2882,True,673.28,1048576,1,
2884,True,670.98,1048576,1,
2886,True,668.45,1048576,1,
2888,True,665.25,1048576,1,
2887,True,670.04,1048576,1,
2885,True,678.12,1048576,1,
2883,True,686.71,1048576,1,
2890,True,1158.73,1048576,1,
2891,True,1158.82,1048576,1,
2894,True,1155.30,1048576,1,
2889,True,1170.35,1048576,1,
2895,True,1156.69,1048576,1,
2896,True,1156.74,1048576,1,
2893,True,1169.17,1048576,1,
2892,True,1177.12,1048576,1,
2900,True,687.37,1048576,1,
2901,True,686.70,1048576,1,
2902,True,686.55,1048576,1,
2904,True,679.26,1048576,1,
2903,True,687.99,1048576,1,
2897,True,707.69,1048576,1,
2898,True,707.82,1048576,1,
2899,True,709.23,1048576,1,
2907,True,692.30,1048576,1,
2905,True,700.41,1048576,1,
2908,True,695.75,1048576,1,
2912,True,686.23,1048576,1,
2906,True,705.66,1048576,1,
2911,True,694.63,1048576,1,
2910,True,700.17,1048576,1,
2909,True,708.25,1048576,1,
2920,True,728.86,1048576,1,
2914,True,749.79,1048576,1,
2918,True,743.93,1048576,1,
2913,True,759.49,1048576,1,
2917,True,751.74,1048576,1,
2915,True,758.86,1048576,1,
2916,True,760.34,1048576,1,
2919,True,756.53,1048576,1,
2921,True,958.68,1048576,1,
2925,True,947.96,1048576,1,
2923,True,957.49,1048576,1,
2928,True,944.50,1048576,1,
2922,True,965.56,1048576,1,
2926,True,956.89,1048576,1,
2924,True,965.05,1048576,1,
2927,True,958.45,1048576,1,
2933,True,736.37,1048576,1,
2930,True,747.03,1048576,1,
2931,True,746.72,1048576,1,
2932,True,747.59,1048576,1,
2935,True,741.61,1048576,1,
2929,True,760.00,1048576,1,
2934,True,748.69,1048576,1,
2936,True,746.84,1048576,1,
2940,True,720.87,1048576,1,
2939,True,726.56,1048576,1,
2943,True,719.85,1048576,1,
2944,True,718.29,1048576,1,
2938,True,738.65,1048576,1,
2941,True,734.10,1048576,1,
2937,True,746.63,1048576,1,
2942,True,736.61,1048576,1,
2945,True,735.38,1048576,1,
2949,True,725.91,1048576,1,
2948,True,732.51,1048576,1,
2950,True,727.61,1048576,1,
2947,True,739.24,1048576,1,
2951,True,731.06,1048576,1,
2952,True,731.46,1048576,1,
2946,True,752.01,1048576,1,
2953,True,695.16,1048576,1,
2959,True,683.86,1048576,1,
2958,True,690.97,1048576,1,
2960,True,687.62,1048576,1,
2955,True,706.84,1048576,1,
2957,True,704.35,1048576,1,
2956,True,709.04,1048576,1,
2954,True,720.44,1048576,1,
2967,True,1095.33,1048576,1,
2965,True,1102.70,1048576,1,
2961,True,1121.26,1048576,1,
2966,True,1106.50,1048576,1,
2964,True,1116.37,1048576,1,
2963,True,1122.23,1048576,1,
2962,True,1129.15,1048576,1,
2968,True,1108.20,1048576,1,
2971,True,778.37,1048576,1,
2974,True,772.92,1048576,1,
2972,True,780.95,1048576,1,
2975,True,776.22,1048576,1,
2976,True,778.41,1048576,1,
2973,True,789.66,1048576,1,
2970,True,802.26,1048576,1,
2969,True,807.33,1048576,1,
2978,True,693.10,1048576,1,
2979,True,691.74,1048576,1,
2984,True,677.77,1048576,1,
2983,True,683.21,1048576,1,
2981,True,692.94,1048576,1,
2982,True,695.09,1048576,1,
2980,True,739.96,1048576,1,
2977,True,746.42,1048576,1,
2988,True,1265.13,1048576,1,
2991,True,1220.87,1048576,1,
2987,True,1273.08,1048576,1,
2992,True,1222.93,1048576,1,
2986,True,1281.44,1048576,1,
2990,True,1257.91,1048576,1,
2985,True,1289.77,1048576,1,
2989,True,1286.42,1048576,1,
2997,True,759.65,1048576,1,
2999,True,755.76,1048576,1,
2998,True,762.54,1048576,1,
2995,True,772.49,1048576,1,
2996,True,772.15,1048576,1,
2994,True,780.50,1048576,1,
3000,True,761.67,1048576,1,
2993,True,788.43,1048576,1,
3004,True,794.47,1048576,1,
3005,True,794.79,1048576,1,
3008,True,789.96,1048576,1,
3007,True,794.42,1048576,1,
3003,True,808.20,1048576,1,
3001,True,815.55,1048576,1,
3006,True,805.44,1048576,1,
3002,True,817.94,1048576,1,
3016,True,884.41,1048576,1,
3015,True,889.05,1048576,1,
3013,True,897.53,1048576,1,
3014,True,897.81,1048576,1,
3010,True,911.54,1048576,1,
3012,True,908.51,1048576,1,
3009,True,922.66,1048576,1,
3011,True,926.52,1048576,1,
3019,True,749.61,1048576,1,
3017,True,759.78,1048576,1,
3021,True,750.24,1048576,1,
3020,True,757.04,1048576,1,
3023,True,748.01,1048576,1,
3024,True,742.42,1048576,1,
3018,True,772.99,1048576,1,
3022,True,767.45,1048576,1,
3028,True,855.02,1048576,1,
3031,True,847.56,1048576,1,
3025,True,869.59,1048576,1,
3027,True,865.87,1048576,1,
3032,True,848.80,1048576,1,
3030,True,860.35,1048576,1,
3026,True,877.08,1048576,1,
3029,True,874.05,1048576,1,
3040,True,776.30,1048576,1,
3036,True,808.72,1048576,1,
3033,True,826.02,1048576,1,
3039,True,827.79,1048576,1,
3034,True,939.17,1048576,1,
3035,True,951.27,1048576,1,
3037,True,981.27,1048576,1,
3038,True,1086.07,1048576,1,
3041,True,844.76,1048576,1,
3042,True,832.98,1048576,1,
3043,True,826.94,1048576,1,
3044,True,813.08,1048576,1,
3045,True,720.56,1048576,1,
3046,True,710.48,1048576,1,
3047,True,687.36,1048576,1,
3048,True,637.42,1048576,1,
3052,True,857.91,1048576,1,
3049,True,891.78,1048576,1,
3053,True,914.65,1048576,1,
3051,True,948.77,1048576,1,
3056,True,881.20,1048576,1,
3050,True,1013.77,1048576,1,
3055,True,1035.96,1048576,1,
3054,True,1100.61,1048576,1,
3057,True,815.13,1048576,1,
3058,True,807.51,1048576,1,
3059,True,774.09,1048576,1,
3060,True,753.76,1048576,1,
3062,True,697.47,1048576,1,
3061,True,756.13,1048576,1,
3063,True,695.15,1048576,1,
3064,True,665.31,1048576,1,
3065,True,1895.39,1048576,1,
3069,True,1869.32,1048576,1,
3066,True,1888.18,1048576,1,
3067,True,1887.44,1048576,1,
3068,True,1886.32,1048576,1,
3070,True,1870.88,1048576,1,
3071,True,1837.89,1048576,1,
3072,True,1822.36,1048576,1,
3074,True,815.26,1048576,1,
3077,True,807.45,1048576,1,
3080,True,797.07,1048576,1,
3079,True,807.39,1048576,1,
3076,True,819.07,1048576,1,
3075,True,826.21,1048576,1,
3078,True,819.11,1048576,1,
3073,True,841.57,1048576,1,
3087,True,772.06,1048576,1,
3085,True,781.16,1048576,1,
3082,True,792.64,1048576,1,
3081,True,800.33,1048576,1,
3084,True,795.33,1048576,1,
3086,True,792.34,1048576,1,
3083,True,803.84,1048576,1,
3088,True,793.83,1048576,1,
3091,True,2045.31,1048576,1,
3093,True,2039.94,1048576,1,
3095,True,2035.90,1048576,1,
3090,True,2055.39,1048576,1,
3096,True,2036.79,1048576,1,
3092,True,2053.58,1048576,1,
3089,True,2065.61,1048576,1,
3094,True,2052.54,1048576,1,
3102,True,1220.29,1048576,1,
3099,True,1230.46,1048576,1,
3101,True,1227.76,1048576,1,
3100,True,1232.39,1048576,1,
3097,True,1242.19,1048576,1,
3098,True,1241.53,1048576,1,
3103,True,1234.21,1048576,1,
3104,True,1234.36,1048576,1,
3111,True,762.88,1048576,1,
3109,True,772.04,1048576,1,
3108,True,777.11,1048576,1,
3105,True,787.08,1048576,1,
3110,True,778.11,1048576,1,
3106,True,791.62,1048576,1,
3107,True,791.88,1048576,1,
3112,True,780.38,1048576,1,
3115,True,758.90,1048576,1,
3120,True,745.48,1048576,1,
3118,True,754.72,1048576,1,
3116,True,765.24,1048576,1,
3117,True,765.87,1048576,1,
3119,True,760.96,1048576,1,
3114,True,781.85,1048576,1,
3113,True,792.77,1048576,1,
3124,True,783.06,1048576,1,
3125,True,782.22,1048576,1,
3123,True,790.69,1048576,1,
3127,True,779.56,1048576,1,
3126,True,787.85,1048576,1,
3128,True,779.57,1048576,1,
3122,True,809.63,1048576,1,
3121,True,817.31,1048576,1,
3129,True,744.09,1048576,1,
3136,True,722.28,1048576,1,
3135,True,730.87,1048576,1,
3131,True,749.88,1048576,1,
3130,True,756.70,1048576,1,
3134,True,746.45,1048576,1,
3133,True,757.76,1048576,1,
3132,True,764.28,1048576,1,
3137,True,797.80,1048576,1,
3138,True,798.21,1048576,1,
3139,True,799.76,1048576,1,
3144,True,781.18,1048576,1,
3143,True,789.57,1048576,1,
3140,True,804.87,1048576,1,
3141,True,803.29,1048576,1,
3142,True,802.50,1048576,1,
3149,True,790.40,1048576,1,
3145,True,807.63,1048576,1,
3151,True,790.44,1048576,1,
3152,True,788.73,1048576,1,
3150,True,798.20,1048576,1,
3148,True,807.32,1048576,1,
3146,True,817.35,1048576,1,
3147,True,821.24,1048576,1,
3153,True,1012.37,1048576,1,
3157,True,1007.66,1048576,1,
3156,True,1015.29,1048576,1,
3158,True,1015.08,1048576,1,
3155,True,1027.58,1048576,1,
3159,True,1019.93,1048576,1,
3154,True,1037.67,1048576,1,
3160,True,1022.07,1048576,1,
3164,True,782.28,1048576,1,
3163,True,790.69,1048576,1,
3168,True,769.23,1048576,1,
3167,True,778.59,1048576,1,
3165,True,791.64,1048576,1,
3166,True,791.44,1048576,1,
3162,True,811.11,1048576,1,
3161,True,819.56,1048576,1,
3172,True,781.17,1048576,1,
3173,True,778.09,1048576,1,
3170,True,791.87,1048576,1,
3171,True,792.24,1048576,1,
3169,True,799.07,1048576,1,
3175,True,784.60,1048576,1,
3176,True,786.70,1048576,1,
3174,True,795.71,1048576,1,
3177,True,777.92,1048576,1,
3184,True,757.50,1048576,1,
3181,True,772.53,1048576,1,
3178,True,781.56,1048576,1,
3179,True,780.92,1048576,1,
3182,True,774.34,1048576,1,
3183,True,771.60,1048576,1,
3180,True,786.14,1048576,1,
3186,True,806.63,1048576,1,
3187,True,808.75,1048576,1,
3188,True,810.26,1048576,1,
3185,True,819.14,1048576,1,
3190,True,812.22,1048576,1,
3189,True,819.34,1048576,1,
3191,True,820.74,1048576,1,
3192,True,824.83,1048576,1,
3193,True,798.78,1048576,1,
3195,True,793.63,1048576,1,
3199,True,780.02,1048576,1,
3198,True,788.60,1048576,1,
3194,True,806.17,1048576,1,
3196,True,802.25,1048576,1,
3200,True,783.47,1048576,1,
3197,True,810.23,1048576,1,
3205,True,821.42,1048576,1,
3203,True,829.52,1048576,1,
3207,True,820.56,1048576,1,
3204,True,832.44,1048576,1,
3201,True,843.34,1048576,1,
3206,True,831.95,1048576,1,
3202,True,847.03,1048576,1,
3208,True,825.66,1048576,1,
3209,True,759.22,1048576,1,
3213,True,751.52,1048576,1,
3214,True,752.20,1048576,1,
3211,True,763.16,1048576,1,
3215,True,755.18,1048576,1,
3212,True,766.90,1048576,1,
3210,True,777.37,1048576,1,
3216,True,765.47,1048576,1,
3218,True,810.45,1048576,1,
3224,True,791.27,1048576,1,
3217,True,819.28,1048576,1,
3220,True,814.57,1048576,1,
3219,True,821.17,1048576,1,
3222,True,813.93,1048576,1,
3223,True,813.04,1048576,1,
3221,True,824.80,1048576,1,
3227,True,725.35,1048576,1,
3230,True,718.16,1048576,1,
3226,True,733.90,1048576,1,
3228,True,729.44,1048576,1,
3229,True,729.34,1048576,1,
3232,True,721.13,1048576,1,
3225,True,747.51,1048576,1,
3231,True,731.83,1048576,1,
3238,True,759.12,1048576,1,
3237,True,764.24,1048576,1,
3233,True,778.43,1048576,1,
3239,True,764.40,1048576,1,
3234,True,781.57,1048576,1,
3236,True,778.99,1048576,1,
3235,True,785.14,1048576,1,
3240,True,774.67,1048576,1,
3245,True,1969.11,1048576,1,
3243,True,1979.30,1048576,1,
3246,True,1973.58,1048576,1,
3247,True,1971.95,1048576,1,
3241,True,1991.65,1048576,1,
3242,True,1992.98,1048576,1,
3248,True,1977.77,1048576,1,
3244,True,1993.16,1048576,1,
3251,True,719.90,1048576,1,
3256,True,707.72,1048576,1,
3250,True,727.14,1048576,1,
3249,True,734.19,1048576,1,
3254,True,723.38,1048576,1,
3252,True,732.59,1048576,1,
3253,True,737.03,1048576,1,
3255,True,732.11,1048576,1,
3257,True,755.50,1048576,1,
3259,True,763.31,1048576,1,
3264,True,745.88,1048576,1,
3263,True,751.40,1048576,1,
3260,True,768.26,1048576,1,
3262,True,763.64,1048576,1,
3261,True,769.37,1048576,1,
3258,True,782.14,1048576,1,
3268,True,1358.11,1048576,1,
3269,True,1357.82,1048576,1,
3270,True,1356.91,1048576,1,
3272,True,1353.31,1048576,1,
3267,True,1370.33,1048576,1,
3271,True,1365.26,1048576,1,
3266,True,1380.58,1048576,1,
3265,True,1395.80,1048576,1,
3278,True,1266.43,1048576,1,
3274,True,1281.63,1048576,1,
3276,True,1279.95,1048576,1,
3279,True,1271.20,1048576,1,
3275,True,1286.42,1048576,1,
3280,True,1274.24,1048576,1,
3273,True,1296.33,1048576,1,
3277,True,1289.26,1048576,1,
3283,True,697.61,1048576,1,
3282,True,703.47,1048576,1,
3281,True,708.59,1048576,1,
3285,True,702.20,1048576,1,
3287,True,699.44,1048576,1,
3284,True,710.49,1048576,1,
3288,True,703.87,1048576,1,
3286,True,711.08,1048576,1,
3289,True,693.86,1048576,1,
3291,True,690.19,1048576,1,
3292,True,690.10,1048576,1,
3290,True,697.20,1048576,1,
3294,True,687.93,1048576,1,
3293,True,693.03,1048576,1,
3295,True,688.13,1048576,1,
3296,True,689.49,1048576,1,
3302,True,718.53,1048576,1,
3303,True,718.49,1048576,1,
3299,True,728.24,1048576,1,
3298,True,733.40,1048576,1,
3297,True,737.85,1048576,1,
3300,True,733.27,1048576,1,
3301,True,733.66,1048576,1,
3304,True,733.74,1048576,1,
3312,True,710.49,1048576,1,
3310,True,722.62,1048576,1,
3307,True,731.48,1048576,1,
3308,True,732.42,1048576,1,
3311,True,727.13,1048576,1,
3305,True,744.01,1048576,1,
3306,True,744.46,1048576,1,
3309,True,740.28,1048576,1,
3316,True,712.00,1048576,1,
3314,True,719.23,1048576,1,
3318,True,710.83,1048576,1,
3320,True,708.85,1048576,1,
3315,True,723.52,1048576,1,
3319,True,714.90,1048576,1,
3313,True,732.24,1048576,1,
3317,True,724.61,1048576,1,
3321,True,715.06,1048576,1,
3326,True,709.01,1048576,1,
3322,True,747.58,1048576,1,
3327,True,750.37,1048576,1,
3328,True,753.02,1048576,1,
3323,True,775.58,1048576,1,
3324,True,778.47,1048576,1,
3325,True,814.24,1048576,1,
3329,True,747.39,1048576,1,
3330,True,746.06,1048576,1,
3331,True,718.57,1048576,1,
3333,True,703.43,1048576,1,
3332,True,710.55,1048576,1,
3335,True,692.81,1048576,1,
3334,True,700.65,1048576,1,
3336,True,661.91,1048576,1,
3337,True,616.37,1048576,1,
3339,True,613.19,1048576,1,
3340,True,613.29,1048576,1,
3341,True,612.68,1048576,1,
3342,True,610.51,1048576,1,
3343,True,610.07,1048576,1,
3338,True,627.06,1048576,1,
3344,True,607.84,1048576,1,
3347,True,718.23,1048576,1,
3350,True,716.57,1048576,1,
3346,True,728.20,1048576,1,
3351,True,721.03,1048576,1,
3345,True,738.99,1048576,1,
3348,True,733.77,1048576,1,
3349,True,734.18,1048576,1,
3352,True,731.94,1048576,1,
3353,True,852.23,1048576,1,
3360,True,834.07,1048576,1,
3357,True,844.37,1048576,1,
3354,True,857.34,1048576,1,
3359,True,844.99,1048576,1,
3358,True,849.11,1048576,1,
3355,True,861.58,1048576,1,
3356,True,860.10,1048576,1,
3365,True,793.60,1048576,1,
3366,True,793.33,1048576,1,
3363,True,802.25,1048576,1,
3368,True,793.05,1048576,1,
3367,True,797.21,1048576,1,
3362,True,813.00,1048576,1,
3361,True,819.57,1048576,1,
3364,True,811.29,1048576,1,
3370,True,749.22,1048576,1,
3371,True,750.68,1048576,1,
3369,True,757.53,1048576,1,
3373,True,752.89,1048576,1,
3372,True,756.76,1048576,1,
3374,True,752.43,1048576,1,
3375,True,753.32,1048576,1,
3376,True,754.65,1048576,1,
3383,True,729.96,1048576,1,
3378,True,744.42,1048576,1,
3380,True,740.60,1048576,1,
3382,True,738.69,1048576,1,
3384,True,735.61,1048576,1,
3377,True,755.99,1048576,1,
3379,True,752.94,1048576,1,
3381,True,750.19,1048576,1,
3387,True,672.48,1048576,1,
3386,True,676.45,1048576,1,
3389,True,672.69,1048576,1,
3388,True,678.31,1048576,1,
3391,True,674.14,1048576,1,
3392,True,675.81,1048576,1,
3390,True,683.58,1048576,1,
3385,True,696.55,1048576,1,
3399,True,670.42,1048576,1,
3400,True,670.15,1048576,1,
3394,True,690.17,1048576,1,
3393,True,695.05,1048576,1,
3398,True,682.56,1048576,1,
3395,True,695.11,1048576,1,
3397,True,690.36,1048576,1,
3396,True,695.99,1048576,1,
3405,True,731.56,1048576,1,
3402,True,741.53,1048576,1,
3408,True,730.63,1048576,1,
3406,True,737.44,1048576,1,
3403,True,747.79,1048576,1,
3401,True,756.04,1048576,1,
3404,True,751.69,1048576,1,
3407,True,748.42,1048576,1,
3409,True,2492.48,1048576,1,
3410,True,2493.39,1048576,1,
3413,True,2487.83,1048576,1,
3412,True,2492.86,1048576,1,
3414,True,2488.85,1048576,1,
3411,True,2501.90,1048576,1,
3416,True,2488.91,1048576,1,
3415,True,2495.96,1048576,1,
3421,True,698.18,1048576,1,
3424,True,691.87,1048576,1,
3418,True,713.40,1048576,1,
3420,True,710.66,1048576,1,
3417,True,721.47,1048576,1,
3419,True,718.25,1048576,1,
3423,True,710.18,1048576,1,
3422,True,718.73,1048576,1,
3426,True,722.96,1048576,1,
3425,True,729.38,1048576,1,
3427,True,724.64,1048576,1,
3430,True,719.24,1048576,1,
3429,True,724.29,1048576,1,
3432,True,714.53,1048576,1,
3428,True,733.11,1048576,1,
3431,True,729.51,1048576,1,
3434,True,714.60,1048576,1,
3437,True,709.90,1048576,1,
3438,True,709.29,1048576,1,
3436,True,716.43,1048576,1,
3440,True,704.94,1048576,1,
3433,True,728.17,1048576,1,
3439,True,714.53,1048576,1,
3435,True,727.76,1048576,1,
3446,True,621.98,1048576,1,
3442,True,633.03,1048576,1,
3447,True,623.94,1048576,1,
3444,True,634.13,1048576,1,
3441,True,642.35,1048576,1,
3443,True,639.88,1048576,1,
3448,True,632.99,1048576,1,
3445,True,641.87,1048576,1,
3451,True,681.57,1048576,1,
3452,True,680.17,1048576,1,
3453,True,680.38,1048576,1,
3450,True,689.55,1048576,1,
3456,True,675.46,1048576,1,
3455,True,679.88,1048576,1,
3454,True,685.71,1048576,1,
3449,True,700.21,1048576,1,
3461,True,630.72,1048576,1,
3459,True,636.45,1048576,1,
3460,True,636.81,1048576,1,
3463,True,633.79,1048576,1,
3464,True,635.60,1048576,1,
3462,True,643.92,1048576,1,
3457,True,655.42,1048576,1,
3458,True,656.04,1048576,1,
3471,True,683.79,1048576,1,
3468,True,696.45,1048576,1,
3465,True,705.50,1048576,1,
3470,True,692.35,1048576,1,
3469,True,698.00,1048576,1,
3467,True,707.41,1048576,1,
3472,True,694.02,1048576,1,
3466,True,713.90,1048576,1,
3474,True,741.35,1048576,1,
3479,True,736.05,1048576,1,
3478,True,740.39,1048576,1,
3473,True,753.94,1048576,1,
3480,True,741.86,1048576,1,
3477,True,752.40,1048576,1,
3475,True,761.68,1048576,1,
3476,True,766.92,1048576,1,
3481,True,687.65,1048576,1,
3485,True,678.97,1048576,1,
3487,True,672.11,1048576,1,
3483,True,689.96,1048576,1,
3482,True,695.38,1048576,1,
3488,True,674.97,1048576,1,
3484,True,700.66,1048576,1,
3486,True,696.16,1048576,1,
3489,True,703.31,1048576,1,
3496,True,680.85,1048576,1,
3494,True,693.38,1048576,1,
3490,True,708.34,1048576,1,
3492,True,706.81,1048576,1,
3491,True,711.42,1048576,1,
3495,True,697.77,1048576,1,
3493,True,710.27,1048576,1,
3500,True,754.89,1048576,1,
3499,True,759.60,1048576,1,
3497,True,769.64,1048576,1,
3503,True,754.19,1048576,1,
3498,True,770.78,1048576,1,
3501,True,764.60,1048576,1,
3504,True,760.83,1048576,1,
3502,True,775.53,1048576,1,
3511,True,1227.54,1048576,1,
3512,True,1218.30,1048576,1,
3509,True,1237.54,1048576,1,
3510,True,1236.56,1048576,1,
3507,True,1247.92,1048576,1,
3505,True,1254.90,1048576,1,
3506,True,1256.23,1048576,1,
3508,True,1256.61,1048576,1,
3516,True,648.61,1048576,1,
3520,True,637.73,1048576,1,
3515,True,657.07,1048576,1,
3518,True,653.12,1048576,1,
3514,True,665.20,1048576,1,
3517,True,661.66,1048576,1,
3513,True,673.97,1048576,1,
3519,True,659.90,1048576,1,
3521,True,748.09,1048576,1,
3523,True,746.42,1048576,1,
3527,True,735.95,1048576,1,
3522,True,754.04,1048576,1,
3526,True,743.99,1048576,1,
3525,True,751.52,1048576,1,
3524,True,755.79,1048576,1,
3528,True,747.96,1048576,1,
3529,True,728.42,1048576,1,
3532,True,721.22,1048576,1,
3536,True,712.36,1048576,1,
3530,True,732.46,1048576,1,
3531,True,733.18,1048576,1,
3534,True,726.42,1048576,1,
3535,True,731.38,1048576,1,
3533,True,747.07,1048576,1,
3537,True,691.12,1048576,1,
3538,True,691.92,1048576,1,
3539,True,689.82,1048576,1,
3540,True,690.14,1048576,1,
3542,True,687.73,1048576,1,
3543,True,685.49,1048576,1,
3544,True,677.95,1048576,1,
3541,True,701.49,1048576,1,
3547,True,791.75,1048576,1,
3545,True,798.46,1048576,1,
3546,True,798.41,1048576,1,
3552,True,783.05,1048576,1,
3549,True,797.61,1048576,1,
3550,True,794.55,1048576,1,
3548,True,806.54,1048576,1,
3551,True,800.34,1048576,1,
3553,True,737.61,1048576,1,
3556,True,731.38,1048576,1,
3559,True,724.75,1048576,1,
3555,True,739.79,1048576,1,
3560,True,725.09,1048576,1,
3558,True,737.40,1048576,1,
3557,True,742.50,1048576,1,
3554,True,754.41,1048576,1,
3563,True,734.74,1048576,1,
3562,True,739.33,1048576,1,
3564,True,737.16,1048576,1,
3565,True,735.58,1048576,1,
3561,True,748.35,1048576,1,
3568,True,734.02,1048576,1,
3566,True,742.90,1048576,1,
3567,True,744.06,1048576,1,
3571,True,667.73,1048576,1,
3569,True,675.51,1048576,1,
3570,True,677.43,1048576,1,
3575,True,667.06,1048576,1,
3576,True,665.39,1048576,1,
3573,True,681.19,1048576,1,
3572,True,686.78,1048576,1,
3574,True,684.12,1048576,1,
3578,True,701.90,1048576,1,
3583,True,686.93,1048576,1,
3581,True,696.15,1048576,1,
3577,True,712.10,1048576,1,
3582,True,695.94,1048576,1,
3580,True,703.90,1048576,1,
3584,True,693.31,1048576,1,
3579,True,714.54,1048576,1,
3588,True,665.41,1048576,1,
3589,True,668.08,1048576,1,
3590,True,668.76,1048576,1,
3587,True,676.51,1048576,1,
3586,True,680.85,1048576,1,
3592,True,669.82,1048576,1,
3585,True,688.58,1048576,1,
3591,True,683.61,1048576,1,
3599,True,607.98,1048576,1,
3595,True,620.44,1048576,1,
3593,True,631.00,1048576,1,
3596,True,625.21,1048576,1,
3597,True,626.42,1048576,1,
3600,True,615.77,1048576,1,
3598,True,630.07,1048576,1,
3594,True,642.41,1048576,1,
3607,True,683.72,1048576,1,
3603,True,702.04,1048576,1,
3602,True,708.16,1048576,1,
3604,True,703.47,1048576,1,
3608,True,694.57,1048576,1,
3601,True,719.55,1048576,1,
3606,True,707.46,1048576,1,
3605,True,712.99,1048576,1,
3613,True,758.73,1048576,1,
3609,True,773.60,1048576,1,
3612,True,765.79,1048576,1,
3615,True,759.07,1048576,1,
3614,True,768.72,1048576,1,
3611,True,780.31,1048576,1,
3610,True,786.27,1048576,1,
3616,True,771.45,1048576,1,
3617,True,706.85,1048576,1,
3620,True,702.82,1048576,1,
3622,True,696.30,1048576,1,
3619,True,711.37,1048576,1,
3623,True,698.15,1048576,1,
3621,True,707.50,1048576,1,
3618,True,720.26,1048576,1,
3624,True,705.13,1048576,1,
3625,True,737.27,1048576,1,
3626,True,736.21,1048576,1,
3630,True,728.49,1048576,1,
3631,True,728.78,1048576,1,
3628,True,738.39,1048576,1,
3632,True,729.08,1048576,1,
3627,True,748.27,1048576,1,
3629,True,744.93,1048576,1,
3633,True,734.71,1048576,1,
3636,True,730.30,1048576,1,
3638,True,726.56,1048576,1,
3637,True,731.65,1048576,1,
3634,True,741.21,1048576,1,
3640,True,730.09,1048576,1,
3639,True,733.45,1048576,1,
3635,True,748.87,1048576,1,
3647,True,644.71,1048576,1,
3644,True,655.60,1048576,1,
3641,True,664.50,1048576,1,
3648,True,648.84,1048576,1,
3642,True,667.27,1048576,1,
3643,True,667.24,1048576,1,
3645,True,665.90,1048576,1,
3646,True,664.51,1048576,1,
3651,True,662.12,1048576,1,
3655,True,654.38,1048576,1,
3652,True,663.55,1048576,1,
3653,True,663.29,1048576,1,
3656,True,657.76,1048576,1,
3649,True,677.62,1048576,1,
3650,True,679.22,1048576,1,
3654,True,673.86,1048576,1,
3660,True,2002.15,1048576,1,
3659,True,2006.41,1048576,1,
3663,True,1997.31,1048576,1,
3658,True,2012.43,1048576,1,
3657,True,2016.20,1048576,1,
3664,True,2000.01,1048576,1,
3662,True,2010.38,1048576,1,
3661,True,2018.57,1048576,1,
3668,True,697.23,1048576,1,
3669,True,698.28,1048576,1,
3670,True,698.99,1048576,1,
3671,True,699.47,1048576,1,
3667,True,711.88,1048576,1,
3666,True,717.14,1048576,1,
3672,True,703.53,1048576,1,
3665,True,726.83,1048576,1,
3673,True,692.63,1048576,1,
3674,True,692.32,1048576,1,
3677,True,684.69,1048576,1,
3679,True,680.49,1048576,1,
3678,True,687.38,1048576,1,
3675,True,699.57,1048576,1,
3680,True,686.72,1048576,1,
3676,True,703.36,1048576,1,
3683,True,1701.79,1048576,1,
3681,True,1708.64,1048576,1,
3686,True,1696.64,1048576,1,
3684,True,1704.41,1048576,1,
3685,True,1702.54,1048576,1,
3687,True,1697.81,1048576,1,
3682,True,1714.26,1048576,1,
3688,True,1698.94,1048576,1,
3695,True,717.09,1048576,1,
3689,True,729.10,1048576,1,
3693,True,724.79,1048576,1,
3696,True,723.12,1048576,1,
3692,True,732.14,1048576,1,
3694,True,730.57,1048576,1,
3690,True,740.64,1048576,1,
3691,True,744.81,1048576,1,
3698,True,734.35,1048576,1,
3703,True,724.12,1048576,1,
3697,True,741.63,1048576,1,
3702,True,731.71,1048576,1,
3704,True,724.22,1048576,1,
3700,True,740.31,1048576,1,
3701,True,740.71,1048576,1,
3699,True,749.06,1048576,1,
3711,True,742.29,1048576,1,
3712,True,742.73,1048576,1,
3705,True,761.94,1048576,1,
3708,True,757.66,1048576,1,
3709,True,757.75,1048576,1,
3706,True,767.67,1048576,1,
3707,True,767.89,1048576,1,
3710,True,763.85,1048576,1,
3713,True,782.34,1048576,1,
3714,True,784.86,1048576,1,
3717,True,780.89,1048576,1,
3716,True,787.10,1048576,1,
3720,True,781.13,1048576,1,
3718,True,790.05,1048576,1,
3719,True,790.08,1048576,1,
3715,True,803.22,1048576,1,
3725,True,1576.98,1048576,1,
3722,True,1591.03,1048576,1,
3724,True,1586.09,1048576,1,
3726,True,1579.50,1048576,1,
3723,True,1594.09,1048576,1,
3728,True,1578.90,1048576,1,
3727,True,1584.36,1048576,1,
3721,True,1610.59,1048576,1,
3730,True,719.96,1048576,1,
3732,True,718.65,1048576,1,
3735,True,715.13,1048576,1,
3734,True,719.75,1048576,1,
3736,True,718.13,1048576,1,
3731,True,732.91,1048576,1,
3733,True,731.47,1048576,1,
3729,True,747.59,1048576,1,
3737,True,722.21,1048576,1,
3738,True,722.32,1048576,1,
3741,True,716.08,1048576,1,
3740,True,722.67,1048576,1,
3739,True,726.17,1048576,1,
3742,True,721.23,1048576,1,
3743,True,721.16,1048576,1,
3744,True,716.48,1048576,1,
3751,True,1348.78,1048576,1,
3747,True,1362.79,1048576,1,
3746,True,1367.96,1048576,1,
3748,True,1364.82,1048576,1,
3745,True,1375.70,1048576,1,
3749,True,1367.32,1048576,1,
3750,True,1366.12,1048576,1,
3752,True,1362.03,1048576,1,
3753,True,703.67,1048576,1,
3757,True,696.98,1048576,1,
3754,True,705.91,1048576,1,
3756,True,703.53,1048576,1,
3759,True,699.53,1048576,1,
3755,True,711.19,1048576,1,
3760,True,701.81,1048576,1,
3758,True,708.19,1048576,1,
3761,True,711.64,1048576,1,
3763,True,711.76,1048576,1,
3766,True,706.52,1048576,1,
3765,True,712.06,1048576,1,
3762,True,722.21,1048576,1,
3764,True,721.35,1048576,1,
3768,True,714.43,1048576,1,
3767,True,723.16,1048576,1,
3773,True,709.02,1048576,1,
3772,True,714.24,1048576,1,
3776,True,700.59,1048576,1,
3775,True,710.15,1048576,1,
3774,True,714.76,1048576,1,
3769,True,733.28,1048576,1,
3771,True,728.35,1048576,1,
3770,True,735.33,1048576,1,
3777,True,2113.72,1048576,1,
3779,True,2112.38,1048576,1,
3782,True,2108.86,1048576,1,
3783,True,2109.29,1048576,1,
3784,True,2107.13,1048576,1,
3780,True,2121.79,1048576,1,
3781,True,2124.77,1048576,1,
3778,True,2136.30,1048576,1,
3791,True,829.18,1048576,1,
3787,True,845.74,1048576,1,
3792,True,830.24,1048576,1,
3790,True,843.49,1048576,1,
3789,True,850.46,1048576,1,
3785,True,863.52,1048576,1,
3786,True,866.25,1048576,1,
3788,True,862.90,1048576,1,
3793,True,677.71,1048576,1,
3795,True,673.83,1048576,1,
3800,True,659.83,1048576,1,
3798,True,670.06,1048576,1,
3797,True,674.96,1048576,1,
3799,True,668.60,1048576,1,
3794,True,687.19,1048576,1,
3796,True,683.23,1048576,1,
3801,True,640.66,1048576,1,
3807,True,629.95,1048576,1,
3804,True,637.87,1048576,1,
3802,True,644.04,1048576,1,
3808,True,634.14,1048576,1,
3806,True,639.01,1048576,1,
3805,True,642.99,1048576,1,
3803,True,650.25,1048576,1,
3816,True,617.18,1048576,1,
3812,True,634.48,1048576,1,
3809,True,642.58,1048576,1,
3814,True,636.34,1048576,1,
3810,True,646.00,1048576,1,
3815,True,639.24,1048576,1,
3813,True,645.60,1048576,1,
3811,True,651.73,1048576,1,
3817,True,691.18,1048576,1,
3820,True,683.68,1048576,1,
3823,True,678.58,1048576,1,
3824,True,676.29,1048576,1,
3822,True,684.22,1048576,1,
3821,True,689.04,1048576,1,
3819,True,696.44,1048576,1,
3818,True,701.77,1048576,1,
3831,True,608.19,1048576,1,
3829,True,613.95,1048576,1,
3825,True,624.04,1048576,1,
3832,True,611.52,1048576,1,
3830,True,619.58,1048576,1,
3826,True,628.78,1048576,1,
3828,True,627.45,1048576,1,
3827,True,631.48,1048576,1,
3839,True,652.30,1048576,1,
3835,True,664.14,1048576,1,
3833,True,669.48,1048576,1,
3834,True,669.59,1048576,1,
3837,True,663.96,1048576,1,
3840,True,658.78,1048576,1,
3836,True,669.97,1048576,1,
3838,True,668.25,1048576,1,
3846,True,670.59,1048576,1,
3841,True,681.17,1048576,1,
3845,True,675.84,1048576,1,
3844,True,679.54,1048576,1,
3847,True,676.68,1048576,1,
3843,True,685.12,1048576,1,
3842,True,688.32,1048576,1,
3848,True,680.48,1048576,1,
3850,True,633.91,1048576,1,
3851,True,633.72,1048576,1,
3854,True,629.81,1048576,1,
3853,True,633.26,1048576,1,
3855,True,632.58,1048576,1,
3856,True,630.95,1048576,1,
3849,True,647.81,1048576,1,
3852,True,644.57,1048576,1,
3862,True,575.22,1048576,1,
3859,True,583.25,1048576,1,
3858,True,587.62,1048576,1,
3860,True,586.44,1048576,1,
3861,True,586.75,1048576,1,
3863,True,584.06,1048576,1,
3857,True,599.11,1048576,1,
3864,True,587.20,1048576,1,
3868,True,690.38,1048576,1,
3865,True,698.89,1048576,1,
3870,True,689.11,1048576,1,
3866,True,700.09,1048576,1,
3871,True,690.01,1048576,1,
3867,True,701.79,1048576,1,
3869,True,697.95,1048576,1,
3872,True,692.84,1048576,1,
3875,True,583.01,1048576,1,
3877,True,580.77,1048576,1,
3873,True,590.27,1048576,1,
3880,True,580.77,1048576,1,
3874,True,594.04,1048576,1,
3876,True,592.38,1048576,1,
3878,True,591.43,1048576,1,
3879,True,593.61,1048576,1,
3888,True,649.59,1048576,1,
3885,True,660.02,1048576,1,
3887,True,652.21,1048576,1,
3886,True,662.52,1048576,1,
3882,True,673.96,1048576,1,
3884,True,672.69,1048576,1,
3881,True,681.46,1048576,1,
3883,True,680.08,1048576,1,
3893,True,605.79,1048576,1,
3895,True,601.91,1048576,1,
3896,True,601.62,1048576,1,
3894,True,608.88,1048576,1,
3890,True,621.89,1048576,1,
3889,True,628.73,1048576,1,
3891,True,627.00,1048576,1,
3892,True,626.53,1048576,1,
3900,True,582.75,1048576,1,
3899,True,587.86,1048576,1,
3898,True,591.92,1048576,1,
3902,True,580.48,1048576,1,
3897,True,597.06,1048576,1,
3901,True,588.93,1048576,1,
3903,True,583.63,1048576,1,
3904,True,584.23,1048576,1,
3905,True,580.46,1048576,1,
3909,True,576.48,1048576,1,
3906,True,583.83,1048576,1,
3912,True,574.79,1048576,1,
3908,True,584.53,1048576,1,
3907,True,588.18,1048576,1,
3910,True,584.34,1048576,1,
3911,True,585.60,1048576,1,
3917,True,626.85,1048576,1,
3914,True,635.00,1048576,1,
3915,True,636.99,1048576,1,
3920,True,629.01,1048576,1,
3919,True,633.12,1048576,1,
3918,True,636.30,1048576,1,
3916,True,641.87,1048576,1,
3913,True,651.40,1048576,1,
3923,True,816.60,1048576,1,
3921,True,825.72,1048576,1,
3928,True,813.91,1048576,1,
3924,True,822.42,1048576,1,
3927,True,817.64,1048576,1,
3922,True,834.30,1048576,1,
3926,True,826.35,1048576,1,
3925,True,834.04,1048576,1,
3934,True,594.35,1048576,1,
3930,True,606.21,1048576,1,
3931,True,605.46,1048576,1,
3935,True,600.04,1048576,1,
3936,True,595.88,1048576,1,
3932,True,612.28,1048576,1,
3929,True,621.65,1048576,1,
3933,True,613.69,1048576,1,
3939,True,557.08,1048576,1,
3937,True,564.02,1048576,1,
3942,True,553.74,1048576,1,
3943,True,553.74,1048576,1,
3941,True,561.34,1048576,1,
3944,True,556.24,1048576,1,
3938,True,573.35,1048576,1,
3940,True,571.57,1048576,1,
3948,True,1797.59,1048576,1,
3946,True,1803.71,1048576,1,
3952,True,1790.72,1048576,1,
3947,True,1805.26,1048576,1,
3951,True,1798.12,1048576,1,
3949,True,1804.92,1048576,1,
3945,True,1817.17,1048576,1,
3950,True,1809.34,1048576,1,
3954,True,605.09,1048576,1,
3953,True,608.59,1048576,1,
3956,True,604.68,1048576,1,
3959,True,601.93,1048576,1,
3960,True,599.03,1048576,1,
3957,True,611.20,1048576,1,
3955,True,617.67,1048576,1,
3958,True,614.61,1048576,1,
3961,True,548.94,1048576,1,
3964,True,544.68,1048576,1,
3968,True,537.30,1048576,1,
3962,True,554.80,1048576,1,
3966,True,546.24,1048576,1,
3967,True,545.85,1048576,1,
3965,True,553.03,1048576,1,
3963,True,560.35,1048576,1,
3975,True,596.68,1048576,1,
3970,True,608.62,1048576,1,
3974,True,602.18,1048576,1,
3969,True,616.55,1048576,1,
3972,True,611.45,1048576,1,
3973,True,611.47,1048576,1,
3971,True,619.31,1048576,1,
3976,True,616.45,1048576,1,
3983,True,587.95,1048576,1,
3984,True,583.59,1048576,1,
3977,True,606.65,1048576,1,
3979,True,605.58,1048576,1,
3980,True,598.59,1048576,1,
3982,True,601.80,1048576,1,
3978,True,613.21,1048576,1,
3981,True,608.47,1048576,1,
3988,True,581.44,1048576,1,
3991,True,577.98,1048576,1,
3989,True,583.68,1048576,1,
3987,True,589.64,1048576,1,
3990,True,585.79,1048576,1,
3992,True,583.24,1048576,1,
3985,True,600.36,1048576,1,
3986,True,600.12,1048576,1,
3997,True,567.79,1048576,1,
4000,True,563.28,1048576,1,
3994,True,576.94,1048576,1,
3993,True,580.34,1048576,1,
3998,True,572.04,1048576,1,
3999,True,570.95,1048576,1,
3995,True,580.98,1048576,1,
3996,True,581.02,1048576,1,
4005,True,627.98,1048576,1,
4002,True,635.22,1048576,1,
4006,True,631.16,1048576,1,
4007,True,632.71,1048576,1,
4001,True,644.03,1048576,1,
4004,True,642.30,1048576,1,
4003,True,645.57,1048576,1,
4008,True,643.29,1048576,1,
4011,True,636.78,1048576,1,
4009,True,645.10,1048576,1,
4010,True,644.18,1048576,1,
4012,True,641.24,1048576,1,
4014,True,638.55,1048576,1,
4015,True,639.15,1048576,1,
4013,True,645.54,1048576,1,
4016,True,638.97,1048576,1,
4020,True,586.79,1048576,1,
4024,True,578.42,1048576,1,
4017,True,597.68,1048576,1,
4018,True,596.46,1048576,1,
4022,True,591.15,1048576,1,
4023,True,590.84,1048576,1,
4019,True,599.80,1048576,1,
4021,True,598.04,1048576,1,
4026,True,600.90,1048576,1,
4025,True,604.53,1048576,1,
4030,True,596.22,1048576,1,
4029,True,599.14,1048576,1,
4027,True,606.29,1048576,1,
4031,True,600.08,1048576,1,
4032,True,598.64,1048576,1,
4028,True,609.53,1048576,1,
4037,True,648.59,1048576,1,
4034,True,657.89,1048576,1,
4040,True,648.87,1048576,1,
4038,True,655.91,1048576,1,
4035,True,662.68,1048576,1,
4036,True,663.15,1048576,1,
4033,True,675.00,1048576,1,
4039,True,669.73,1048576,1,
4041,True,1394.83,1048576,1,
4047,True,1378.13,1048576,1,
4043,True,1393.95,1048576,1,
4048,True,1378.15,1048576,1,
4045,True,1392.97,1048576,1,
4042,True,1402.45,1048576,1,
4044,True,1399.64,1048576,1,
4046,True,1398.09,1048576,1,
4056,True,572.95,1048576,1,
4052,True,583.84,1048576,1,
4050,True,589.81,1048576,1,
4049,True,594.72,1048576,1,
4055,True,583.35,1048576,1,
4054,True,587.20,1048576,1,
4051,True,599.54,1048576,1,
4053,True,597.74,1048576,1,
4064,True,601.49,1048576,1,
4062,True,610.44,1048576,1,
4061,True,614.41,1048576,1,
4060,True,618.70,1048576,1,
4057,True,625.63,1048576,1,
4063,True,611.64,1048576,1,
4059,True,626.49,1048576,1,
4058,True,630.15,1048576,1,
4068,True,600.84,1048576,1,
4071,True,597.12,1048576,1,
4065,True,609.84,1048576,1,
4069,True,605.38,1048576,1,
4066,True,612.25,1048576,1,
4067,True,612.28,1048576,1,
4072,True,607.31,1048576,1,
4070,True,616.37,1048576,1,
4074,True,581.94,1048576,1,
4077,True,577.93,1048576,1,
4075,True,583.20,1048576,1,
4076,True,583.27,1048576,1,
4073,True,590.51,1048576,1,
4078,True,584.07,1048576,1,
4080,True,577.02,1048576,1,
4079,True,585.22,1048576,1,
4085,True,668.27,1048576,1,
4087,True,667.82,1048576,1,
4083,True,678.38,1048576,1,
4088,True,667.81,1048576,1,
4081,True,687.94,1048576,1,
4084,True,686.12,1048576,1,
4086,True,685.35,1048576,1,
4082,True,695.48,1048576,1,
4089,True,617.97,1048576,1,
4091,True,615.96,1048576,1,
4094,True,608.17,1048576,1,
4092,True,617.96,1048576,1,
4096,True,604.19,1048576,1,
4090,True,626.76,1048576,1,
4093,True,621.13,1048576,1,
4095,True,617.99,1048576,1,
4097,True,633.66,1048576,1,
4100,True,629.32,1048576,1,
4098,True,635.83,1048576,1,
4104,True,622.62,1048576,1,
4102,True,631.61,1048576,1,
4101,True,636.23,1048576,1,
4099,True,641.59,1048576,1,
4103,True,635.16,1048576,1,
4105,True,624.16,1048576,1,
4110,True,613.36,1048576,1,
4112,True,610.96,1048576,1,
4111,True,615.33,1048576,1,
4109,True,621.01,1048576,1,
4108,True,625.04,1048576,1,
4106,True,633.05,1048576,1,
4107,True,635.22,1048576,1,
4118,True,544.39,1048576,1,
4117,True,548.03,1048576,1,
4113,True,557.41,1048576,1,
4120,True,541.21,1048576,1,
4115,True,556.76,1048576,1,
4119,True,548.99,1048576,1,
4116,True,559.35,1048576,1,
4114,True,567.78,1048576,1,
4122,True,605.40,1048576,1,
4126,True,603.23,1048576,1,
4128,True,597.23,1048576,1,
4125,True,608.98,1048576,1,
4123,True,615.21,1048576,1,
4121,True,621.12,1048576,1,
4124,True,618.23,1048576,1,
4127,True,617.37,1048576,1,
4131,True,573.23,1048576,1,
4132,True,573.71,1048576,1,
4133,True,573.74,1048576,1,
4136,True,566.57,1048576,1,
4129,True,589.89,1048576,1,
4134,True,578.30,1048576,1,
4130,True,591.26,1048576,1,
4135,True,581.15,1048576,1,
4144,True,583.02,1048576,1,
4143,True,586.91,1048576,1,
4138,True,601.91,1048576,1,
4139,True,601.08,1048576,1,
4140,True,601.23,1048576,1,
4137,True,611.52,1048576,1,
4141,True,604.28,1048576,1,
4142,True,604.21,1048576,1,
4148,True,642.22,1048576,1,
4145,True,650.23,1048576,1,
4147,True,648.72,1048576,1,
4150,True,643.79,1048576,1,
4149,True,648.32,1048576,1,
4146,True,657.62,1048576,1,
4152,True,645.17,1048576,1,
4151,True,648.38,1048576,1,
4155,True,701.28,1048576,1,
4158,True,696.45,1048576,1,
4159,True,690.16,1048576,1,
4157,True,705.84,1048576,1,
4156,True,709.84,1048576,1,
4160,True,704.03,1048576,1,
4154,True,717.77,1048576,1,
4153,True,722.72,1048576,1,
4167,True,914.29,1048576,1,
4163,True,925.78,1048576,1,
4164,True,922.97,1048576,1,
4166,True,922.08,1048576,1,
4161,True,937.01,1048576,1,
4168,True,923.75,1048576,1,
4162,True,942.91,1048576,1,
4165,True,939.26,1048576,1,
4174,True,796.35,1048576,1,
4172,True,805.01,1048576,1,
4171,True,809.68,1048576,1,
4176,True,793.76,1048576,1,
4173,True,808.87,1048576,1,
4175,True,805.54,1048576,1,
4170,True,824.21,1048576,1,
4169,True,827.85,1048576,1,
4184,True,952.85,1048576,1,
4178,True,971.50,1048576,1,
4183,True,959.35,1048576,1,
4181,True,968.71,1048576,1,
4177,True,981.85,1048576,1,
4180,True,979.70,1048576,1,
4182,True,975.88,1048576,1,
4179,True,990.76,1048576,1,
4185,True,623.35,1048576,1,
4187,True,621.46,1048576,1,
4190,True,614.52,1048576,1,
4192,True,608.17,1048576,1,
4186,True,631.35,1048576,1,
4188,True,627.65,1048576,1,
4189,True,627.50,1048576,1,
4191,True,626.61,1048576,1,
4196,True,784.98,1048576,1,
4193,True,796.02,1048576,1,
4199,True,784.42,1048576,1,
4198,True,792.00,1048576,1,
4195,True,800.83,1048576,1,
4200,True,788.48,1048576,1,
4197,True,803.03,1048576,1,
4194,True,813.18,1048576,1,
4201,True,719.42,1048576,1,
4204,True,710.20,1048576,1,
4203,True,718.72,1048576,1,
4206,True,710.57,1048576,1,
4208,True,706.47,1048576,1,
4205,True,719.02,1048576,1,
4207,True,715.91,1048576,1,
4202,True,738.24,1048576,1,
4210,True,659.55,1048576,1,
4216,True,641.19,1048576,1,
4213,True,655.31,1048576,1,
4214,True,655.24,1048576,1,
4212,True,662.48,1048576,1,
4209,True,671.73,1048576,1,
4215,True,656.48,1048576,1,
4211,True,671.74,1048576,1,
4224,True,671.15,1048576,1,
4219,True,684.96,1048576,1,
4223,True,680.64,1048576,1,
4222,True,684.58,1048576,1,
4217,True,699.13,1048576,1,
4221,True,692.37,1048576,1,
4220,True,696.64,1048576,1,
4218,True,705.92,1048576,1,
4232,True,629.98,1048576,1,
4228,True,644.45,1048576,1,
4231,True,637.65,1048576,1,
4225,True,656.97,1048576,1,
4227,True,653.80,1048576,1,
4230,True,647.35,1048576,1,
4229,True,655.19,1048576,1,
4226,True,668.39,1048576,1,
4233,True,561.61,1048576,1,
4234,True,564.40,1048576,1,
4235,True,564.72,1048576,1,
4236,True,564.69,1048576,1,
4238,True,561.74,1048576,1,
4237,True,567.41,1048576,1,
4239,True,561.34,1048576,1,
4240,True,561.21,1048576,1,
4242,True,581.10,1048576,1,
4243,True,580.63,1048576,1,
4241,True,589.10,1048576,1,
4246,True,576.47,1048576,1,
4245,True,582.46,1048576,1,
4247,True,578.70,1048576,1,
4248,True,577.28,1048576,1,
4244,True,589.55,1048576,1,
4252,True,590.29,1048576,1,
4255,True,586.85,1048576,1,
4256,True,587.70,1048576,1,
4249,True,603.13,1048576,1,
4253,True,598.16,1048576,1,
4250,True,607.21,1048576,1,
4254,True,601.45,1048576,1,
4251,True,610.69,1048576,1,
4262,True,746.38,1048576,1,
4258,True,760.44,1048576,1,
4257,True,765.64,1048576,1,
4263,True,753.39,1048576,1,
4264,True,754.08,1048576,1,
4261,True,764.92,1048576,1,
4259,True,773.00,1048576,1,
4260,True,773.93,1048576,1,
4269,True,732.54,1048576,1,
4272,True,731.53,1048576,1,
4271,True,738.76,1048576,1,
4266,True,756.46,1048576,1,
4265,True,762.89,1048576,1,
4268,True,756.93,1048576,1,
4267,True,764.35,1048576,1,
4270,True,761.08,1048576,1,
4277,True,931.91,1048576,1,
4274,True,943.53,1048576,1,
4280,True,922.10,1048576,1,
4273,True,955.42,1048576,1,
4279,True,932.71,1048576,1,
4278,True,942.15,1048576,1,
4276,True,951.60,1048576,1,
4275,True,956.48,1048576,1,
4287,True,724.71,1048576,1,
4286,True,730.38,1048576,1,
4281,True,745.55,1048576,1,
4284,True,741.53,1048576,1,
4288,True,732.48,1048576,1,
4283,True,748.80,1048576,1,
4285,True,747.61,1048576,1,
4282,True,757.42,1048576,1,
4294,True,704.98,1048576,1,
4290,True,716.81,1048576,1,
4296,True,703.38,1048576,1,
4289,True,723.83,1048576,1,
4295,True,711.12,1048576,1,
4291,True,723.47,1048576,1,
4292,True,722.52,1048576,1,
4293,True,727.28,1048576,1,
4298,True,752.03,1048576,1,
4304,True,735.93,1048576,1,
4299,True,753.80,1048576,1,
4303,True,748.38,1048576,1,
4300,True,756.39,1048576,1,
4302,True,753.92,1048576,1,
4301,True,757.46,1048576,1,
4297,True,769.72,1048576,1,
4308,True,862.16,1048576,1,
4311,True,858.28,1048576,1,
4312,True,857.30,1048576,1,
4306,True,873.31,1048576,1,
4305,True,878.30,1048576,1,
4309,True,871.41,1048576,1,
4310,True,873.56,1048576,1,
4307,True,887.03,1048576,1,
4318,True,735.31,1048576,1,
4317,True,740.20,1048576,1,
4314,True,750.55,1048576,1,
4316,True,747.66,1048576,1,
4320,True,733.67,1048576,1,
4313,True,758.84,1048576,1,
4315,True,759.01,1048576,1,
4319,True,749.99,1048576,1,
4322,True,717.22,1048576,1,
4325,True,713.75,1048576,1,
4323,True,719.72,1048576,1,
4324,True,721.70,1048576,1,
4326,True,719.94,1048576,1,
4321,True,732.80,1048576,1,
4328,True,718.45,1048576,1,
4327,True,727.20,1048576,1,
4329,True,776.01,1048576,1,
4334,True,765.95,1048576,1,
4331,True,775.37,1048576,1,
4336,True,759.65,1048576,1,
4335,True,769.67,1048576,1,
4332,True,779.34,1048576,1,
4333,True,781.35,1048576,1,
4330,True,792.64,1048576,1,
4337,True,666.69,1048576,1,
4339,True,667.60,1048576,1,
4341,True,665.63,1048576,1,
4343,True,661.52,1048576,1,
4344,True,662.88,1048576,1,
4342,True,673.42,1048576,1,
4338,True,687.77,1048576,1,
4340,True,688.81,1048576,1,
4345,True,688.32,1048576,1,
4348,True,680.91,1048576,1,
4346,True,687.97,1048576,1,
4347,True,687.71,1048576,1,
4351,True,675.05,1048576,1,
4349,True,685.27,1048576,1,
4350,True,684.58,1048576,1,
4352,True,677.23,1048576,1,
4357,True,690.97,1048576,1,
4359,True,688.61,1048576,1,
4358,True,693.76,1048576,1,
4356,True,701.05,1048576,1,
4360,True,693.10,1048576,1,
4355,True,707.85,1048576,1,
4354,True,712.19,1048576,1,
4353,True,718.01,1048576,1,
4364,True,692.11,1048576,1,
4362,True,699.75,1048576,1,
4365,True,693.74,1048576,1,
4366,True,694.29,1048576,1,
4363,True,703.57,1048576,1,
4368,True,693.86,1048576,1,
4361,True,712.80,1048576,1,
4367,True,703.41,1048576,1,
4374,True,637.10,1048576,1,
4375,True,637.26,1048576,1,
4372,True,645.53,1048576,1,
4370,True,652.41,1048576,1,
4369,True,656.83,1048576,1,
4376,True,642.61,1048576,1,
4371,True,659.60,1048576,1,
4373,True,657.93,1048576,1,
4381,True,686.43,1048576,1,
4378,True,696.50,1048576,1,
4384,True,683.91,1048576,1,
4380,True,698.14,1048576,1,
4377,True,706.95,1048576,1,
4383,True,693.49,1048576,1,
4382,True,699.56,1048576,1,
4379,True,713.44,1048576,1,
4388,True,693.28,1048576,1,
4385,True,707.43,1048576,1,
4387,True,702.51,1048576,1,
4391,True,695.24,1048576,1,
4392,True,692.86,1048576,1,
4386,True,715.19,1048576,1,
4389,True,710.95,1048576,1,
4390,True,715.12,1048576,1,
4393,True,657.20,1048576,1,
4396,True,653.33,1048576,1,
4399,True,645.54,1048576,1,
4395,True,662.61,1048576,1,
4397,True,659.48,1048576,1,
4394,True,670.93,1048576,1,
4400,True,653.88,1048576,1,
4398,True,670.30,1048576,1,
4401,True,688.11,1048576,1,
4405,True,675.28,1048576,1,
4406,True,675.07,1048576,1,
4407,True,673.90,1048576,1,
4402,True,694.06,1048576,1,
4408,True,673.86,1048576,1,
4403,True,696.57,1048576,1,
4404,True,696.70,1048576,1,
4411,True,636.57,1048576,1,
4416,True,623.14,1048576,1,
4414,True,631.32,1048576,1,
4413,True,637.21,1048576,1,
4415,True,633.65,1048576,1,
4409,True,654.37,1048576,1,
4412,True,647.12,1048576,1,
4410,True,655.69,1048576,1,
4423,True,699.96,1048576,1,
4421,True,708.51,1048576,1,
4417,True,721.94,1048576,1,
4420,True,720.68,1048576,1,
4422,True,719.49,1048576,1,
4424,True,718.78,1048576,1,
4418,True,739.25,1048576,1,
4419,True,740.98,1048576,1,
4427,True,715.77,1048576,1,
4430,True,705.72,1048576,1,
4428,True,715.84,1048576,1,
4432,True,700.67,1048576,1,
4426,True,731.73,1048576,1,
4425,True,736.70,1048576,1,
4431,True,712.07,1048576,1,
4429,True,723.93,1048576,1,
4433,True,684.81,1048576,1,
4437,True,678.67,1048576,1,
4434,True,688.69,1048576,1,
4438,True,681.26,1048576,1,
4439,True,681.48,1048576,1,
4436,True,692.32,1048576,1,
4435,True,696.83,1048576,1,
4440,True,690.62,1048576,1,
4441,True,716.72,1048576,1,
4447,True,702.88,1048576,1,
4445,True,714.16,1048576,1,
4448,True,704.60,1048576,1,
4444,True,721.21,1048576,1,
4443,True,726.67,1048576,1,
4446,True,722.53,1048576,1,
4442,True,737.66,1048576,1,
4449,True,686.89,1048576,1,
4454,True,673.95,1048576,1,
4455,True,672.60,1048576,1,
4456,True,670.74,1048576,1,
4453,True,684.59,1048576,1,
4451,True,691.84,1048576,1,
4450,True,701.00,1048576,1,
4452,True,694.90,1048576,1,
4459,True,620.33,1048576,1,
4462,True,617.07,1048576,1,
4463,True,616.06,1048576,1,
4461,True,624.28,1048576,1,
4464,True,618.91,1048576,1,
4460,True,631.30,1048576,1,
4457,True,645.11,1048576,1,
4458,True,644.58,1048576,1,
4465,True,621.27,1048576,1,
4467,True,617.88,1048576,1,
4469,True,616.38,1048576,1,
4466,True,625.78,1048576,1,
4470,True,618.61,1048576,1,
4468,True,626.07,1048576,1,
4471,True,619.26,1048576,1,
4472,True,621.29,1048576,1,
4476,True,642.13,1048576,1,
4480,True,631.25,1048576,1,
4475,True,649.14,1048576,1,
4477,True,647.11,1048576,1,
4474,True,657.46,1048576,1,
4479,True,647.13,1048576,1,
4478,True,652.57,1048576,1,
4473,True,670.18,1048576,1,
4487,True,632.20,1048576,1,
4484,True,642.86,1048576,1,
4483,True,647.24,1048576,1,
4488,True,635.07,1048576,1,
4485,True,647.02,1048576,1,
4486,True,646.02,1048576,1,
4482,True,659.34,1048576,1,
4481,True,663.30,1048576,1,
4495,True,591.27,1048576,1,
4493,True,598.71,1048576,1,
4490,True,607.64,1048576,1,
4489,True,611.87,1048576,1,
4494,True,605.63,1048576,1,
4496,True,602.97,1048576,1,
4492,True,615.57,1048576,1,
4491,True,619.71,1048576,1,
4497,True,654.82,1048576,1,
4500,True,651.38,1048576,1,
4498,True,659.19,1048576,1,
4499,True,660.34,1048576,1,
4502,True,653.84,1048576,1,
4504,True,650.83,1048576,1,
4503,True,655.95,1048576,1,
4501,True,664.05,1048576,1,
4511,True,586.22,1048576,1,
4506,True,605.34,1048576,1,
4505,True,611.17,1048576,1,
4508,True,603.02,1048576,1,
4509,True,603.41,1048576,1,
4507,True,612.03,1048576,1,
4510,True,606.65,1048576,1,
4512,True,604.76,1048576,1,
4513,True,753.11,1048576,1,
4516,True,747.95,1048576,1,
4520,True,739.02,1048576,1,
4517,True,750.26,1048576,1,
4519,True,747.60,1048576,1,
4518,True,753.12,1048576,1,
4515,True,763.29,1048576,1,
4514,True,769.06,1048576,1,
4521,True,705.10,1048576,1,
4527,True,690.21,1048576,1,
4524,True,700.04,1048576,1,
4528,True,692.31,1048576,1,
4523,True,709.64,1048576,1,
4525,True,707.32,1048576,1,
4522,True,718.58,1048576,1,
4526,True,713.10,1048576,1,
4529,True,704.39,1048576,1,
4531,True,702.23,1048576,1,
4533,True,698.22,1048576,1,
4536,True,689.63,1048576,1,
4534,True,700.45,1048576,1,
4535,True,701.57,1048576,1,
4530,True,719.90,1048576,1,
4532,True,719.08,1048576,1,
4537,True,713.87,1048576,1,
4538,True,714.93,1048576,1,
4544,True,697.50,1048576,1,
4543,True,704.94,1048576,1,
4542,True,710.84,1048576,1,
4540,True,722.33,1048576,1,
4539,True,728.43,1048576,1,
4541,True,726.87,1048576,1,
4545,True,690.19,1048576,1,
4546,True,690.83,1048576,1,
4548,True,687.72,1048576,1,
4550,True,682.83,1048576,1,
4549,True,689.67,1048576,1,
4551,True,684.19,1048576,1,
4552,True,683.23,1048576,1,
4547,True,703.19,1048576,1,
4553,True,701.91,1048576,1,
4554,True,702.72,1048576,1,
4559,True,693.47,1048576,1,
4560,True,692.79,1048576,1,
4556,True,705.90,1048576,1,
4558,True,704.31,1048576,1,
4555,True,715.57,1048576,1,
4557,True,719.82,1048576,1,
4561,True,693.74,1048576,1,
4562,True,695.05,1048576,1,
4563,True,694.52,1048576,1,
4565,True,691.48,1048576,1,
4566,True,690.73,1048576,1,
4567,True,690.95,1048576,1,
4564,True,702.94,1048576,1,
4568,True,688.06,1048576,1,
4571,True,744.09,1048576,1,
4569,True,755.69,1048576,1,
4574,True,740.69,1048576,1,
4573,True,746.19,1048576,1,
4575,True,745.67,1048576,1,
4576,True,743.22,1048576,1,
4572,True,758.84,1048576,1,
4570,True,771.71,1048576,1,
4578,True,768.70,1048576,1,
4583,True,756.82,1048576,1,
4580,True,768.91,1048576,1,
4577,True,778.68,1048576,1,
4584,True,756.11,1048576,1,
4582,True,770.15,1048576,1,
4581,True,774.12,1048576,1,
4579,True,785.97,1048576,1,
4589,True,669.96,1048576,1,
4586,True,680.20,1048576,1,
4588,True,678.58,1048576,1,
4592,True,668.25,1048576,1,
4591,True,675.85,1048576,1,
4590,True,684.02,1048576,1,
4585,True,698.33,1048576,1,
4587,True,695.77,1048576,1,
4593,True,646.53,1048576,1,
4594,True,647.05,1048576,1,
4595,True,647.26,1048576,1,
4599,True,636.56,1048576,1,
4597,True,647.25,1048576,1,
4600,True,639.44,1048576,1,
4596,True,655.67,1048576,1,
4598,True,649.76,1048576,1,
4601,True,616.40,1048576,1,
4602,True,617.54,1048576,1,
4608,True,603.75,1048576,1,
4607,True,608.23,1048576,1,
4605,True,616.31,1048576,1,
4606,True,616.51,1048576,1,
4604,True,625.36,1048576,1,
4603,True,632.79,1048576,1,
4609,True,671.66,1048576,1,
4615,True,657.62,1048576,1,
4611,True,672.33,1048576,1,
4616,True,658.82,1048576,1,
4613,True,674.39,1048576,1,
4610,True,683.71,1048576,1,
4612,True,684.38,1048576,1,
4614,True,681.54,1048576,1,
4620,True,704.52,1048576,1,
4618,True,714.63,1048576,1,
4617,True,721.52,1048576,1,
4622,True,709.62,1048576,1,
4624,True,705.24,1048576,1,
4623,True,710.76,1048576,1,
4621,True,722.01,1048576,1,
4619,True,731.47,1048576,1,
4626,True,692.99,1048576,1,
4627,True,692.65,1048576,1,
4630,True,684.83,1048576,1,
4631,True,685.23,1048576,1,
4625,True,710.44,1048576,1,
4629,True,699.87,1048576,1,
4632,True,694.19,1048576,1,
4628,True,710.41,1048576,1,
4633,True,747.32,1048576,1,
4634,True,746.12,1048576,1,
4635,True,747.48,1048576,1,
4637,True,741.19,1048576,1,
4636,True,748.11,1048576,1,
4639,True,742.37,1048576,1,
4638,True,752.64,1048576,1,
4640,True,747.63,1048576,1,
4642,True,693.92,1048576,1,
4641,True,698.24,1048576,1,
4644,True,692.00,1048576,1,
4645,True,688.28,1048576,1,
4648,True,680.07,1048576,1,
4643,True,701.92,1048576,1,
4647,True,687.94,1048576,1,
4646,True,696.02,1048576,1,
4653,True,687.65,1048576,1,
4650,True,697.89,1048576,1,
4651,True,697.50,1048576,1,
4655,True,688.66,1048576,1,
4649,True,706.83,1048576,1,
4652,True,701.12,1048576,1,
4654,True,699.28,1048576,1,
4656,True,695.92,1048576,1,
4660,True,665.36,1048576,1,
4661,True,665.46,1048576,1,
4663,True,663.26,1048576,1,
4657,True,679.05,1048576,1,
4664,True,666.53,1048576,1,
4659,True,679.43,1048576,1,
4662,True,674.93,1048576,1,
4658,True,688.03,1048576,1,
4666,True,698.81,1048576,1,
4672,True,685.81,1048576,1,
4671,True,693.35,1048576,1,
4670,True,698.78,1048576,1,
4668,True,706.20,1048576,1,
4667,True,710.78,1048576,1,
4669,True,708.17,1048576,1,
4665,True,721.14,1048576,1,
4674,True,625.95,1048576,1,
4673,True,633.27,1048576,1,
4680,True,616.35,1048576,1,
4675,True,633.06,1048576,1,
4678,True,627.28,1048576,1,
4679,True,629.54,1048576,1,
4676,True,639.51,1048576,1,
4677,True,642.01,1048576,1,
4687,True,734.61,1048576,1,
4681,True,758.34,1048576,1,
4686,True,743.13,1048576,1,
4683,True,755.75,1048576,1,
4688,True,740.36,1048576,1,
4685,True,756.20,1048576,1,
4684,True,761.97,1048576,1,
4682,True,770.09,1048576,1,
4689,True,748.70,1048576,1,
4693,True,743.70,1048576,1,
4696,True,736.81,1048576,1,
4692,True,751.69,1048576,1,
4690,True,760.14,1048576,1,
4694,True,754.08,1048576,1,
4695,True,756.13,1048576,1,
4691,True,771.21,1048576,1,
4697,True,719.78,1048576,1,
4702,True,703.22,1048576,1,
4701,True,710.97,1048576,1,
4698,True,722.34,1048576,1,
4703,True,706.40,1048576,1,
4699,True,724.66,1048576,1,
4704,True,711.20,1048576,1,
4700,True,732.94,1048576,1,
4711,True,853.80,1048576,1,
4706,True,876.10,1048576,1,
4712,True,857.44,1048576,1,
4709,True,874.50,1048576,1,
4708,True,881.09,1048576,1,
4710,True,882.23,1048576,1,
4707,True,892.07,1048576,1,
4705,True,906.54,1048576,1,
4713,True,732.26,1048576,1,
4715,True,727.04,1048576,1,
4716,True,726.04,1048576,1,
4714,True,734.19,1048576,1,
4719,True,717.20,1048576,1,
4717,True,728.58,1048576,1,
4720,True,714.45,1048576,1,
4718,True,729.01,1048576,1,
4726,True,742.16,1048576,1,
4728,True,738.76,1048576,1,
4722,True,756.92,1048576,1,
4724,True,754.91,1048576,1,
4723,True,760.08,1048576,1,
4721,True,766.58,1048576,1,
4725,True,762.43,1048576,1,
4727,True,759.35,1048576,1,
4736,True,733.34,1048576,1,
4730,True,753.63,1048576,1,
4733,True,748.22,1048576,1,
4729,True,762.54,1048576,1,
4732,True,756.91,1048576,1,
4731,True,761.37,1048576,1,
4735,True,751.43,1048576,1,
4734,True,761.62,1048576,1,
4739,True,748.23,1048576,1,
4740,True,746.88,1048576,1,
4741,True,746.82,1048576,1,
4743,True,745.31,1048576,1,
4737,True,763.80,1048576,1,
4742,True,752.92,1048576,1,
4744,True,748.81,1048576,1,
4738,True,770.04,1048576,1,
4748,True,732.49,1048576,1,
4749,True,732.12,1048576,1,
4751,True,728.38,1048576,1,
4745,True,746.72,1048576,1,
4750,True,738.12,1048576,1,
4747,True,748.63,1048576,1,
4746,True,754.40,1048576,1,
4752,True,739.03,1048576,1,
4754,True,734.12,1048576,1,
4753,True,739.16,1048576,1,
4755,True,736.63,1048576,1,
4757,True,732.92,1048576,1,
4756,True,738.09,1048576,1,
4760,True,731.45,1048576,1,
4758,True,741.05,1048576,1,
4759,True,740.74,1048576,1,
4761,True,717.00,1048576,1,
4763,True,715.97,1048576,1,
4767,True,707.23,1048576,1,
4766,True,716.05,1048576,1,
4762,True,729.93,1048576,1,
4768,True,715.71,1048576,1,
4765,True,731.25,1048576,1,
4764,True,735.59,1048576,1,
4770,True,726.46,1048576,1,
4771,True,724.47,1048576,1,
4776,True,709.57,1048576,1,
4769,True,737.44,1048576,1,
4775,True,716.79,1048576,1,
4772,True,731.45,1048576,1,
4774,True,727.76,1048576,1,
4773,True,741.23,1048576,1,
4783,True,711.75,1048576,1,
4777,True,733.54,1048576,1,
4781,True,726.70,1048576,1,
4780,True,732.44,1048576,1,
4782,True,729.48,1048576,1,
4778,True,742.99,1048576,1,
4784,True,721.18,1048576,1,
4779,True,747.82,1048576,1,
4790,True,762.36,1048576,1,
4789,True,766.53,1048576,1,
4791,True,764.18,1048576,1,
4792,True,762.34,1048576,1,
4788,True,777.92,1048576,1,
4786,True,787.30,1048576,1,
4787,True,786.67,1048576,1,
4785,True,796.97,1048576,1,
4793,True,700.39,1048576,1,
4797,True,696.67,1048576,1,
4798,True,702.69,1048576,1,
4796,True,713.11,1048576,1,
4800,True,705.41,1048576,1,
4794,True,725.56,1048576,1,
4795,True,725.87,1048576,1,
4799,True,717.83,1048576,1,
4802,True,758.92,1048576,1,
4801,True,768.68,1048576,1,
4806,True,745.84,1048576,1,
4805,True,752.17,1048576,1,
4803,True,762.07,1048576,1,
4808,True,748.61,1048576,1,
4807,True,755.59,1048576,1,
4804,True,768.08,1048576,1,
4810,True,738.46,1048576,1,
4814,True,729.29,1048576,1,
4809,True,749.37,1048576,1,
4813,True,739.37,1048576,1,
4811,True,746.77,1048576,1,
4812,True,749.38,1048576,1,
4816,True,738.96,1048576,1,
4815,True,746.38,1048576,1,
4823,True,716.73,1048576,1,
4819,True,732.90,1048576,1,
4818,True,738.03,1048576,1,
4824,True,721.20,1048576,1,
4820,True,739.08,1048576,1,
4822,True,733.79,1048576,1,
4817,True,753.26,1048576,1,
4821,True,744.16,1048576,1,
4826,True,730.46,1048576,1,
4832,True,715.84,1048576,1,
4830,True,723.92,1048576,1,
4827,True,735.60,1048576,1,
4831,True,726.91,1048576,1,
4828,True,738.19,1048576,1,
4829,True,738.90,1048576,1,
4825,True,751.94,1048576,1,
4838,True,767.08,1048576,1,
4837,True,773.03,1048576,1,
4833,True,784.71,1048576,1,
4836,True,779.77,1048576,1,
4835,True,785.28,1048576,1,
4834,True,790.71,1048576,1,
4839,True,780.11,1048576,1,
4840,True,782.21,1048576,1,
4841,True,731.90,1048576,1,
4846,True,722.32,1048576,1,
4843,True,733.24,1048576,1,
4845,True,731.21,1048576,1,
4848,True,722.63,1048576,1,
4842,True,743.96,1048576,1,
4844,True,741.78,1048576,1,
4847,True,736.03,1048576,1,
4851,True,770.62,1048576,1,
4855,True,761.91,1048576,1,
4849,True,781.01,1048576,1,
4856,True,764.15,1048576,1,
4852,True,778.81,1048576,1,
4850,True,787.95,1048576,1,
4854,True,779.88,1048576,1,
4853,True,784.75,1048576,1,
4857,True,689.96,1048576,1,
4862,True,679.71,1048576,1,
4858,True,694.99,1048576,1,
4860,True,691.81,1048576,1,
4864,True,682.45,1048576,1,
4859,True,701.39,1048576,1,
4861,True,698.13,1048576,1,
4863,True,697.24,1048576,1,
4872,True,778.63,1048576,1,
4867,True,798.62,1048576,1,
4865,True,808.80,1048576,1,
4870,True,795.39,1048576,1,
4866,True,810.23,1048576,1,
4869,True,805.90,1048576,1,
4868,True,813.84,1048576,1,
4871,True,808.78,1048576,1,
4873,True,737.21,1048576,1,
4874,True,737.73,1048576,1,
4877,True,732.17,1048576,1,
4878,True,732.45,1048576,1,
4875,True,745.99,1048576,1,
4879,True,732.52,1048576,1,
4880,True,735.89,1048576,1,
4876,True,755.64,1048576,1,
4883,True,726.72,1048576,1,
4885,True,721.29,1048576,1,
4888,True,710.05,1048576,1,
4881,True,739.27,1048576,1,
4887,True,717.53,1048576,1,
4882,True,740.53,1048576,1,
4886,True,729.66,1048576,1,
4884,True,739.37,1048576,1,
4891,True,767.42,1048576,1,
4894,True,763.81,1048576,1,
4896,True,759.00,1048576,1,
4893,True,770.61,1048576,1,
4889,True,780.99,1048576,1,
4892,True,777.42,1048576,1,
4890,True,784.17,1048576,1,
4895,True,775.16,1048576,1,
4898,True,780.55,1048576,1,
4901,True,775.62,1048576,1,
4902,True,775.13,1048576,1,
4897,True,790.33,1048576,1,
4900,True,787.03,1048576,1,
4904,True,779.24,1048576,1,
4899,True,793.47,1048576,1,
4903,True,788.72,1048576,1,
4906,True,741.68,1048576,1,
4908,True,740.84,1048576,1,
4909,True,740.37,1048576,1,
4905,True,753.47,1048576,1,
4907,True,752.62,1048576,1,
4912,True,738.80,1048576,1,
4911,True,749.56,1048576,1,
4910,True,755.06,1048576,1,
4917,True,694.99,1048576,1,
4918,True,695.31,1048576,1,
4913,True,713.13,1048576,1,
4915,True,707.61,1048576,1,
4919,True,697.08,1048576,1,
4916,True,710.23,1048576,1,
4920,True,697.38,1048576,1,
4914,True,719.64,1048576,1,
4923,True,718.43,1048576,1,
4928,True,709.38,1048576,1,
4924,True,722.90,1048576,1,
4927,True,723.28,1048576,1,
4926,True,727.13,1048576,1,
4921,True,742.22,1048576,1,
4925,True,737.56,1048576,1,
4922,True,747.64,1048576,1,
4933,True,802.12,1048576,1,
4932,True,806.54,1048576,1,
4929,True,821.82,1048576,1,
4936,True,796.93,1048576,1,
4935,True,801.50,1048576,1,
4931,True,821.27,1048576,1,
4934,True,811.42,1048576,1,
4930,True,831.19,1048576,1,
4938,True,755.00,1048576,1,
4942,True,749.20,1048576,1,
4941,True,753.60,1048576,1,
4939,True,759.95,1048576,1,
4937,True,766.15,1048576,1,
4940,True,762.62,1048576,1,
4944,True,754.35,1048576,1,
4943,True,761.67,1048576,1,
4947,True,741.63,1048576,1,
4951,True,734.48,1048576,1,
4946,True,747.18,1048576,1,
4945,True,752.67,1048576,1,
4950,True,743.43,1048576,1,
4949,True,751.11,1048576,1,
4952,True,744.60,1048576,1,
4948,True,757.76,1048576,1,
4954,True,736.14,1048576,1,
4956,True,733.67,1048576,1,
4958,True,729.08,1048576,1,
4957,True,737.33,1048576,1,
4960,True,729.82,1048576,1,
4953,True,751.69,1048576,1,
4959,True,739.36,1048576,1,
4955,True,754.52,1048576,1,
4962,True,737.24,1048576,1,
4965,True,731.62,1048576,1,
4963,True,739.72,1048576,1,
4966,True,732.18,1048576,1,
4961,True,749.50,1048576,1,
4964,True,744.27,1048576,1,
4967,True,736.50,1048576,1,
4968,True,736.81,1048576,1,
4970,True,740.59,1048576,1,
4971,True,741.14,1048576,1,
4974,True,736.21,1048576,1,
4975,True,737.03,1048576,1,
4972,True,750.98,1048576,1,
4973,True,751.54,1048576,1,
4976,True,746.67,1048576,1,
4969,True,769.14,1048576,1,
4981,True,798.28,1048576,1,
4982,True,797.25,1048576,1,
4980,True,808.90,1048576,1,
4977,True,820.43,1048576,1,
4979,True,816.52,1048576,1,
4984,True,798.92,1048576,1,
4978,True,826.18,1048576,1,
4983,True,809.85,1048576,1,
4989,True,701.18,1048576,1,
4985,True,715.38,1048576,1,
4986,True,715.20,1048576,1,
4990,True,708.21,1048576,1,
4987,True,717.42,1048576,1,
4988,True,717.21,1048576,1,
4992,True,709.72,1048576,1,
4991,True,717.45,1048576,1,
5000,True,679.79,1048576,1,
4996,True,695.44,1048576,1,
4997,True,694.36,1048576,1,
4998,True,693.04,1048576,1,
4999,True,691.53,1048576,1,
4993,True,709.96,1048576,1,
4994,True,707.34,1048576,1,
4995,True,706.08,1048576,1,
